GEOID,Latitude,Longitude,block_pop,area_km2,pop_density
171978833052,41.44202855674323,-88.20297556650101,,4.216702564863194,
171978814022,41.54252252482028,-88.10468473480246,,0.5794147413828369,
171978814023,41.54907325728638,-88.11238272152337,,1.0083287809356734,
171978814011,41.547043889287465,-88.08546633984962,,1.653320744753113,
171978806023,41.58552543247173,-88.05469242252109,,0.9891708993726517,
171978813012,41.541721890667084,-88.06910581269706,,1.6051982135949117,
171978839031,41.33999124141548,-87.72761400152311,,166.56041127534715,
170318433001,41.86376404026212,-87.69255033740328,1228.0,1.054193983967968,1164.8709997166075
170318387004,41.86066446944996,-87.71708376724237,786.0,0.20848552411138171,3770.0459221335955
170318431002,41.85692121176369,-87.7007877024235,662.0,0.6342326025843065,1043.7810943533173
170314008001,41.782930033414246,-87.61811523989452,915.0,0.4403938690482468,2077.6855998868555
170314008002,41.78279774368673,-87.62296202359866,1786.0,0.44749163522383284,3991.136055775998
170318363001,41.80146139574371,-87.60400906643251,517.0,0.13591812192996283,3803.760621901505
170314105001,41.79793200916088,-87.60257930957367,1272.0,0.25388731581056356,5010.096687733289
170314105002,41.79771414749679,-87.60508618463894,1285.0,0.21970696419790944,5848.699446971044
170314106002,41.796499295140485,-87.59890936873349,1014.0,0.2263953972294762,4478.889643556673
170314107001,41.798049408515205,-87.59419955533633,2154.0,0.46803694540392254,4602.20079024118
170314108001,41.79952878778912,-87.5895529882373,1007.0,0.21732704647905185,4633.569619219321
170314108002,41.79649323150974,-87.58969205294429,1655.0,0.231976771097996,7134.335011934724
170318381001,41.87519977159536,-87.67160857754786,914.0,0.3508060942147437,2605.427941740661
170313301024,41.86243282556606,-87.62128188604513,,0.1887718389921368,
170318331004,41.879626849288265,-87.64924333687223,,0.29930418411317306,
170313806004,41.820098966518415,-87.62779424781947,,0.34497606616596155,
170314608004,41.73563268348433,-87.55951425692807,,0.4683710667090644,
170318446001,41.81338536188952,-87.62544367596455,,0.7830752449761257,
170313301033,41.85422807197226,-87.62308774775569,,0.3408404662669143,
170313301012,41.86569354705911,-87.62149877072984,,0.1244817438555532,
170313301021,41.86577707069595,-87.62612859487655,,0.13463093589554384,
170313301032,41.85765541898878,-87.62189751698943,,0.30983281066000906,
170313301022,41.86581937060318,-87.62378876262228,,0.13222704898755053,
170313806001,41.82200384938981,-87.61912017001154,,0.2918963066895882,
170314608001,41.73463451415145,-87.55206556318926,,0.20957232982172608,
170314608003,41.73562260546327,-87.54583405949872,,0.3408688373167502,
170318051055,42.064469926031066,-88.01067183292008,,0.5769111321552955,
171978838111,41.45271443572201,-87.6186599534518,,7.360469045640787,
170190054021,40.13883016181076,-88.20081747068052,,2.4772473953922556,
170190012013,40.10652843836371,-88.28573658481315,,1.2846242623089013,
170190012052,40.0827315087602,-88.3288173719779,,36.80884074673084,
170190003023,40.11471203041728,-88.23365504198783,,0.17373923884276757,
170190102045,40.30133037396144,-88.1740577095354,,10.72009315542875,
170314905001,41.717848591783806,-87.61014410572751,1054.0,1.7214138673463133,612.2873877069544
170314907001,41.7125863746702,-87.62602493886524,940.0,0.2892287208074901,3250.023017685237
170315607001,41.794158437017416,-87.7572231952947,1344.0,0.434402955662287,3093.901600993827
170315608001,41.79635827402663,-87.7648554582003,1180.0,0.5945995050847466,1984.5290652097297
170315608002,41.79626215438021,-87.76973128847878,1492.0,0.5964915184352203,2501.292900046546
170315608004,41.79586620818859,-87.77689073240357,785.0,0.3220838606047459,2437.253448608325
170315608005,41.79603191044827,-87.78009152993054,1098.0,0.4463115646634553,2460.164797271062
170315609003,41.79586901358378,-87.78984650738298,892.0,0.4476464994314067,1992.6437515606708
170315609004,41.79578981156153,-87.79350753972493,1029.0,0.44668385512935965,2303.642695351059
170315609005,41.79738671672422,-87.79837455082834,655.0,0.3361755237026267,1948.386940208646
170315609006,41.79390978121611,-87.79845057483256,815.0,0.39811020808857694,2047.1718218756846
170315610001,41.78864514047076,-87.78350248428374,1000.0,0.4463447063977322,2240.4208802443204
170315610002,41.78859062294258,-87.78655474291261,619.0,0.29709002302673804,2083.54354580359
170315610003,41.788536743829866,-87.78960595586008,997.0,0.44511083073182656,2239.8915756796746
170312505005,41.91810380547774,-87.79874511860658,768.0,0.4473757622691476,1716.6777120526265
170312505006,41.92111641321243,-87.80291326291949,838.0,0.29893825067165886,2803.2545119842284
170312505007,41.914404950905116,-87.80411534660094,1224.0,0.6674052445318106,1833.9682075148278
170312506001,41.907538581261115,-87.76826467125814,1010.0,0.29272002120598256,3450.3960331749176
170312506002,41.90391636741551,-87.76814497145676,1144.0,0.29241459508657636,3912.25342107596
170312506003,41.90384560330199,-87.7729937032016,1222.0,0.29253742204732314,4177.243347014659
170312507001,41.90766960095243,-87.75776160620111,1238.0,0.22584455527382855,5481.646429328211
171419608004,42.12698505390586,-89.60459725851476,,22.38515072148638,
171419609003,42.046714944812074,-89.43730348366798,,0.6648189787540417,
171419609004,42.036548999366204,-89.41954543883442,,7.5761697953236995,
171419611002,41.94060533526201,-89.05216108524058,,8.680113583255109,
170318299033,41.5497131285059,-87.7277551455527,,2.0840916985487685,
170318241281,41.56100413998853,-87.87161272411,,4.476004449215861,
170318285084,41.53155196718987,-87.55444073237946,,0.8773021810295604,
170318299042,41.53493988987697,-87.78060385339651,,4.394463715450496,
170318299043,41.54953883451059,-87.75110452336477,,9.106247396188197,
170318299032,41.54508247886687,-87.71730766116013,,0.6799484421680984,
170318285071,41.51314216084096,-87.52760841275844,,1.9463422938214276,
170318045143,41.99055881144049,-88.22637002009422,,4.603408657545533,
170318241291,41.57526361271864,-87.88588317598476,,3.5156985489153523,
170318299031,41.552255697448295,-87.71902923042941,,1.7409113576105313,
170318043133,42.06294956929217,-88.227432169052,,3.0480794697212725,
170318043121,42.05602312268631,-88.19994652817499,,14.917914120394991,
170318043131,42.063149618286566,-88.25364604177328,,2.5844652075463115,
170318241054,41.63851962877227,-87.83514936030706,,2.162799609768732,
170318278012,41.60557135610158,-87.60892964120494,,2.569799473492506,
170318226024,41.70298743198907,-87.76581985723786,,0.4098398112445687,
170318278011,41.59719075359719,-87.60247818797825,,1.1622393562336184,
170318279024,41.58613832802016,-87.55062546870211,,4.5080902698650185,
170318241053,41.63380194200537,-87.8253929866641,,1.0743550264526787,
170318202032,41.7308347139909,-87.90177008605139,,7.436561352211644,
170318216001,41.72718931927258,-87.6949054491568,,0.5045382607307842,
170318202043,41.75280482529031,-87.90556664854087,,4.367196539029058,
170318202031,41.742273883410135,-87.90044354386676,,3.651281367434777,
170318202041,41.76662360107157,-87.881734476365,,6.046214265631451,
171978805031,41.63165673452688,-88.1412535736217,,1.3536054626983816,
170311001003,41.98889228467186,-87.78499590905827,845.0,0.3760913093251269,2246.794805007064
170312922001,41.857296825687484,-87.71222528847667,869.0,0.2055122840137389,4228.457701058423
170312922002,41.8564099607532,-87.7160840438907,1289.0,0.31437265393890484,4100.229405610146
170318051053,42.06025309807063,-88.02143407888597,,2.7193345354052463,
170313201014,41.88509795382827,-87.61467659838193,,0.08794034454642463,
170312315003,41.88986392167357,-87.72226312694183,454.0,0.4553743774660201,996.9818735220282
170318331002,41.87939142600707,-87.6626224735384,1481.0,0.6436672731137671,2300.8782050322384
170318051054,42.060116983211095,-88.00973366898025,,0.2755057370000922,
170318392002,41.84205644083236,-87.61961170250221,1408.0,0.58468951648962,2408.1156926729273
170318025054,42.12920343609298,-87.90817185859613,,0.5548830360457322,
170318060052,42.04155633437746,-87.85128104175827,,0.4867055971048873,
170311105012,41.9747067588395,-87.75886480394675,826.0,0.44676686532220117,1848.8389898930886
170318060063,42.04872229574557,-87.85266763123643,,0.29820756771206214,
170318042031,42.079938827989324,-88.16333980605448,,15.135676849402207,
170318060062,42.052089108710696,-87.85304882511848,,0.22996768369966492,
170311105013,41.9788954724107,-87.75980236682678,1622.0,0.2683449883732677,6044.4579562775325
170312922003,41.856410963345546,-87.71891740285649,803.0,0.1911644958399292,4200.570804070169
170318036055,42.13327838053099,-88.0202907993714,,1.0073506133802577,
170312924001,41.85642348768195,-87.72118425563987,1005.0,0.1989494910853009,5051.53340437096
170312925001,41.856913820525634,-87.72734267446764,1332.0,0.31209665330547454,4267.90862988288
170312925002,41.85330922914275,-87.72724086443331,1310.0,0.27316330642991177,4795.666069213142
170312925003,41.85512691216113,-87.73468222317842,983.0,1.1870452918646623,828.1065657198816
170318042042,42.13353016708246,-88.18603183633164,,51.51437219746897,
170318036141,42.135829383090616,-88.00685729484115,,0.48800900009485604,
170318036132,42.14157231387696,-88.00939368194368,,0.7742898425080157,
170318036162,42.12444671152665,-88.06871993538654,,0.7944287404452074,
170318036151,42.13171473725199,-88.07964526642785,,2.1780016887010287,
170318036163,42.131936933128245,-88.06664878508398,,1.0640198302155903,
170318042041,42.147221353028876,-88.15655759092644,,9.095278274934401,
170318043141,42.0377091260096,-88.20400949008285,,11.857248460924396,
170318036131,42.141344973634546,-88.018661428415,,0.6638946884041091,
170318044034,42.0515309921434,-88.24690539865951,,2.7325857635858193,
170313104001,41.856507050349904,-87.65226127539958,1332.0,0.22452400577770149,5932.55048780306
170313106001,41.85882459875092,-87.65859802845294,2150.0,0.31296375447268876,6869.805110890638
170318043161,42.02654518235714,-88.1933885204515,,3.3743739875758796,
170318043132,42.06049115413305,-88.24305310069812,,1.4517767730819855,
170318045121,42.02263252568236,-88.22743678211589,,4.269933331137259,
170318043151,42.02007138229763,-88.18818295456141,,1.9269937780049384,
170318045142,41.990461896165336,-88.25347804835373,,2.183700662597221,
170318036152,42.13155265850932,-88.07025386070407,,0.3170586816836301,
170318045131,42.01155782196271,-88.2363450106284,,4.325885992994184,
170318045132,42.007071338423465,-88.22294004157561,,2.109192560540903,
170318045133,42.00500492406567,-88.21095243747844,,2.864684062348744,
170313201021,41.886566279279045,-87.62412493922777,,0.5024290556114624,
170313201013,41.88705643524624,-87.61521489674537,,0.2029302081839294,
171978804112,41.60776103201737,-88.18147045848978,,17.05821668701208,
171978836024,41.40012478364636,-87.72514806958858,,62.726154518724705,
171978836022,41.41631932900717,-87.73851616640066,,2.4944637905384908,
171978836052,41.443859752715866,-87.68148749892259,,0.6454877153369099,
170313106002,41.856986270949186,-87.66006814394693,1743.0,0.22169199901791034,7862.259385640635
170313108003,41.85411139710673,-87.66852566155669,2351.0,0.29998107648909816,7837.161022006798
170313109001,41.8567549382391,-87.67350717571162,1738.0,0.4417280637210688,3934.5473895393434
170313109002,41.853025341368124,-87.67415525148539,1557.0,0.18716314701233575,8318.945395256576
170313109003,41.856095999908504,-87.67716582970698,1828.0,0.24584010260594916,7435.72745301874
170314110001,41.791552494777,-87.58012307445958,1199.0,0.3785399036071122,3167.433574570902
170314110002,41.790293871493816,-87.57549358882011,559.0,2.734995817478512,204.3878811176251
170314110003,41.79349302370556,-87.58530789275022,1551.0,0.3012643013487152,5148.303310602701
170314111001,41.79331908404204,-87.58971397973852,1006.0,0.2129950407802377,4723.1146618008
170314111002,41.78840218131807,-87.5896913887785,1126.0,0.29706416898152427,3790.4268423231847
171419611003,41.928608386371366,-89.06073679473778,,1.2740969540288203,
171419616002,41.901420289516146,-89.05729730748658,,9.155679513103482,
171978836051,41.44048562070209,-87.68557836137977,,1.3633250460596475,
171978801191,41.72412021108239,-88.14001524853525,,1.1292268335795812,
171978803043,41.722129124963935,-88.15221929981597,,1.1098977875943787,
170314112001,41.7932625558295,-87.59409551547633,1074.0,0.28923764415146386,3713.2096105636338
170314112002,41.788771598144564,-87.59396514705739,566.0,0.43625244639040217,1297.4139278372936
170314907002,41.708956195407865,-87.62596086523138,751.0,0.2907007983138522,2583.4122381363068
170314907003,41.71070072258891,-87.63077592719533,1394.0,0.5690573846084493,2449.6650736887773
170314908001,41.71064619548223,-87.6082644061853,766.0,0.4482794505684575,1708.7555519858095
170314908002,41.71004873746417,-87.61199815148342,763.0,0.3282651062607754,2324.3408618455755
170314908004,41.70909798265065,-87.61624923639883,642.0,0.29486613458349187,2177.2591854498523
170314909024,41.70558131787753,-87.61031823188009,832.0,0.41195661101607967,2019.6301691770277
170315610004,41.78848369240318,-87.79265838171293,671.0,0.2964738399892072,2263.268826768753
170315610006,41.788353094749944,-87.79947677227074,872.0,0.4572558530462399,1907.028623451692
170315611002,41.787111200723736,-87.76819081753811,786.0,0.29822870767989623,2635.561164164159
170315611003,41.79078170758993,-87.76833445128203,749.0,0.29771033579512984,2515.868312060977
170315611004,41.788859389238276,-87.77253177854044,1179.0,0.44649935240057037,2640.5413438142623
170315701001,41.816201215606654,-87.71891316888383,1257.0,2.7453168000768717,457.87065447776473
170190054023,40.136776532039036,-88.1830651880792,,2.923147711805676,
170190103001,40.293627377266624,-88.1592914477204,,4.449911854402106,
170190104002,40.27209687192263,-88.15060977933602,,235.156510942902,
170190010004,40.120370467808414,-88.26384077625073,,0.8296372130663997,
170190011003,40.110859966328555,-88.26736271482656,,1.1559195059173641,
170190012041,40.06935621376529,-88.28995631669251,,13.004479607894032,
170190055003,40.10927854918365,-88.17827060359598,,2.448912865468965,
170190108004,40.05059021078595,-87.97380020976989,,57.22145733609244,
170190057014,40.087600254963895,-88.19733275814365,,1.4990821356216915,
170290001001,39.6586264920094,-88.02606491778333,,3.2003562652526334,
170290001002,39.57108957068153,-88.2877548848235,,213.11689485063,
170312601001,41.884370867214706,-87.72333017915179,1248.0,0.5876058775038507,2123.8725611484742
170290002001,39.60994023303745,-88.39664759250859,,205.08222558505037,
170318407001,41.85370511538357,-87.69732841407246,938.0,0.2215886815577668,4233.068193762727
170313005001,41.84946834495197,-87.7215844446476,809.0,0.19089071055427767,4238.027076597684
170313005002,41.84611597946463,-87.72216663456284,2448.0,0.2978980355226412,8217.576848753486
170313006001,41.84982101024317,-87.71738379381952,1388.0,0.2944653727060196,4713.6272331270475
170313006002,41.84617821841559,-87.71728533947964,1824.0,0.2973993915062741,6133.166550078567
170318412003,41.855854519392565,-87.6810592697555,1835.0,0.2168616578021689,8461.615661326221
170318412001,41.85329381264042,-87.6807733101655,1596.0,0.19479783657470587,8193.109472177975
170318413001,41.85092474172512,-87.68046401910814,1253.0,0.18451584551797298,6790.744699906817
170318413004,41.84176791597899,-87.68133578857869,773.0,1.195992435428351,646.3251581713774
170318413003,41.846697045851414,-87.68318954334781,797.0,0.27968735484422885,2849.610417474494
170314204001,41.783169956010575,-87.60355836196572,1329.0,0.4411914250847375,3012.2978925638577
170314206001,41.78421989731763,-87.61370742795204,1022.0,0.2193621148703472,4658.963105840075
170314206002,41.78180571773103,-87.61284742639721,1197.0,0.21908916849277035,5463.528882942012
170314207001,41.77856253840626,-87.60771416388441,548.0,0.220428037672112,2486.0721248861873
170314207002,41.774927769910754,-87.60763319385732,509.0,0.2204086161862382,2309.3471063305046
171978804142,41.568340765529925,-88.17301913940311,,1.712915493502577,
171978804141,41.561788243858416,-88.1712195387374,,2.3176963368696177,
171978804161,41.55822540206286,-88.1858312835077,,2.428728463749438,
170314207004,41.778497216959906,-87.61135269369703,643.0,0.21908864198568095,2934.8851413393886
170314207005,41.77663257213939,-87.61433374679332,710.0,0.2907886981306094,2441.635471269586
170314208001,41.77862542896643,-87.60315163733738,1024.0,0.33085079281089885,3095.050766843039
170314208002,41.77498355283519,-87.60337512758024,1189.0,0.2946576079757346,4035.1919238342407
170318094021,42.04948642404351,-87.68326758574766,,0.45771261441226546,
170310818004,41.893766357609934,-87.6408421498775,,0.181595373106686,
170314911001,41.70451192496507,-87.63496538899484,684.0,0.3937951683587089,1736.9436066237938
170318099002,42.037646205910846,-87.67887478118817,,0.5205664641372088,
170318094012,42.044177664904,-87.68077260271914,,0.36580461723263435,
170312801002,41.887298256145286,-87.64139306084341,1172.0,0.31994193452969105,3663.1646980656633
170312315002,41.89361967982746,-87.71686941205571,970.0,0.2236949908770993,4336.261604234713
170312206024,41.92740753278606,-87.71114740407485,1760.0,0.21239864639482298,8286.30516189061
170310818001,41.89551728608945,-87.63646098438306,3285.0,0.5613368923556266,5852.100663141231
170318094011,42.04329007398796,-87.6677767971619,,3.841172214363386,
170310314005,41.963131569543684,-87.63970992353514,1091.0,4.10468865734012,265.793606062921
170313201022,41.88291734827959,-87.62395828201588,,0.3616336015537619,
170314911002,41.70010317331808,-87.63549931316423,809.0,0.40384629504395414,2003.2373948408997
170314911003,41.69499783301358,-87.63535018852666,851.0,0.40273258564516223,2113.064674507851
170314911004,41.69602589406069,-87.64006896006633,1243.0,0.5861524043287606,2120.608890828378
170314911005,41.70330816396934,-87.64029424924799,927.0,0.5866583852082121,1580.1359417559447
170315703001,41.80601077489147,-87.72597676288461,1384.0,0.2981852663258935,4641.409741846181
170519511004,38.8554580021866,-88.7310611917974,,77.52393728134787,
170830101002,39.12555317628945,-90.3086650940016,,8.340188168357798,
170830101003,39.11044893669309,-90.30851031967369,,6.0580162482513495,
171978834011,41.3129877121434,-88.13946993076765,,2.6411822961799087,
171978839041,41.34048042285655,-87.84945848690302,,148.60846908948204,
171978835072,41.404168002357615,-87.84457207938716,,83.81423105595077,
171978803052,41.70790177848279,-88.17646716649311,,1.4934392667558218,
170315703002,41.802348815565416,-87.72587389062578,1033.0,0.29820011725503687,3464.1166794596616
170315703003,41.804278635987664,-87.72961437458333,1524.0,0.28681211229284503,5313.583125261961
170315704001,41.80702815113735,-87.7189317775711,921.0,0.21077685241266078,4369.550021540592
170315704002,41.80430424251403,-87.71919745756453,694.0,0.6238212914661712,1112.4980976024196
170315705001,41.7996299262041,-87.73007262647074,953.0,0.3240800429861995,2940.6315526827493
170315705002,41.79784180310861,-87.73421526520326,1509.0,0.43869627958423985,3439.7373997110385
170315801001,41.83003693897211,-87.69088842306911,1404.0,0.8664637525391344,1620.3793821560785
170315801002,41.82468401302974,-87.69050454564277,1585.0,0.5093393811258425,3111.874044564392
170190057021,40.06740664849926,-88.17760194654306,,27.93060807446636,
170190058004,40.10335162127018,-88.21430894745153,,0.7326580280308259,
170190101004,40.32886422938279,-88.1322645717371,,11.875292448068235,
170190054013,40.12142752094537,-88.18999944737736,,4.424036775873442,
170313007001,41.84989248869099,-87.71249728605794,2353.0,0.298217970687373,7890.201903582431
170313008001,41.84992233180749,-87.70763607695075,2195.0,0.2941090064328376,7463.219255413206
170313008002,41.84629608564911,-87.70752743202671,2415.0,0.29354777196708565,8226.9403164497
170313009002,41.8481538423878,-87.70392011632914,2000.0,0.2959476219053939,6757.952596893458
170313012001,41.84922963913791,-87.6903804004869,1347.0,0.46015230855127154,2927.2916270720248
170318432002,41.847356101775105,-87.66279134648694,1258.0,5.286422823408943,237.96810093006908
170318432001,41.84953955131981,-87.67628814165647,1522.0,0.2934140591448986,5187.208835307993
170830103002,39.01546906432765,-90.30714617315184,,97.32800693035728,
170318344001,41.77867800311408,-87.5982873327363,671.0,0.25746127876037983,2606.217149354339
170318344003,41.77503396670862,-87.59850891539438,1534.0,0.2944325277349037,5210.02217995818
170318439002,41.7747748302252,-87.58985780846527,480.0,0.2929286831955015,1638.6241004594503
170314212001,41.772165592205134,-87.61007931378867,644.0,0.263639714432566,2442.7275738258427
170314912001,41.688812800960626,-87.63441591761631,1081.0,0.4358771341763784,2480.0566839612457
170314912002,41.686937716592276,-87.63918605984082,735.0,0.36503440809979243,2013.5088191441587
170314912003,41.69057391958133,-87.63930124089113,628.0,0.36467869996236785,1722.06383335469
170314913002,41.687107917049815,-87.62534224686755,684.0,0.2894118530122911,2363.413913012578
170314913003,41.68705166825676,-87.6301449260961,683.0,0.2897560935146423,2357.1549150716505
170314914001,41.68983099048836,-87.61185561675694,903.0,0.28639508383432094,3152.987083124597
170830102002,39.019113926611325,-90.17810145166003,,42.24396146343961,
170830103003,38.95745117841953,-90.3144144543978,,69.31614548586481,
170830102001,39.07000108293008,-90.20607928335953,,158.89491111909953,
170830104015,39.11801801297645,-90.3349229123105,,0.5974128834338275,
170830101001,39.18075591352402,-90.19822085488751,,225.74692685857104,
170315001001,41.72045692083393,-87.59518408731287,739.0,0.36362329231884727,2032.3230541348253
170315001002,41.71603317083435,-87.59651042994122,718.0,0.5643008797608644,1272.3708676553351
170315001003,41.71825631536554,-87.60117968025176,818.0,0.6906330771116679,1184.4205369094104
170315802001,41.82793057218643,-87.69880370592765,1435.0,0.9061002143717246,1583.7100325541871
170315802002,41.82420672137269,-87.70055219000967,2080.0,0.4092449990281916,5082.530036870934
170315803001,41.82518765000197,-87.70893393480898,2426.0,0.8488703805253298,2857.915714409368
170315804001,41.817480218670184,-87.70956801658168,1249.0,1.5954834901928965,782.8348006590742
170315804002,41.811339450839355,-87.70634727636975,1180.0,0.23887672609234104,4939.78638816347
170315804003,41.80895371779246,-87.70842851316652,1293.0,0.269138695655069,4804.214410168363
171978804111,41.62893445556135,-88.18466326270683,,11.128846352453923,
170315804004,41.81200593666276,-87.71019040910733,1073.0,0.26767495921166884,4008.5931204028157
170315805014,41.821395482676785,-87.69708894556038,1378.0,0.22018570032820195,6258.3537348065565
170315805022,41.81276287581503,-87.69801152766489,1538.0,0.22182216782843314,6933.481964658986
171978804123,41.55754327034433,-88.15552386102699,,2.6956611540200055,
171978804162,41.55760776920536,-88.19540093617395,,2.22248385536804,
171978832093,41.54754455851224,-88.17574820902654,,1.0068867256559484,
171978804143,41.554518121109304,-88.17093850712331,,2.3375531460216026,
171978803032,41.714054483358176,-88.18027857970347,,1.6422220593846975,
171978834013,41.299156026099006,-88.15836559784901,,5.693871163074028,
171978803051,41.70160560775313,-88.17288042245991,,0.9549861853783339,
170312606001,41.879263855779726,-87.73297822474419,1108.0,0.2243728877984783,4938.208046754544
171978803054,41.69997230907866,-88.18121471079974,,1.9143863991103682,
171978835055,41.51007234841708,-87.80441712654704,,3.3201872699875783,
171978835131,41.52516917808078,-87.82946351606142,,4.528090336232996,
171978835141,41.539433657599524,-87.80850875742513,,0.9524169352445577,
170190053004,40.1346309132652,-88.22519189832029,,2.476980795483627,
170190102043,40.309182630852696,-88.13226615501807,,0.7977993301837684,
170190102041,40.302042739509545,-88.12567714684896,,4.436564606059074,
170190106031,40.185936548114626,-88.34698437785639,,34.14006902416564,
170190054022,40.132680246961364,-88.14949587894971,,20.725813496954547,
170190111001,40.113735517685015,-88.20877593327664,,1.07270761691987,
170910114001,41.111656535508025,-87.82012293855583,,7.275608250111798,
170910101002,41.252986967917636,-87.70838864278137,,209.61508185772615,
170910125002,41.08114442381111,-87.88392536347223,,34.03547448183427,
170910104001,41.13590607322416,-87.93012014112105,,34.69810501636595,
170910103003,41.05581803264326,-88.19142227443814,,226.88344094961622,
170910126001,41.04905685461844,-88.11476260015473,,8.83997344174251,
170910108001,41.12924640517481,-87.73967117616692,,26.73348848236926,
170910112001,41.10421577067465,-87.75734720217862,,10.6280858407407,
170910114002,41.126580933122824,-87.81046141023215,,12.961420892111487,
171359578003,39.17143292949492,-89.66186412656769,,2.8771363318679706,
170318408001,41.84265954358411,-87.7074246028674,2332.0,0.29594043992607016,7879.963956877825
170318408002,41.83901122952962,-87.70731751778986,1384.0,0.2966890391549976,4664.816752050501
170313016001,41.84258677447726,-87.71230205469254,2147.0,0.2969072225569842,7231.2151301335725
170313017011,41.84342406756655,-87.71781437212753,1376.0,0.186266202250982,7387.276829458983
170313017023,41.83904651714017,-87.71623447663177,1296.0,0.18632423404872744,6955.616947074477
170313017021,41.838498433177165,-87.7195126975509,1225.0,0.22351545957842303,5480.605244534302
170313017022,41.83893465708626,-87.72281777111544,1524.0,0.1869225586280005,8153.10902646562
170313018021,41.845133753818054,-87.72701505836801,809.0,0.14762062080339147,5480.264177167136
170313206001,41.87102632809822,-87.61546323332732,1934.0,1.8033285702241992,1072.4612430221493
170313206002,41.87184416491936,-87.62577891256979,2322.0,0.28731515757402193,8081.717719336738
170314302001,41.77160632019726,-87.57828694051906,593.0,0.22320439430126066,2656.7577303143207
170314302003,41.76766621032527,-87.58368998263184,805.0,0.29069785901518463,2769.198241525235
170314302004,41.77001475939386,-87.58218039274713,1218.0,0.2366993988797014,5145.767187262814
170314302005,41.77215573319026,-87.5836318620962,1575.0,0.219725048538273,7168.049389351517
170314303001,41.771490847873274,-87.58870339426825,1105.0,0.29318395324040863,3768.9648010643623
170314303003,41.76898403274174,-87.59120682920829,631.0,0.2505927452635386,2518.02979905265
170314304001,41.76515127826659,-87.58995294278031,551.0,0.22792011036091028,2417.5137469330566
170314304002,41.76329343157257,-87.58980134310315,807.0,0.21487269797128022,3755.7121384861243
170314304003,41.76145662909134,-87.59056459983005,862.0,0.2640485533652216,3264.55111764129
170314304004,41.759631159371885,-87.59075281446148,672.0,0.27835679329801877,2414.167773805803
170314305002,41.76432027957813,-87.58086585725884,1338.0,0.18917101327900698,7072.965232927062
170314305003,41.76428061121494,-87.58434053258203,908.0,0.23859824129541754,3805.560322113903
170315001004,41.71299007960763,-87.59339349378824,1369.0,3.1439640554537767,435.4375482204451
170315002001,41.70281723936362,-87.60328060855993,1429.0,1.112055976430331,1285.0072570870493
170315002002,41.70000191911992,-87.59901426999727,586.0,2.554642415643811,229.38631113752905
170315003001,41.68956824473558,-87.60353052421151,657.0,0.8390656588379855,783.0138119463421
170315101001,41.72097054696362,-87.54984472423894,1497.0,0.7794063548250423,1920.6925767702267
170315805021,41.81390983539825,-87.70215344734446,1164.0,0.2235760221248646,5206.282806793653
170315805011,41.821285514185035,-87.7020137286546,1291.0,0.22195274034435217,5816.553550981426
171978809012,41.5583867933758,-88.1320194233746,,3.896789229188715,
171978809032,41.55995709809873,-88.1085497081798,,2.3029327732928704,
171978809052,41.55612261928039,-88.1013361579624,,1.0042766762683097,
171978810122,41.607443674720926,-87.92261789024622,,5.730217408040483,
171978810112,41.62220993111047,-87.92652094264292,,2.0364690094677704,
171978810111,41.621849811691476,-87.91685448707707,,2.6660881532287206,
171978803042,41.71486881511279,-88.1521452583326,,1.0310067870980562,
170315806001,41.82161945134234,-87.69201741633947,969.0,0.18553579359685954,5222.7119156613335
170315806002,41.819044627709644,-87.69218154635114,1288.0,0.2579829045335945,4992.578877769309
170315806003,41.815887378070194,-87.69239034569884,1594.0,0.22224773555359623,7172.176562472099
170315807001,41.81340596540469,-87.68628109057975,1220.0,0.21962610468267538,5554.895224147899
170318428002,41.809927964311235,-87.6933999127555,1360.0,0.18440497728737085,7375.072083225928
170318428005,41.8102442568722,-87.69634503089715,1363.0,0.18489314345744998,7371.825555627872
170318428003,41.81014824323973,-87.70246002463003,1128.0,0.18538657998114627,6084.582822093795
170318428004,41.80632091842382,-87.6990685651071,1052.0,1.844951561875707,570.2046718941841
171978835051,41.51729630586753,-87.81281246547583,,1.9403501193223938,
171978835111,41.52486186124201,-87.8013242943403,,2.74795778755625,
171978835112,41.531963725566044,-87.79944117695297,,2.153788115519674,
171978833032,41.434239961552194,-88.24240676031006,,8.295702351487378,
171978835091,41.41723344616939,-87.97610887927544,,6.4773424618923725,
171978838041,41.46087589851681,-87.6459820601587,,2.6370509680084715,
170910103002,41.159018859495006,-88.18491824043852,,165.76293353229548,
170910108004,41.15376209450156,-87.67261990326794,,9.22270456925865,
170910108002,41.15044439240352,-87.70785025772848,,171.76618927715188,
170910126002,41.056901357779324,-88.06905500478386,,234.40769814125073,
170910112002,41.0525951880686,-87.78692679853982,,109.66413094444894,
170910122002,41.10893759615855,-87.8662008604876,,1.1187825841084535,
170910109003,41.15122812440344,-87.64855267132363,,11.06850868977585,
170910105002,41.17688817690207,-87.9429158560689,,23.53277449124294,
170318368002,41.885459327268364,-87.70869523773467,1729.0,0.4380764180357909,3946.7999846975113
170318369002,41.88185558806041,-87.70859147445795,813.0,0.14842702212283007,5477.439271989205
171978809031,41.561634945688404,-88.11816776479267,,3.2482392701163403,
171978810014,41.61595680303165,-87.99145385186127,,17.164400951960843,
171978805023,41.601349611015465,-88.03106856842825,,1.1184038011848854,
171978810013,41.6053243996893,-88.01705867861723,,4.628321315496571,
170314306001,41.76532104392942,-87.5713913328186,503.0,0.304709381814871,1650.7532423324014
170314306002,41.763475519048626,-87.57135403343042,1162.0,0.2949444176110423,3939.725353718634
171978838101,41.46463040785348,-87.61440477790295,,2.236721531416947,
171978819003,41.53003291540333,-88.08689681471334,,0.17142867508895596,
171978838102,41.4634025019641,-87.58504900297177,,3.300358243597194,
171978811161,41.49861879770994,-87.91691289743707,,4.899895314343357,
171978828021,41.51904243607378,-88.13648219471757,,0.9491946399530528,
170314308001,41.761659353967104,-87.57131780275367,784.0,0.29483227977116405,2659.1389538774606
170314308002,41.75984195224759,-87.5712787439639,979.0,0.2952387615744854,3315.9602579927814
170314309001,41.761550946520494,-87.58120655459065,1110.0,0.30272754641326055,3666.6633517542955
170318342001,41.75339387485347,-87.57846760043475,1407.0,0.29514431773274413,4767.159370738932
170318342003,41.75369224492406,-87.58363214833528,1614.0,0.3445970762069073,4683.730975798825
170315102001,41.71946309922408,-87.55951745577603,993.0,0.6623736845509605,1499.1537604232863
170315102002,41.717162500782344,-87.56286271321405,866.0,0.42362851068115137,2044.2439027712287
170315103001,41.719604973123175,-87.56720810231401,1328.0,0.6694356361358593,1983.760541439846
170315103004,41.71390283285933,-87.56914450771063,2190.0,1.0231166040003896,2140.5184818984385
170318404002,41.8317832937568,-87.67023236160013,1897.0,0.4240044961101621,4474.009161231002
171978803072,41.71382352193182,-88.20044441845397,,1.4751055345233388,
170318403002,41.834536905550806,-87.67876667585035,1032.0,0.5624030095933269,1834.9830680071186
170318403003,41.83214955552027,-87.68119680333663,2046.0,0.4128318455121035,4956.0130165394785
170318403001,41.82943172012862,-87.68577154521364,872.0,0.5227978309114549,1667.948771860319
170312714001,41.87724303141626,-87.71333137402738,1527.0,0.5927512489895649,2576.1227877680644
170312715001,41.871786164640156,-87.7131559193323,1397.0,0.2938569398145381,4754.013980005674
170318373002,41.8718452861695,-87.70828700254,1327.0,0.2938000563682913,4516.6771456862725
171978807011,41.57596700227946,-88.03713923872766,,5.510406328120892,
171978806011,41.58643858969237,-88.03730451308022,,2.7201150885427725,
171978810101,41.566324460411266,-87.98003552370676,,20.980070151009954,
170318411001,41.854964448751915,-87.63412811790775,1560.0,0.603742468191737,2583.8831657351193
170318411004,41.85094929002632,-87.6319571419732,1585.0,0.3424337130520574,4628.633045131995
170318411002,41.849165952385036,-87.63398101154061,2330.0,0.3384521252132232,6884.282373857488
170314313022,41.75808808363683,-87.56267202437438,1271.0,0.22098418659369956,5751.5427668897155
170314313012,41.75450247342873,-87.56239302307573,1672.0,0.23456046156991853,7128.226082133646
170314313013,41.752689239783095,-87.562357620378,1200.0,0.23461793623558674,5114.69847213661
171978803092,41.70262318747973,-88.19595249900816,,4.675543429439825,
171978813021,41.54095113044195,-88.07699230163075,,3.3859741889705037,
171978835133,41.539547933774074,-87.84078765903752,,2.355186529413166,
171978839042,41.34296089508236,-87.79511899662421,,6.914202895174359,
171978840042,41.23132871635262,-88.21629549594502,,55.48169480776138,
171978840033,41.263588399587256,-88.23171335167522,,3.495328884657645,
171978840041,41.274869655449464,-88.19892036998097,,9.288115577311963,
170314314002,41.75879732724136,-87.55525294546058,1466.0,0.5178804916973556,2830.7689196694364
170314314003,41.75955010197993,-87.54442810200185,1928.0,3.091935669164744,623.5576047805775
170315103003,41.713716718356025,-87.57874687414905,712.0,2.737656952558638,260.0764129101561
170315202001,41.721125284146346,-87.5372216197434,829.0,0.18961785177063695,4371.951228530761
170315905001,41.82666423300499,-87.67990418742296,1672.0,1.0747475970527678,1555.7141086754236
170315906001,41.82889105219592,-87.67361243105239,1194.0,0.22195695528437204,5379.421421915988
170315906003,41.82464658988416,-87.67309426566534,1093.0,0.2198653736626277,4971.2238984805
170318401001,41.84433492253285,-87.64016988103981,1101.0,0.1920789990649155,5732.016541943262
170316004001,41.84300614922111,-87.64262713501674,1478.0,0.18548694791353088,7968.215643340062
170316004002,41.83934517018536,-87.64424063553147,925.0,0.1842641826855085,5019.966368497869
170316004003,41.842619342633526,-87.64477303448261,1488.0,0.22028624916868217,6754.847411563023
171978801193,41.72335484031636,-88.12549012206262,,1.6401524198602901,
170938902021,41.71718607051058,-88.34134991568168,,1.0295752087728682,
171978810091,41.56170066759453,-88.01562689647253,,4.606484245693824,
171978804181,41.553216725334515,-88.21443906521378,,1.1028443460014103,
171978804182,41.55723073881504,-88.20418112458175,,1.9508829553523284,
171978816041,41.54756303395856,-88.1313140620766,,1.3200804708275062,
171978816032,41.540536233668355,-88.12835072286853,,0.709038026597354,
171978835132,41.532214153558336,-87.84054544305033,,2.3639881574109167,
170070104003,42.207739194068466,-88.74946405627013,,149.5091370054239,
170070104004,42.247045024434364,-88.80181701970417,,16.170592491129938,
170313018032,41.838694446876666,-87.72682933549184,2542.0,0.2979457926410339,8531.753301388653
170313403001,41.84280477912093,-87.63578824083687,1786.0,0.3851584664770348,4637.052422438417
170313405001,41.83451828488901,-87.63291692603964,1544.0,0.7849911290538021,1966.9012079933666
170314401011,41.749291804017346,-87.59945130302704,1401.0,0.26240743724722915,5339.025504372566
170314401023,41.74215328736096,-87.60316239426045,773.0,0.22297720906992335,3466.722017125953
170314401014,41.74947668347913,-87.60334138261565,1127.0,0.22445815253831564,5020.980468987947
170314402022,41.74005631427413,-87.60759250989258,1205.0,0.637950154590161,1888.8623058240803
170314402023,41.73950669854534,-87.61238204067395,687.0,0.3931174024630333,1747.5695446085012
171978810023,41.61869418901678,-87.95540797029557,,1.6762006161516265,
171978803142,41.64023433447397,-88.22939333418836,,1.6949687024370044,
171978840062,41.27201655376909,-88.1365778767931,,11.931972229079875,
171978802043,41.6451296608065,-88.13362521383064,,4.155375951147548,
171978838091,41.40200903179665,-87.6490371665115,,25.617507912211586,
171978832111,41.50954603622651,-88.15594092713675,,4.523847503810223,
170314402012,41.74844934174066,-87.61061012121989,1509.0,0.3307563626407689,4562.270512204505
170314403003,41.74008104406596,-87.61947220134473,618.0,0.3921043775126863,1576.1109425002658
170314403004,41.74738234431735,-87.61966883070357,1007.0,0.3920166734936233,2568.7682899446377
170314403005,41.74733425935899,-87.62286024706812,1026.0,0.38234808091899924,2683.418725507763
170314403001,41.74001920848551,-87.62266540047032,735.0,0.3828608626737181,1919.7574671568927
170315202002,41.70852992178439,-87.54095805466166,1352.0,0.9527454069483745,1419.0569591203073
170315203001,41.706390677738696,-87.53830480684,1815.0,0.36507595884070226,4971.568124517231
170315203002,41.70275421261329,-87.53831078593004,1490.0,0.36591834814986496,4071.9466720749347
170315203003,41.69911953705526,-87.53831299859499,1273.0,0.36531036929649485,3484.7080920574745
170315204001,41.70474708139112,-87.52948065438349,816.0,0.32220926602958905,2532.5156227042376
170315204002,41.70106410138106,-87.52760787806119,1009.0,0.357779254604201,2820.174694355105
170315204004,41.7054709398022,-87.53347015390464,1229.0,0.3307010508210798,3716.347429040767
170315205003,41.68814977126949,-87.53282413318588,1315.0,0.6025355196984354,2182.4439506207827
170315205001,41.69546464589125,-87.53347243563336,855.0,0.4359830942527733,1961.0852147039673
170316006001,41.839966468472596,-87.65373500502808,1824.0,0.3237353809495188,5634.231249763901
170316007001,41.839365493849556,-87.65768098370997,1198.0,0.22420449603244957,5343.3362006559
170318397003,41.832859116065855,-87.65108919844059,1748.0,0.3506171673422908,4985.494615822708
170318397001,41.833538192928984,-87.65690824239772,1275.0,0.475720046104493,2680.1477264633563
171659555001,37.828438445950226,-88.43199513383671,,2.7638011641091724,
171659562002,37.7441580108899,-88.49754853084568,,51.03102745018269,
171659556002,37.867509188379444,-88.45441048027597,,194.74422323200446,
171659560001,37.72773311724281,-88.54168398114315,,0.6698878442003353,
171978810053,41.63565546696249,-87.93726442103053,,2.8219820628212875,
171978810062,41.63467392074004,-87.9165844240371,,1.7318114868633403,
171978810071,41.57243755751379,-87.92317167323405,,15.572401546094119,
171978811052,41.53005849933515,-87.95221393755196,,8.566310600584488,
171978811111,41.51359341100723,-87.98534627479559,,3.7586392243807274,
171978804122,41.55944879789936,-88.14654628170608,,1.9570434564498438,
171978832091,41.54808029079734,-88.16694868869537,,0.8541508640523044,
171978804183,41.56138019825489,-88.21093490554348,,0.9286854847039404,
171978826021,41.51896934033325,-88.09748055109756,,0.5925947474793085,
171979801001,41.5746964206591,-88.101655433396,,7.890874085239884,
171978835162,41.502598435836106,-87.86529800240115,,2.601768621663204,
171610241031,41.37922821364403,-90.96508164763782,,287.51691636969406,
171610228002,41.49535702078812,-90.54122971260956,,0.48711736842411457,
171610204002,41.55606792051682,-90.4028093501052,,11.750150543172582,
171610216002,41.50429716064967,-90.504897024128,,0.8110969011785897,
171610232001,41.489109745457135,-90.55972526238031,,0.6828864008918816,
171610209002,41.491791404545616,-90.43806290414457,,0.8490335594315941,
170318305001,41.82877850077251,-87.73182299875855,1650.0,3.878208596874692,425.45416492802246
170318305002,41.835677829965526,-87.71867582558303,1887.0,0.3737525269761491,5048.7952958253
170318420002,41.83463735677076,-87.62622218310045,2010.0,0.8394867628167194,2394.3200643877603
170313510001,41.83473923416089,-87.60282484126695,589.0,1.915097710671211,307.5561088700612
170313510003,41.83609571795204,-87.61378965236784,1947.0,0.5179083510324254,3759.3523953007307
170938902011,41.72028485238067,-88.33030723785973,,2.375431351259672,
170318396001,41.82752162860409,-87.61753828479769,828.0,0.1737643678298161,4765.073589833669
170318424001,41.74019917150447,-87.63075115352959,888.0,2.4088661782522185,368.63816181117164
170314406001,41.73326680653461,-87.6168678004663,842.0,0.5151738192224338,1634.399825035469
170314406002,41.7322230299214,-87.62084969449134,1238.0,0.6827692672393144,1813.204049159515
170314407001,41.73478964712493,-87.60720297854475,746.0,0.2940494449018446,2536.9882954515324
170314407002,41.734713274230664,-87.61205243654028,799.0,0.294449467281676,2713.538616239578
170314408001,41.7345834613174,-87.60295586869609,875.0,0.26873456705442667,3256.00092906093
170315302001,41.68255535551171,-87.62520328813932,934.0,0.4359641844444633,2142.377822137315
171978810024,41.61046841321779,-87.96532947494453,,9.813078422903532,
171978811081,41.52171680201277,-88.00737498535763,,7.496554272876321,
170315302002,41.678881154020175,-87.62748614128593,662.0,0.2900302899251631,2282.520215977499
170315302003,41.67878426495203,-87.6371402956046,633.0,0.29373069916607536,2155.0352135379003
170316009001,41.8361688612609,-87.64794939857781,691.0,0.16384864009010466,4217.306897512247
170316009003,41.83656806283613,-87.65476545991088,709.0,0.11040697487653066,6421.695737908611
170318398002,41.836090094562564,-87.64221162317789,1126.0,0.18440893625523871,6105.994768287767
170318400001,41.83452203528101,-87.63860607613432,1723.0,0.590897195546336,2915.904852800894
170318399001,41.82987783552054,-87.64303871034997,689.0,0.18498194645497362,3724.687804426954
170318399003,41.82805319603397,-87.64299374510031,786.0,0.18488620548912788,4251.263624133496
170318399004,41.82623081143156,-87.64295280895921,748.0,0.18462613228796015,4051.4308063029202
170318399005,41.8244089558526,-87.64290947069539,701.0,0.18470316048815696,3795.2788579649
170318400002,41.82725193043646,-87.63813301472055,972.0,0.43546037126834236,2232.1204502924274
171978833072,41.43305092861292,-88.07239096483868,,119.1574923864355,
171978833071,41.40874823393187,-88.11862054021925,,23.252925520169054,
171978804172,41.58041983711635,-88.17758678815585,,1.6105745230602146,
171978803031,41.722018295043014,-88.17754603062282,,2.3343526898336613,
171978802032,41.64371884489037,-88.08791451190554,,1.9026699024349842,
171978801074,41.701587523771146,-88.07219079293981,,0.8526284462645776,
171978801152,41.69450988340275,-88.08260854569244,,1.1599882702493456,
171978811112,41.50854683242706,-87.97089501486651,,2.253727945397607,
171978811152,41.50293475585494,-87.94755093043769,,1.0425104529889817,
171978811153,41.50599241892579,-87.9365124876353,,2.940262306536607,
171978811132,41.5004992079066,-87.95459584993172,,1.4563717822343099,
171978811091,41.47978518563743,-88.00805248527982,,11.32953666142226,
171978811092,41.48727625508202,-87.988984975376,,1.4567968037307795,
171610233002,41.49601825239243,-90.56021210561984,,0.5162332744493026,
171610237001,41.48694045597499,-90.58384921161749,,1.2011738191807904,
171610241011,41.36612152730685,-90.50064165139328,,183.82071855106128,
171610202002,41.49602295230188,-90.39736365405089,,6.749204352321885,
171610241021,41.44268434619883,-90.71331317369852,,5.627298033826601,
170312808001,41.87859681945983,-87.68890087470761,755.0,0.42847324533338527,1762.0703468020547
170312809001,41.87862616901825,-87.68513239468005,942.0,0.20703490411451905,4549.95742881569
170313602001,41.826885610494514,-87.60988760246376,1443.0,0.4182121056336743,3450.4022732999774
170318364001,41.82152741501782,-87.59359563126351,935.0,2.3426436769576036,399.1217312290047
171978832141,41.54327467933474,-88.18730032299447,,3.1728451120385905,
171978803044,41.72174355828127,-88.16235447007291,,1.4604220233245213,
171978810012,41.6353318826338,-88.0076877768251,,9.354532397291507,
171978806022,41.593594425181266,-88.04485495251382,,1.5017353235841553,
171978807012,41.57637312259865,-88.05705958930871,,2.664609558042235,
171610202001,41.479385245742804,-90.41755630481624,,7.510024100783702,
170318364002,41.820273452128134,-87.60200623288974,998.0,0.23261344950132337,4290.379606766127
170314408002,41.72839756921773,-87.60375727979985,925.0,0.23284825240365514,3972.5443092287505
170314409001,41.730684119314645,-87.60710189615591,992.0,0.36704959270449833,2702.632068573448
170314409002,41.72585832327262,-87.60683005190576,752.0,0.4048296550091131,1857.5714271304353
170314409003,41.729377356342965,-87.6118141528902,866.0,0.5624922963152489,1539.5766407343829
170318343003,41.74234695805474,-87.58808678574496,645.0,0.2809860916705054,2295.487282539061
170318343004,41.73870183307009,-87.5880009611909,621.0,0.28055089617976986,2213.502107660633
170318343005,41.740736023301075,-87.59387406961565,1173.0,0.8340542750968823,1406.3832954560976
170318343001,41.745885142318215,-87.59438486822486,1328.0,0.47129764276161784,2817.75226419221
170315303001,41.68141315711032,-87.64446284879467,910.0,0.5872187829797144,1549.6779503244127
170315303002,41.68133988421445,-87.64933525402331,824.0,0.5889434390893835,1399.1156795532993
170315303003,41.681284766451874,-87.65420617941014,944.0,0.5870888462127613,1607.9338009734458
170318241142,41.622901240914224,-87.8680051386287,,2.3105764219909397,
170315303004,41.68121911189421,-87.65905418155371,1595.0,0.5839057800620153,2731.6050884623864
170315304001,41.6740503968482,-87.64715802953836,990.0,1.2964196655030482,763.6416095368712
170315304002,41.674026570748914,-87.65688419048188,1233.0,1.0571476015195238,1166.3461168787683
170318426002,41.81577370229488,-87.65535586506388,962.0,4.8571391932072,198.05897293315684
170316103001,41.81884678327057,-87.67044638199512,2052.0,1.551457827395637,1322.6269923460316
170316103002,41.81329467168001,-87.67126832552385,1966.0,0.47981639571808504,4097.400625624136
170316104001,41.81039848152375,-87.66744912570525,2213.0,0.2939496183371908,7528.501014964608
170312518004,41.884118127633236,-87.7466324178235,705.0,0.2958948526432892,2382.603123042158
170312518005,41.88416907859302,-87.7490809077589,1230.0,0.30332254748965626,4055.089244698978
170312518001,41.881719161289105,-87.7526675297746,1189.0,0.2144272187161469,5545.00500038648
170312518002,41.88543911843848,-87.75280244588535,1007.0,0.39183444498930203,2569.962934288468
170312520001,41.88568355032554,-87.7675031338268,684.0,0.24228892583737366,2823.0757870423945
170312520002,41.88222862036201,-87.76737692998827,2117.0,0.3209805740052084,6595.414711812586
170312520003,41.8821679474471,-87.77227456414066,1679.0,0.32518451026795214,5163.222561297595
170312520004,41.88563460334454,-87.7723898055088,1239.0,0.23922865269520635,5179.14549967629
170938902012,41.714853930156224,-88.32672598357613,,0.8024795126607918,
170938902013,41.71134755868198,-88.32289332317775,,0.6108676568891982,
170938902022,41.71104210250699,-88.33146799812826,,0.7662890074968939,
170938902023,41.712182991596265,-88.34061496804064,,0.7838453351444411,
171978811122,41.47590415538181,-87.97214321836904,,5.547283994333733,
171978811093,41.47543932585335,-87.98862493081187,,2.3411144160965014,
171978811162,41.51222063814212,-87.92211644581495,,5.9575120584414805,
170318111004,41.92997962430506,-87.83852145065977,,0.9548003664534693,
170318045122,42.015574184568585,-88.21025565807416,,2.468041221542543,
171978835191,41.53892468370868,-87.8986142539993,,2.487304864923781,
171978835192,41.54982165835488,-87.89991385924786,,4.497636589021426,
171978807022,41.5690904679191,-88.06822188907933,,5.707400189011072,
171479545001,40.21271263639457,-88.50924977533346,,3.295215366862365,
171978835221,41.54612706582859,-87.86114700672384,,6.808864821148272,
171978814013,41.544849915883326,-88.09632152180883,,0.6539163399745613,
171978810072,41.59196491703143,-87.9635576258731,,7.018250787609982,
170312819001,41.87826435309396,-87.64281734893162,1347.0,0.47680320969493517,2825.0648750075065
170312819002,41.881202170145116,-87.64190563047687,1558.0,0.031492127306049035,49472.68200902827
170318419001,41.87329649106352,-87.6450429452592,1781.0,1.546880591471114,1151.349373584314
170313802001,41.82057412578013,-87.6149860441991,351.0,0.3876502395828111,905.4553929277741
170314503002,41.74235785692893,-87.5769371181023,716.0,0.4442853873043773,1611.5767487744824
170314503003,41.73881865378208,-87.57426588361695,978.0,0.7655342458198323,1277.5391895794708
170314601003,41.747398906604225,-87.55038505220949,735.0,0.22004055781177712,3340.293295514728
170314601004,41.74558088955419,-87.55034832534564,751.0,0.219840584366796,3416.1117346148603
170314602001,41.742027028307405,-87.54360466093316,1045.0,0.329217492946021,3174.1934204308513
170315305011,41.67639244813984,-87.63343442212896,1355.0,0.6530408478141633,2074.9084908477184
170315305012,41.67330474078309,-87.63815138732235,1513.0,0.6539276992930195,2313.711441854732
170315305031,41.65978066578517,-87.64215462398612,1468.0,0.8806238678104603,1667.0000140354618
170315306001,41.66841064367675,-87.61801804152945,1366.0,1.0232990814431582,1334.898100439542
170315306002,41.6705052054509,-87.62021912622687,949.0,0.4653595587746221,2039.2833500592376
170315306003,41.67578197210787,-87.62016989856565,892.0,0.3662696888833764,2435.363960144736
170318426003,41.81340005876714,-87.64206951123991,822.0,0.21153398832167628,3885.900353516703
170318438001,41.80531166984993,-87.64058401461709,1108.0,1.175287626520101,942.7479495216567
170316113001,41.806220270110806,-87.66599911589526,861.0,0.1840452563558763,4678.197183931437
170312507002,41.904244686337606,-87.75749409223123,1154.0,0.19242269578585328,5997.213557824196
170312507003,41.903087540802055,-87.76197623156035,1048.0,0.223415333132547,4690.815018404518
171978835213,41.53081805511016,-87.88023259310607,,1.6760183819224987,
171978811131,41.49000558377178,-87.93763009484238,,10.35556592193412,
170312507004,41.906842545005354,-87.76466270153037,1111.0,0.20414001000174822,5442.34322311675
170312507005,41.906641100340245,-87.76161622706132,1547.0,0.3507921288709758,4410.019132923588
170312508001,41.90774542384897,-87.75097787072566,1321.0,0.5936812767027329,2225.0996483108715
170312508002,41.90410303365104,-87.75213660702626,1167.0,0.4446654570615351,2624.4449202594674
170312511001,41.900472901561685,-87.75021788600155,997.0,0.22458022087204502,4439.393621257691
170312511002,41.89680331234247,-87.75013638387968,1064.0,0.2244760261464942,4739.927101639033
170312521023,41.87383879758898,-87.75972584046836,1933.0,0.3100056321262066,6235.370585825535
170312522021,41.878701292830556,-87.74276272573474,965.0,0.29810958520901704,3237.064649643514
170312522023,41.87504526151335,-87.74226332677891,969.0,0.3432469140956216,2823.040674824702
171978811072,41.52681179550759,-87.9778840801704,,5.43786210077974,
171978835092,41.42545438698018,-87.99553945825718,,1.9192351209859215,
171978811121,41.502062665244644,-88.0002281111801,,15.705554585820275,
171978835211,41.53713673403247,-87.87932755632077,,1.578652756390677,
171978835172,41.5314756467049,-87.89914382138309,,2.168841811059353,
170070102002,42.256831911495055,-88.83951694854231,,2.4527850534741265,
170070102003,42.24202304715815,-88.83055546932299,,5.452544565533096,
170070103001,42.25094202300988,-88.84297138972262,,0.8679893711692539,
170070103002,42.25031182933367,-88.85376266119384,,1.5364582098455422,
170070104002,42.1833562535164,-88.86126864409098,,156.25955338269532,
170318329002,41.874339710068405,-87.65937134538547,730.0,0.3450021329770609,2115.9289471654874
170318329001,41.87402768454255,-87.66423056066034,1482.0,0.38524326731583525,3846.9199223798687
170312827001,41.86889634475266,-87.68859007674001,1049.0,0.3763772942759289,2787.0969262852486
170312828001,41.87026849890099,-87.68491363748545,1691.0,0.2967034940209603,5699.292506075244
171978818001,41.54048914849203,-88.09737098175243,,0.7258430432584562,
171978835222,41.53202833874459,-87.86317377335602,,1.133181916094351,
171978835212,41.5300451381042,-87.87182092024331,,1.081956930259543,
171978828012,41.526383565633964,-88.120031067069,,1.1338567822075007,
171978828011,41.5171281053599,-88.11969860167608,,1.7793370881288746,
171978805024,41.60858399790252,-88.03145611182002,,1.1384310018368096,
171978821002,41.53464784345129,-88.06138161033726,,1.230857099231093,
170318360002,41.81400224870221,-87.6127730192949,739.0,0.2182828475610225,3385.5156658308088
170318360001,41.81392323394364,-87.61534541488273,761.0,0.24768238395484918,3072.483346812122
170313812001,41.80668324456232,-87.61456261781585,651.0,0.1184498393209604,5495.997324538385
170314603021,41.75093667073964,-87.55773090793335,691.0,0.2197118914831676,3145.0277694821007
170314603022,41.74911860784759,-87.55769753151489,975.0,0.2199251343807022,4433.326835268509
170314603023,41.7436371723726,-87.55648596049188,802.0,0.28693369365460186,2795.070839486046
170314603013,41.741847985969216,-87.55646775549968,1099.0,0.28623274014227923,3839.532820227743
170314603011,41.740046400505655,-87.55633473423057,1220.0,0.2934171961897852,4157.9021810667555
170314603012,41.73822815193684,-87.55630189003651,1085.0,0.29321323384284165,3700.3786827082486
170314604002,41.74630897177597,-87.5637201366476,700.0,0.29333955068518186,2386.3130572230766
171978826022,41.516278750378255,-88.09398797860773,,1.4328008437752817,
171978817002,41.53407555370962,-88.10425262353527,,0.7156564829485924,
171978832062,41.532991827838764,-88.14619114282154,,1.2101514515660048,
171978825002,41.51574065684535,-88.0760944738535,,1.0055829467156867,
171978826011,41.51781029984833,-88.103179974381,,0.5901039673607202,
170314604003,41.74267557797898,-87.56366488387704,840.0,0.2936275609170914,2860.766875481359
170314604004,41.73904687383701,-87.56360636036882,918.0,0.2933408278711473,3129.465498076661
170314605001,41.74988002213514,-87.56863946426697,764.0,0.29455022602503783,2593.785142555135
170316306001,41.8027452790841,-87.69404529268624,,1.142132792203288,
170316113002,41.80256857926387,-87.66760802580681,1153.0,0.18430247302961233,6256.020231561107
170318202042,41.75324709190733,-87.89161270532796,,2.2463916074374093,
170318216002,41.73050809180394,-87.70966480592205,,2.908460771381361,
170317302012,41.723995679682155,-87.66091797758445,1142.0,0.32870950162296464,3474.1922407521197
170316306002,41.799128855121495,-87.68181802839078,,0.8429981744787276,
170314902003,41.723653903810174,-87.61082378880857,,0.42714466320434613,
170314910001,41.69442811272658,-87.62691194709308,573.0,0.5060732765917763,1132.2471003783314
170316122001,41.80595424010894,-87.65881923366975,,0.22078450554895912,
170316122002,41.80452173207769,-87.65683882174109,,0.36777194178871264,
170316122003,41.80477147592431,-87.64993806438461,,1.0289444278816415,
170318346001,41.78349181307036,-87.63453315961277,816.0,1.3373737351564863,610.1510584133908
170318447002,41.852889380365625,-87.7163069865843,,0.24133043506599422,
170314902002,41.72542212914528,-87.62145812058019,,0.5785583448346179,
170314902001,41.725339199563926,-87.61675335485477,,0.5581396773734778,
170314910003,41.69842170271063,-87.63044400333534,465.0,0.6514254895402924,713.8191665299252
170316812001,41.77034347766901,-87.63568621236595,473.0,0.6561922042424165,720.8253876561752
170318447001,41.853892496517254,-87.7120361080314,,0.19606327967629864,
170318447003,41.855377183069145,-87.70760322274221,,0.2874789539163015,
170316812002,41.77068996181191,-87.64240093342212,778.0,0.2597984888065936,2994.628658441429
170314910002,41.70029808090075,-87.62571162928992,1210.0,0.5052003722451731,2395.089288281024
170316113003,41.805843155368045,-87.66813807117677,1542.0,0.2206552660490625,6988.2764531762305
170316114001,41.80617858607535,-87.6708601039761,1770.0,0.18376329074751316,9631.956376053051
170316114003,41.806155931397505,-87.67353370354809,1423.0,0.1837721505329173,7743.284256474498
170316115002,41.805136340457366,-87.67932077417191,2264.0,0.7584816224776969,2984.9108177523085
170316116001,41.79922391119873,-87.67678948050614,786.0,0.3277832306041869,2397.9262104141335
170316116002,41.79574517472657,-87.67702682818076,823.0,0.27621798670495495,2979.53080397728
170316117001,41.79706164857596,-87.67038350549059,692.0,0.18532855722519478,3733.909173852485
170316117003,41.799432095720796,-87.67263631723515,681.0,0.22046242501891586,3088.9617581842786
170312512002,41.896743839214054,-87.75751421511917,893.0,0.22740353343110004,3926.9398611634415
170312512003,41.89671055992162,-87.76150609546886,909.0,0.25809913502522164,3521.9025430332103
170312512001,41.89850779445024,-87.76460950510553,720.0,0.22217642050754202,3240.6679266648766
170312513001,41.90029400442828,-87.76740967955386,1015.0,0.22116560172384572,4589.321269169881
170312513002,41.89664847257629,-87.7672826610344,832.0,0.22135356150916324,3758.6926287859083
170312513004,41.900238260301805,-87.77105516743237,921.0,0.22157863206194495,4156.537981254995
170312513005,41.89823153458966,-87.773919804233,1282.0,0.3191772061527958,4016.5775477910656
170312514002,41.890697339224744,-87.76733375303856,727.0,0.23647696161961912,3074.295250669717
170312514003,41.892885637940466,-87.77256769206501,1336.0,0.30987234817805814,4311.4527896897425
170318047103,42.029803586430305,-88.10588086181991,,1.187608745388445,
170318047104,42.02837089248946,-88.11454176869665,,0.6790698545697462,
170318047111,42.042962945378136,-88.140880992301,,0.9110991392739501,
170318047112,42.0360878276215,-88.1423003161889,,0.49669877110110927,
170318047113,42.03033667090472,-88.13866582745334,,1.944278530048061,
170318047114,42.035390728708144,-88.13371851655086,,0.5444241143356182,
170318060043,42.04875457769512,-87.83895603966374,,1.994207461433799,
170318061031,42.0627001765059,-87.91563830531034,,1.4203973004214159,
170318061033,42.0565855382954,-87.91004843953819,,1.3546338213343267,
171479547004,39.864186593660556,-88.48957239393101,,130.81430781287386,
170318061032,42.05288982648895,-87.91730686625954,,0.981001274725527,
170318061023,42.04716080562439,-87.91128863915829,,1.703742190600456,
170318062012,42.044403960694034,-87.88714156228437,,0.5740254372091993,
170318095001,42.04969794905459,-87.68951895703152,,0.5426504381074234,
170318095003,42.04267556839736,-87.68621706552949,,0.3900900214591814,
170318096001,42.04510391989513,-87.69251580703536,,0.556886686758603,
170318096002,42.04456641771391,-87.69686836983601,,0.5222188535231872,
170318096003,42.04466195329612,-87.70435728312202,,1.2800591521717093,
170318097001,42.036865021501185,-87.69365975745552,,0.7420689629395493,
170318097002,42.037804927462204,-87.70000775307322,,1.032508947978073,
171479547001,39.983016511323264,-88.51816192973857,,188.20383516915865,
170070106012,42.38141585731324,-88.79371353998152,,159.181295692979,
170070106011,42.45972701609599,-88.8366871671604,,251.21438617188446,
170070106013,42.39430445077236,-88.72489426103535,,78.96027059382052,
170070104001,42.23177353646351,-88.89112330654528,,74.87196719980638,
170318097003,42.03761906543623,-87.70718117489086,,0.6256618652771087,
170318098001,42.03947042028094,-87.68685402007198,,0.3894938782687242,
170318099001,42.037602157468534,-87.67309780709127,,0.8682590612292338,
170318138012,41.85470123025709,-87.74171735128037,,0.5014966072528028,
170318138013,41.84825243263857,-87.74307162003362,,0.7510257976718935,
170318138024,41.84802762969118,-87.75029902590396,,0.2626731137514013,
170318138021,41.84798445992927,-87.75275978855626,,0.2654525014318338,
170318138022,41.847965752019654,-87.7552245076209,,0.2624048955875659,
170318138023,41.84792109175269,-87.75767465948779,,0.26344808612276277,
170318139001,41.8491636436594,-87.76631467855412,,0.30303809822669575,
170318139002,41.845491469800386,-87.76560442843697,,0.22391318055491172,
170070102001,42.25677596441842,-88.82803315808215,,1.896468744980821,
170318139003,41.843298689557415,-87.7696371442962,,0.22392902808868992,
170318170001,41.88912508451317,-87.86357978882742,,0.32472999295241295,
170318170002,41.88535566574881,-87.86501861267841,,0.6420264857012828,
170318170003,41.88375051555945,-87.87393640377697,,0.7579196818731935,
170318170004,41.886130607122226,-87.87891554224188,,0.7862812780625457,
170318170005,41.890479153499726,-87.8736255280183,,1.41573328337486,
170318171011,41.88021666535319,-87.8780885357068,,0.4811520881076271,
170318171012,41.87747496044615,-87.87839872267888,,0.42568945252307805,
170318171013,41.87466293039132,-87.87724549878688,,0.44774034118040074,
170318171014,41.872250293751804,-87.87870618727268,,0.4303126992649797,
170318201031,41.79559182801246,-87.86225540831184,,1.1239061559772967,
170318201032,41.788115871599565,-87.86397430046368,,0.9638081889719193,
170318201033,41.7952658229531,-87.86915724411733,,0.7855669682795278,
170318201034,41.79619388534549,-87.88231131000725,,2.626980974026093,
170318201041,41.78272484292274,-87.86421515991378,,0.7182364664600095,
170318201042,41.78334278556819,-87.87350004740787,,2.268044160910812,
170318201043,41.7856541798651,-87.88299335629571,,1.4392702728413655,
170318038002,42.107311505393724,-88.02843746074657,,0.9141855595504218,
170318038003,42.103069257316875,-88.03889910015559,,2.362886388135009,
170318038004,42.115140468233186,-88.03907063905471,,1.5695942143690602,
170318039011,42.10593442755622,-88.01909599304905,,1.5019311852768618,
170318039021,42.0856871470069,-88.01122584859623,,1.195905715847509,
170318039022,42.0794380794338,-88.0098124406957,,1.069328967362544,
170318049021,42.047793132351295,-87.92581361203968,,1.295976284186477,
170318049022,42.04862069652812,-87.93591566637231,,1.0795282597297267,
170318049023,42.04354943558007,-87.93622920755696,,0.5298536572589744,
170318049024,42.04082552365587,-87.9266155124042,,1.133460259140464,
170318050011,42.06296711998197,-87.94824325053611,,0.7228825910129091,
170318050013,42.05417818449856,-87.94662283577982,,2.1171101175424556,
170318062022,42.0347173095252,-87.88495862194684,,0.7653074478922264,
170318063001,42.04352505199466,-87.90290550982445,,0.7320678306266036,
170318063002,42.0402105398522,-87.8997744564101,,0.556778183559393,
170318063004,42.03259559126005,-87.90448583908959,,0.5507888621276398,
170318063005,42.03618955232881,-87.90379247488706,,0.6411301853722131,
170318063006,42.03969127756817,-87.9083840403492,,0.49982677493232264,
170318062011,42.046504357635115,-87.89247641798698,,0.5652160942411639,
170318100003,42.025212670255534,-87.66523196232862,,3.7999928956849027,
170318101002,42.03024924703788,-87.68222340488937,,0.18447850305520527,
170318101003,42.02755838980947,-87.683387822022,,0.3103363753302876,
170318101004,42.02949537859028,-87.68690195494293,,0.3305664815577747,
170318102001,42.02402895229179,-87.67910598014744,,0.20199486776626993,
170318102002,42.02060473792955,-87.67750091601447,,0.24068240244887976,
170318102003,42.020821107828766,-87.68262129910885,,0.19495279758570802,
170318102004,42.024410322062174,-87.68280841000644,,0.3550594230504269,
170318102005,42.025074998471965,-87.68769037333372,,0.2619753363766909,
170318102006,42.02146100138087,-87.68750757020904,,0.34798454034080195,
170318139004,41.844762005816264,-87.77066913443487,,0.26092538334665616,
170318140001,41.84941698377715,-87.77604475551281,,0.2670005851474078,
170318140002,41.84695215118542,-87.77500084588324,,0.2987728619013354,
170318140003,41.843917489333236,-87.77485527352972,,0.2613487350779617,
170318140004,41.841452606339075,-87.77577231677908,,0.29843005176675635,
170318141001,41.849236126604,-87.76140039434785,,0.3031702379479199,
170318141002,41.84601420610625,-87.76131310720918,,0.22455874073291296,
170318141003,41.8406583430759,-87.76353041690014,,1.8165977619454388,
170318142001,41.84073781814524,-87.7428838528982,,1.0818095877859184,
170318171021,41.881727807864756,-87.86149341079361,,0.5510368668429474,
170318171022,41.87657397145501,-87.86576427495136,,1.744363086870642,
170318171023,41.874285055946494,-87.87066878618158,,0.4890262693594864,
170318172001,41.88805700363483,-87.8558375581308,,0.5831650438403306,
170318172002,41.88403612305511,-87.85551711979817,,0.4804894723755641,
170318172004,41.87784240968662,-87.85058785311547,,0.4228111503877191,
170318173001,41.88408154040925,-87.84784809093546,,1.3241298385048204,
170318174001,41.890936436155904,-87.83487587189994,,0.7343904204821902,
170318201044,41.77662678833123,-87.88317187665483,,1.4735620170962527,
170318202022,41.75260301442363,-87.87272719782327,,10.52956777580476,
170318040001,42.072092726070714,-88.01065492174006,,1.7959442164871646,
170318040002,42.07319291338333,-88.02282996733271,,2.8029551922011855,
170318041021,42.10371363059664,-88.0711903094064,,3.201056375063224,
170318041022,42.096493886025826,-88.0850300640179,,6.961219170030994,
170318041061,42.092029168177525,-88.05499592433453,,2.160168346962395,
170318041062,42.092169203476686,-88.04019778922002,,1.4627484026261799,
170318041063,42.08274906885111,-88.05778833233609,,1.5684701740047713,
170318041064,42.08451972925481,-88.046098675663,,2.051135040448276,
170310306041,41.9846396473493,-87.6549462309337,1256.0,0.09961152644730599,12608.982562519186
170310801007,41.906319865354085,-87.62641705205594,546.0,0.03207634759688035,17021.888117121613
170311408001,41.96568392157465,-87.70594311774775,1271.0,0.15732531592271223,8078.801511032036
170312522011,41.87945789992341,-87.75220681583227,806.0,0.17877470432210235,4508.467811798541
170318050021,42.04474390097231,-87.95208572894407,,1.3290196325779482,
170318050023,42.040739666265516,-87.95758135004091,,0.687745446874941,
170318050024,42.039321110653866,-87.94565976409915,,0.6373908685893358,
170318064001,42.028295352176194,-87.88075848752113,,1.2810320277846134,
170318064002,42.0281592935825,-87.88859154443008,,0.8462015114026198,
170318065011,42.02008013968717,-87.89184862088239,,0.6071004095659737,
170318065012,42.0129282670849,-87.89054042021422,,0.90661420308894,
170318065021,42.02250862335452,-87.8791868462471,,0.6445305467352318,
170318065023,42.01332384418351,-87.87216951187867,,1.728713403041822,
170318065024,42.0167177883231,-87.88463410628647,,1.6261458097697696,
170318103011,42.03064939582601,-87.70459920751702,,0.9240340076727909,
170318103012,42.0239486832575,-87.70417335326614,,1.2204207843482093,
170318103013,42.02184421454978,-87.69803431294737,,0.5603381520352607,
170318103014,42.022195633126394,-87.6924925785031,,0.4268489611431931,
170318103021,42.03236535115141,-87.69465165402116,,0.49558941666411616,
170318103023,42.02645542610013,-87.69499679957661,,0.49021512786573423,
170318104001,41.99462370316557,-87.8259735010958,,0.5672897611606708,
170318104002,41.98965253606335,-87.82640319824078,,0.7374231656318103,
170318142002,41.83058474638485,-87.74419348452417,,2.047528922777968,
170318142005,41.8393025432334,-87.750378451861,,0.1969849854833481,
170318142006,41.84268255204294,-87.75006516175851,,0.5644311238704054,
170318143001,41.83735988264671,-87.75600800347169,,0.4388056805073053,
170318144001,41.82824656049782,-87.75840907821228,,0.2960534179852753,
170318144002,41.826417165659294,-87.7583903352542,,0.29467297211585847,
170318175001,41.87754833595341,-87.83144194206234,,1.564160905851305,
170898532002,41.76578946506855,-88.32040544610297,,0.9692149978013717,
170318175002,41.88216875658584,-87.83655474630856,,0.5145093409658777,
170318175003,41.885958355580875,-87.84017599589545,,0.7320112269296273,
170318175004,41.87892622682089,-87.84132982233248,,0.597883753619377,
170318176002,41.8680619117151,-87.83600490576148,,0.5985591946373782,
170318174002,41.8960169388998,-87.8386326567349,,0.6172858977506754,
170316304004,41.799036123298066,-87.70127332707241,1868.0,0.29649511813355034,6300.272367920056
170318024023,42.14383553887251,-87.91286480899502,,0.9009943518816413,
170318024024,42.1417732899267,-87.92083539749086,,0.7854183083202005,
170318025033,42.12941652359974,-87.95216092510208,,1.6840898608010335,
170318025034,42.12960091351727,-87.9581981217321,,0.26331036093335414,
170318041023,42.08689736459557,-88.06963330264688,,5.33980496131045,
170318041041,42.1057529141264,-88.10300244355153,,2.8857686761161303,
170318041042,42.106786588967914,-88.11646090335513,,1.2277051363573628,
170318041043,42.100020349661165,-88.11665302039329,,1.1791996021092421,
170318041053,42.09417837868978,-88.09607094678606,,2.1661178603336375,
170318042021,42.15081483127055,-88.12943301502276,,1.55430182802355,
170318042022,42.127932349845864,-88.12974543349871,,10.040930314050529,
170318043053,42.03540570530697,-88.16051417968953,,1.2706455229125038,
170318051072,42.047218769069076,-87.98840722792494,,2.933404240253548,
170318051073,42.03484804615629,-87.96545198082399,,0.5987254433009467,
170318066001,42.00623799823775,-87.87772720581786,,1.7390149410400852,
170318067001,42.05130004520044,-87.7138954993008,,0.8996194785945738,
170318067003,42.05163166290615,-87.72935434160986,,0.7308272563303495,
170318067004,42.05876091006881,-87.72976945245891,,0.5634658038108473,
170318068012,42.05724563445976,-87.7404522051278,,2.415074724145749,
170318068013,42.05162668887465,-87.7353983933607,,0.7311847692523996,
170318068014,42.04982984600082,-87.74155325200898,,0.38135979324189984,
170318068021,42.04537199794742,-87.73656769735956,,0.7317548147899473,
170318068023,42.04225740165987,-87.7410175269431,,0.6538888926595149,
170318104004,41.99343256247133,-87.8332659072318,,0.6855801710346139,
170318105011,41.96414197618947,-87.83222504013685,,0.7684882574443072,
170318105012,41.965045893114876,-87.82203478734446,,0.6830306019169139,
170318105013,41.960936779239034,-87.82902933248944,,0.5909794438383965,
170318105014,41.960942685069085,-87.8198555150201,,0.5192214113329341,
170318105015,41.95579956151235,-87.82552844603252,,1.5513549496936787,
170318105021,41.965349937982445,-87.81178434232554,,0.5571760352452345,
170318105022,41.96069486925954,-87.81215843076382,,0.8882513917289633,
170318144004,41.82540683501364,-87.76690447160254,,0.45040155153616046,
170318144005,41.82905286026054,-87.76695740422954,,0.44078709951598954,
170318144006,41.833707218214016,-87.76702246630691,,0.6952488151193622,
170318145001,41.83394246438863,-87.77479178132971,,1.18992457143369,
170318145002,41.82710216552403,-87.77427816614744,,0.44549934389375745,
170318145003,41.82343147449935,-87.77416658413267,,0.4515197865627566,
170318146001,41.863533662345425,-87.78145102851029,,0.29910848444833726,
170318146002,41.859878613573905,-87.78134839255077,,0.2988993540136936,
170318144003,41.82337310007824,-87.76064712348455,,0.8238297277385306,
170318177004,41.874240234786775,-87.85625991625123,,0.5807260965227922,
170318177001,41.86945124713647,-87.8582993739327,,0.561980237683133,
170318179001,41.86776035407614,-87.8507248487426,,0.595627994307807,
170318179002,41.85776359125,-87.83955449289923,,2.985714686206783,
170318179003,41.8532277530711,-87.84772325835358,,1.1823721475675986,
170318179004,41.86047154700861,-87.85043545815616,,0.5958990634051221,
170318179005,41.86406991416856,-87.85549029506898,,0.6093942409483261,
170318025031,42.126276575650664,-87.9586278903853,,0.30042159820964814,
170318025043,42.129073906935204,-87.9336464406685,,3.317213030390464,
170318026082,42.10627229441606,-87.95622795998595,,2.368764986647452,
170318026081,42.09833977483114,-87.95285833576516,,2.0691793097498987,
171030004001,41.88291946498336,-89.50539595812039,,20.162836602366614,
171030004002,41.85848882163436,-89.48336712026648,,0.9437110805800368,
171030004003,41.85355075786767,-89.47557084055514,,1.0120572753685289,
171030004004,41.85079991213313,-89.48297244130316,,0.6683228483845006,
171610241033,41.36414981141433,-90.72495754978027,,132.7509862101947,
171610202003,41.50240790285879,-90.37904292512444,,38.790252550434715,
171610220001,41.490406244291634,-90.51674964709922,,0.6096490877324973,
171610240003,41.43211963945515,-90.44765945543753,,19.75376984920735,
171610228004,41.501188838029044,-90.55235412751613,,1.166004414199972,
171610235001,41.49739284632489,-90.57322385539848,,0.9474818204194196,
170318043054,42.03537505017811,-88.17251459624616,,1.66420047215459,
170318043051,42.027629753212025,-88.16444036031467,,1.2456076584631701,
170318043061,42.02510934464033,-88.17688900084316,,2.045264179521569,
170318043062,42.024148119180694,-88.17088178724622,,0.6392052940687623,
170318043064,42.016939091154036,-88.17479912053821,,1.3739874861150043,
170318051082,42.04524139090377,-87.9645475580896,,0.9423249492172799,
170318051083,42.04773886347534,-87.97173253088242,,0.7336387458520337,
170318051084,42.04204265562506,-87.97172676364195,,0.39745257431342434,
170318051093,42.0547880411784,-87.97554871139633,,1.325439365584128,
170318051091,42.053986522325324,-87.96504285639026,,1.610140624808507,
170318051101,42.06263152393211,-87.9650753257292,,1.15324451699772,
170318069001,42.060185367916944,-87.75308524025212,,2.0315352936090854,
170318069002,42.051816413999724,-87.7515818812074,,1.1366062522611982,
170318069003,42.05603395549269,-87.76127250060162,,1.806142256054696,
170318070002,42.04199764670453,-87.75375983717362,,0.4630209007693137,
170318070003,42.04482090969878,-87.76075596511441,,0.7728542570801061,
170318071003,42.0454765461387,-87.72195040151048,,1.0319285453678693,
170318105023,41.95961180918006,-87.80477451205873,,0.8028171561645665,
170318105025,41.95528274345147,-87.81584057210969,,0.44321935293554915,
170318106001,41.96431750916881,-87.79240112799882,,1.6188348052085904,
170318106002,41.96127975102848,-87.80006727940336,,0.5437231965320786,
170318106003,41.966582928138784,-87.80232626220422,,0.6153609765838584,
170318107011,41.93350503472847,-87.81146653519157,,0.29653525227977123,
170318107012,41.93168746682377,-87.81141755273401,,0.295237222243391,
170318107013,41.92993274245449,-87.81154401102032,,0.2730922914026972,
170318107014,41.928243313577504,-87.81147704614887,,0.2738243021462193,
170318146003,41.85980624146444,-87.7862518152111,,0.29723434138911,
170318146004,41.86345793557398,-87.7863534126649,,0.2976874694666934,
170318146005,41.8615733660651,-87.78997277238682,,0.2970342598596953,
170318147001,41.86333351014036,-87.79377517424932,,0.30680347680309544,
170318147002,41.85969177858452,-87.79366978987856,,0.30609203647756594,
170318147003,41.85961176963886,-87.79879664330467,,0.31473528592209515,
170318147004,41.86324672151465,-87.79891512286268,,0.3160320148125155,
170318147005,41.86136777702426,-87.80276606947287,,0.31487033419006305,
170318148001,41.855859085554265,-87.79999185677949,,0.49821328691500705,
170318148002,41.85220996188743,-87.79982039731136,,0.4582831771482679,
170318148003,41.84866152611761,-87.79585374752398,,0.3586013925735816,
170318180001,41.857131669814834,-87.85828105094751,,2.394707154963761,
170318180002,41.847908674775724,-87.84698618996158,,0.5163903560124155,
170318181001,41.85262150714944,-87.87029547567691,,0.7426075770032938,
170318181002,41.85055285001319,-87.87529702133523,,1.662136554248767,
170318182001,41.869037269854836,-87.87288225815793,,0.6055866170838874,
170318182002,41.864393292472286,-87.87229661931799,,0.8930986122646289,
170318190002,41.82408429959552,-87.87574638353647,,0.7705657747768754,
170318026052,42.09143776022772,-87.91731106861054,,2.4258365112082942,
170318026053,42.09481661686502,-87.89943531261272,,1.132744297919902,
170318026054,42.09058069167156,-87.90042643919399,,1.2956248860922017,
170318044032,42.05682700632537,-88.25864663772578,,0.7727603377112471,
170318051102,42.06183930557025,-87.97416886270125,,1.059344639273919,
170318051103,42.063988827153814,-87.97973364122655,,0.694413243216493,
170318051104,42.063563937925984,-87.98666717752951,,0.6138009771971696,
170318051111,42.033702066835495,-87.92440445143309,,0.8011834302975412,
170318051112,42.03529767961291,-87.93176636565276,,0.6283383976138134,
170318051113,42.03286708696657,-87.9359675706492,,0.9144772397790614,
170318051114,42.03433785276874,-87.94832776823874,,1.6676306446443097,
170318051115,42.027293754427994,-87.95577619323987,,1.2829468921321205,
170318072003,42.03537415947703,-87.72250335048795,,0.5101313243954807,
170318072004,42.03899276478509,-87.72240253936992,,0.5098247634332729,
170318072001,42.03686424522176,-87.73876967788762,,1.969306890096792,
170318073001,42.035071051970945,-87.7496641154863,,0.8973890494394025,
170318073002,42.028511250255214,-87.75571143022964,,0.9904690672328249,
170318073003,42.03301497299024,-87.75615767492961,,0.7483362919621543,
170318073004,42.03711719151564,-87.75581526198296,,0.464732095510879,
170318107021,41.926076618848974,-87.81045472574785,,0.4324575854579962,
170318110003,41.91417507716712,-87.81693264321876,,0.44545373631581486,
170318110004,41.910521348770196,-87.81682054580475,,0.4460729505718174,
170318110005,41.915905956672816,-87.82312248846364,,1.2083627762457205,
170318111002,41.92549682774688,-87.83105045552993,,0.7751596931416171,
170318111003,41.919821879953346,-87.83295719993643,,2.506552910801281,
170318148005,41.845864636193575,-87.79948440348866,,0.9346028853649249,
170318149001,41.8551478494652,-87.7867354562326,,0.2029377255402501,
170318149002,41.85243402328114,-87.78665509957881,,0.34985852128553213,
170318149003,41.852316300287775,-87.79279225810824,,0.35586010838818016,
170318149004,41.85505423304527,-87.79292532270006,,0.20796642805070154,
170318150002,41.85440944171689,-87.78242391351274,,0.2965644464778167,
170318150003,41.85701156909372,-87.78992169504411,,0.37675475877226056,
170318151001,41.84894473155627,-87.78104017954725,,0.3033504026299078,
170318151003,41.84645863775041,-87.78820384565846,,0.5604899296950088,
170318152001,41.84434698767379,-87.78091465542552,,0.44798411512684316,
170318182004,41.86218783617555,-87.87851763850655,,1.5210573922505979,
170318183004,41.883066624851395,-87.90584315169347,,0.7117534592270637,
170318183001,41.878613394764486,-87.90892836850053,,0.780055740636766,
170318184011,41.86733283976209,-87.91040144371534,,2.83364008197357,
170318027011,42.08477835868083,-87.93439805518004,,1.6147753548581874,
170318028022,42.075256718590595,-87.93802542074349,,1.026184645191353,
170318028023,42.071674293499875,-87.93648715070336,,1.0718648305709513,
170318028024,42.068048332885034,-87.93248975050393,,1.1211186068165093,
171194020004,38.90651372828278,-90.15129760758968,,1.08200820628207,
171194033002,38.66980043545278,-89.99036482939329,,0.6208999637880729,
171194001021,38.71125421077704,-90.14239662247691,,0.9088490988646537,
171194028012,38.96365655739848,-90.1137212751679,,79.29961447751367,
170318044042,42.040119417613774,-88.24505356829683,,0.7088892268238483,
170318044041,42.04041804561748,-88.25349596577732,,0.6168270745326767,
170318045081,42.00731946210545,-88.18009985039791,,1.6965128529748439,
170318045091,42.0077668580261,-88.17122670488719,,1.0065658694819173,
170318045094,42.00063597153369,-88.16496360002697,,1.455142839692627,
170318051116,42.02787105513855,-87.94776285340667,,1.7260704560408142,
170318051121,42.020477622140504,-87.93336983354168,,3.772004458697092,
170318052011,42.06353690261562,-87.82318871419744,,0.938306021016865,
170318052012,42.06385663541542,-87.83488802457441,,0.6805826986568144,
170318073005,42.03884866247004,-87.75923413580963,,0.5947627753473467,
170318074002,42.02485163908718,-87.73864044439603,,0.9341306759824164,
170318074003,42.0290187761354,-87.74496135429176,,0.4288717759987955,
170318075001,42.03170614652326,-87.72803123817016,,0.5853437023796659,
170318075002,42.028074207377166,-87.72813018327868,,0.5857474414804325,
170318076001,42.03035963136039,-87.71502261160147,,1.4672670529596936,
170318076002,42.0192630955005,-87.74221354060117,,0.9870727964850798,
171079533004,40.14680848142847,-89.36412814821034,,1.6995855003909746,
170318112001,41.93368118846617,-87.85254515561267,,1.1914267481899987,
170318112002,41.92676468912513,-87.8486172139519,,0.647921319265141,
170318112004,41.924093503716975,-87.84984182214764,,0.5165767486359913,
170318113011,41.91992745963555,-87.87899264588093,,0.7814672871910985,
170318113012,41.9164304803254,-87.87789977417917,,0.5844584014264597,
170318152003,41.834141070802666,-87.78174643703743,,0.7422298477047139,
170318152005,41.83951040909155,-87.78665083323868,,0.7427281131190294,
170318153002,41.84154148883905,-87.79858852462803,,0.4107586866409027,
170318153003,41.83912787161175,-87.79551831564568,,0.3795354934097828,
170318153004,41.83489425264201,-87.79543827531015,,0.3165659800678203,
170318154001,41.831380350811806,-87.78919437502532,,0.7082565888477188,
170318154002,41.8298779810287,-87.79459014494658,,0.3975527084542857,
170318154003,41.82843556273414,-87.79966483031312,,0.7807492812095893,
170318184012,41.867232778283075,-87.89352388302306,,2.686172661836121,
170318184013,41.85880005123423,-87.89053774519805,,2.0314481865299494,
170318184014,41.85576179455904,-87.9095474644965,,4.785398142049903,
170318184021,41.853866957355876,-87.88710826208207,,0.4721946237028914,
170318184022,41.85118432283054,-87.88952250814759,,1.1025438847884377,
170318184023,41.8516942739749,-87.89852406964113,,0.723266138805285,
170318028025,42.06956427653161,-87.95417127612741,,2.4896588033735,
170318029001,42.10634266883917,-87.97317980770349,,1.7237142035737536,
170318029002,42.098694050136935,-87.96768974604909,,1.8433279913925809,
170318029003,42.09159687325327,-87.96250820843568,,3.151724139561643,
170318029004,42.09644617524693,-87.97922970483054,,1.546366069622982,
170318030051,42.12712327233047,-87.98745279646468,,1.0179684634960728,
170318045092,42.00606270727941,-88.1634963472449,,0.8775805069510707,
170318045093,42.005607367254825,-88.15719348393758,,0.5665048655324347,
170318045104,41.998664693822406,-88.1526633639297,,0.7382550649710149,
170318045111,41.99340575164745,-88.1553400809898,,0.7769688627280583,
170318045103,41.99665921921172,-88.161142451234,,0.5441041659317242,
170318045051,41.998402525983344,-88.17770828414086,,1.8562260881984816,
170318045052,41.99268713740447,-88.17089237681557,,1.8004302192083679,
170318052013,42.058198327728185,-87.8332464777232,,1.7066476317055903,
170318052021,42.0632308827104,-87.81084719708983,,0.8086003648456124,
170318052023,42.0583182409852,-87.81544735223181,,0.9009950541265165,
170318052024,42.05831196392634,-87.82248701613389,,0.6890926782201026,
170318053011,42.041993258160346,-87.81567689280277,,0.6516063899083342,
170318076003,42.019575769880724,-87.7173010678719,,4.185234519961196,
170318076004,42.0192451191283,-87.72871090840317,,0.6100804161153969,
170318076005,42.01908684988598,-87.73462257431385,,0.7537939183285179,
171610207001,41.515288969829,-90.44308091012225,,0.664101275156752,
171610207002,41.51440568068961,-90.45508730979452,,0.5062546682268836,
171610208001,41.50850960715003,-90.42886541020044,,1.8416956913432414,
171610208002,41.5077639505324,-90.4381762997391,,2.921600502438558,
170318077001,42.02304157195532,-87.74975406712022,,0.8441594518968581,
170318077002,42.01669737633373,-87.75241645112919,,0.8952719181470191,
170318077003,42.021045022983834,-87.75490759410918,,0.5640229769823286,
170318077004,42.02278020729363,-87.76067689551884,,0.7737106190361728,
170318113013,41.92238252863665,-87.8882727678493,,1.017860531459682,
170318113021,41.91861539958224,-87.86882662230545,,0.9731050733466055,
170318113022,41.915689512916266,-87.85809191431737,,6.250844132876711,
170318114011,41.933748065457806,-87.8824033433878,,0.43954958729153315,
171610208003,41.5066750110821,-90.45264703033646,,3.4064924490547837,
170318114013,41.93393299298964,-87.87269032042815,,0.43942847558095527,
170318114015,41.93290936154925,-87.86177488311611,,0.8661331238435425,
170318154004,41.835725542446546,-87.80054845288609,,0.660898003492618,
170318155001,41.82834314375712,-87.78033273861679,,0.5109654144447552,
170318155002,41.82335122421947,-87.78028040691412,,0.29975582962984887,
170318155003,41.82328115884349,-87.78517490588125,,0.2979225569319275,
170318155004,41.82746711825689,-87.78516595690493,,0.3778568903965332,
170318155005,41.82484541247616,-87.78944074157648,,0.4208148567363823,
170318155007,41.82309107073541,-87.7990893094156,,0.3952287408573275,
170318156001,41.84667595705725,-87.81014877040286,,1.5652918192738314,
170318156002,41.84707377525447,-87.81969920720219,,0.6197306003797657,
170318185001,41.83980591547862,-87.8829160102358,,2.564032238574147,
170318185002,41.8450112386572,-87.89243560208328,,1.3999075392550575,
170318186002,41.83952642508063,-87.85861993806273,,2.1073725457810895,
170318030052,42.133391821412445,-87.99307805781645,,4.53266786700143,
170318030171,42.11414543976207,-87.99059339075485,,2.216034070591876,
170318030071,42.13560628061231,-87.96742388043928,,1.2681674950908854,
170318030072,42.128509893879695,-87.96584064027434,,1.3956043623413257,
170318045053,41.989894447102934,-88.17667048900965,,1.9392978894540835,
170318046032,42.05689378105542,-88.03831087742819,,2.845530658819879,
170318046033,42.047707726455734,-88.04846943066681,,8.793630785995475,
170318053021,42.05281177021266,-87.82016352478537,,0.726556120010207,
170318053022,42.04558500756033,-87.8116218633012,,1.038718911175929,
170318054011,42.037353900824314,-87.81999410319253,,0.8870830141068481,
170318054012,42.02956575119241,-87.81993625443532,,0.8826718814197061,
170318054013,42.03284321945776,-87.82956175127956,,2.967789482747031,
170318078001,42.00836093923816,-87.75963836461702,,1.2774256791091465,
170318078002,42.017756444510674,-87.76529588797712,,3.3416033569336863,
170318079001,42.00975948490051,-87.74628832199389,,1.1852757236352405,
170318079002,42.00065976095887,-87.74467623524893,,1.0917172200832532,
170318114021,41.92885144559894,-87.86993148559094,,0.7768189320613618,
170318114022,41.9270349381432,-87.88027074441912,,1.2324406998232609,
170318114023,41.9242619410575,-87.87164130986342,,0.9162164868693374,
170318119001,41.90697064694114,-87.8105721440595,,0.5988769901953063,
170318119002,41.90146826800187,-87.81037988818146,,1.1869987847146792,
170318119003,41.89586472938071,-87.81554111828014,,1.2442949629281228,
170318156003,41.8414899945708,-87.82614177912194,,1.7713499949804048,
170318156004,41.84793209788363,-87.83893088423913,,0.44794220264411694,
170318156005,41.845547899800785,-87.83353880859298,,1.4777468162051313,
170318157011,41.841346128580696,-87.81271598446673,,1.0327508249295614,
170318157012,41.83770820790304,-87.81874688968828,,0.6832381028884946,
170318157013,41.83720581260918,-87.80874886553067,,0.8787664142137929,
170318187001,41.83984463736929,-87.84734310760547,,1.049577018433814,
170318187002,41.83522495458476,-87.84732410302925,,0.40852377279589835,
171610220002,41.479898747855515,-90.51948014450443,,3.8411670415778065,
171610220003,41.489603521351754,-90.52447100172758,,0.8918872450012223,
171610221001,41.489904245270026,-90.53331656180534,,0.989813782532493,
171079532003,40.156447547924586,-89.34167854182478,,5.407081497657517,
170318187003,41.830455558671446,-87.8453133688717,,0.8130341736959892,
170318187004,41.82378029275236,-87.84380254045129,,0.4884718681223345,
170318188001,41.83211948567421,-87.85169741230803,,0.4450839527626676,
170318188002,41.823938925936055,-87.85014867836561,,0.4445872641066701,
170318188003,41.82117235596222,-87.85320419440137,,0.46632708840818105,
170318188004,41.823759546647096,-87.85746673194885,,0.4436675076847653,
170318030073,42.13155201581746,-87.97608725752332,,2.0073887811771227,
170318030081,42.113477140906,-87.97280659938764,,1.7171860117413527,
171079534003,40.14985120608925,-89.37504158321273,,1.3991708999750676,
170318030082,42.12123137001426,-87.9612197538606,,1.0301924525543915,
170318030101,42.14925474190187,-87.96274779170226,,0.5890941707424416,
170318046082,42.041655930486755,-88.07506869353867,,0.8148198495954171,
170318046112,42.02402842826694,-88.07503841967178,,1.1677140029473172,
170318054021,42.03887469674182,-87.81119849158775,,0.5973303197306723,
170318054022,42.03521962032923,-87.81125125301618,,0.5976258076057167,
170318054023,42.03157186181681,-87.81129653619143,,0.5942627113441967,
170318054024,42.02588113134974,-87.8103345216306,,1.126097896456101,
170318054025,42.02172954465943,-87.81323289584441,,0.6677077842227649,
170318055011,42.01408494030383,-87.83278957932717,,0.7399446050534425,
170318055012,42.02335280236716,-87.84242555643955,,0.9340422422667803,
170318080011,42.01245737868087,-87.73717207607288,,1.0782056682833154,
170318080012,42.00898524113941,-87.73045289233278,,0.772683444472937,
170318080013,42.003576354055916,-87.73630523514203,,2.1413220253486958,
170318080022,42.00654870435905,-87.71589922095752,,2.4466558887801138,
170318080023,42.000070842229796,-87.71667762567984,,0.7992511475841866,
170318080024,42.00052158569293,-87.72512049827532,,0.866338392985158,
170318119004,41.901369801435955,-87.82458427117874,,3.423226011107505,
170318120001,41.892429881736845,-87.81004642159603,,0.560085885887855,
170318120003,41.89045875774561,-87.81918484406243,,1.0140537628741695,
170318120004,41.885008814791775,-87.81873662328702,,0.5339821619859223,
170318120005,41.881222851636664,-87.82145450011768,,0.8430818514843725,
170318120006,41.88809643395767,-87.82774107257158,,1.5927069863413177,
170318121001,41.90659883057371,-87.77742523439453,,0.34013769433844404,
170318121002,41.90110928729385,-87.77716308914593,,0.339293068819349,
170318157014,41.82932966220649,-87.80495881746951,,0.7992843833157259,
170318157021,41.83246998061362,-87.81407341521219,,0.7586580160142711,
170318157022,41.829056770716264,-87.81272547562061,,0.7668438720151086,
170318157023,41.823976100674464,-87.81498394342488,,2.0556961438526056,
170318157024,41.82527624724292,-87.82729630474614,,0.9151422206938657,
170318188005,41.82740060639927,-87.85450668702259,,0.8158563809013714,
170318188006,41.83196391532673,-87.85780586049297,,0.6674946387540786,
170318189001,41.827275573396484,-87.86300815959311,,0.8384683355270833,
170318189002,41.82465378145759,-87.86822193862646,,1.0223111832208933,
170318189003,41.83159853936898,-87.86913167600886,,0.8119408320699669,
170318190003,41.821861439123865,-87.87958130935287,,0.8064979633168601,
170318191001,41.81256631330659,-87.80789194711124,,2.271662218719282,
170318030102,42.15081200639745,-87.97013223044439,,1.1566901947886883,
170318030103,42.150213142783464,-87.98032979329423,,1.0092676637510676,
170318030104,42.1505171239454,-87.99431694036207,,2.0041181849645877,
170318030132,42.14317964000233,-87.97315809276625,,1.3634512432767247,
171610209001,41.49537913306025,-90.42853119126488,,1.2109295324868548,
171610209003,41.49719435270281,-90.43824446955955,,1.388283276014268,
171610209004,41.49890154716536,-90.45129016427276,,0.7087490412204364,
171610209005,41.49372886978151,-90.45295397651547,,2.2159541711680544,
170318046111,42.01189416814907,-88.0655480400718,,1.8050502804811588,
170318046061,42.003081638285266,-88.04128533074143,,1.1313677278413161,
170318046063,42.01398783272009,-88.03839292193581,,3.4781024915927694,
171430043001,40.74168075116983,-89.58139366126308,,1.5574214895218343,
171610211001,41.46550369381749,-90.48090306001524,,6.6377635143593325,
170318055013,42.0199012795393,-87.8376745491715,,1.994246325558815,
170318055021,42.02306503164298,-87.82128115439117,,0.9226124159490726,
170318055022,42.01800455879958,-87.82235567274232,,0.5616177887368449,
170318055023,42.01053791821568,-87.82332331366956,,0.8380307027137328,
170318055024,42.01677328892486,-87.82783134091466,,1.030320511835364,
170318056001,42.00309729208958,-87.83591390236015,,1.0289625336275199,
170318056002,42.00592785899158,-87.82879860924483,0.0,1.0551112035042653,0.0
170318056003,42.00037067585756,-87.82631508690415,,0.6006430346427397,
170318081002,42.00632266649814,-87.80026438052174,0.0,2.4695990963632437,0.0
170318082001,42.03461639525172,-87.80239929654911,,1.3048800683367325,
170318082002,42.026828084675934,-87.80232907694203,,0.9330166667713793,
170318082003,42.022048032797734,-87.79286342940047,,2.532420084575816,
170318083011,42.03394903754681,-87.79270870713847,,2.887889395920581,
170318121003,41.898012926095994,-87.780776020515,,0.468517989118899,
170318121004,41.90180794617358,-87.7818592805122,,0.3600634139264456,
170318121005,41.906363795885554,-87.78142893321632,,0.37234817448093843,
170318122001,41.90737755389269,-87.78855718614172,,0.6028960827238736,
170318122002,41.903747194670174,-87.78886383197315,,0.6193866347044833,
170318122003,41.903463201388874,-87.79960890814102,,0.7299828996968609,
170318122004,41.90713472261339,-87.79978946833154,,0.7262945849519282,
170318123021,41.899758016416534,-87.80164281375343,,0.4622435630649613,
170318157025,41.831759726577005,-87.82579295550103,,1.554953631522143,
170318158001,41.83154867020064,-87.83699944620557,,3.579544781561158,
170318159001,41.88558213047252,-87.80981314937704,,0.4362815070359372,
170318159002,41.88205130577631,-87.80701063354927,,0.34155152108843606,
170318159003,41.88176243861834,-87.81184566775524,,0.41888171858846057,
170318160001,41.87608706442931,-87.80844349837936,,0.5494706529494026,
170318160002,41.87762813789675,-87.81131754641937,,0.36649673594927296,
170318191002,41.816166184104226,-87.81304738964748,,1.042657416239715,
170318191003,41.81802026756672,-87.8181287434887,,0.6009132652189929,
170318191004,41.81809576473533,-87.82547325993514,,0.8955670800475083,
170318192001,41.809688621329485,-87.81841047927804,,0.5349291434165702,
170318192002,41.80844181188147,-87.82727178626565,,1.1412513496014303,
170318192003,41.81525969072355,-87.83210245350992,,2.053733985940383,
170318031001,42.105218354261126,-87.98632248317135,,1.8302341300379958,
170318032001,42.10439964356408,-87.99934046763454,,2.105146463019817,
170318032002,42.09690292216659,-87.99423858510251,,1.7438219483523425,
170318032003,42.091882596266096,-87.99976145569244,,1.1930997126236822,
170318033003,42.08641253791253,-87.98083138866409,,1.2493383533793847,
171610211002,41.466205490090125,-90.44889339973801,,11.86789342518282,
170318046064,42.01118453048915,-88.05400477883776,,2.5033751754899627,
170318046071,41.99903612024366,-88.03473782330798,,1.5834929038827548,
170318047011,42.05976366997586,-88.13460925742345,,0.616864548028906,
170318056004,41.998560143656015,-87.83072876983817,,0.7419019161971937,
171610212001,41.48396215871476,-90.46330183117887,,2.538711022426771,
171610212002,41.48483868963475,-90.47479235335956,,1.731190000901975,
171610213001,41.50229501583102,-90.46521995884717,,3.032663044168303,
171610213002,41.49953178475901,-90.47440839183743,,3.867110033477741,
170318057011,42.00390968223197,-87.8421831617046,,0.7087788659677275,
170318057014,42.00321470238268,-87.85856461893671,,1.5030819239526234,
170318057015,41.999999512768994,-87.85092207299925,,1.2162065267354385,
170318057021,41.993415257826385,-87.84081170917575,,0.8796913916534089,
170318057022,41.99150229003882,-87.84928492247661,,2.1567626017635764,
170318058011,42.021268946752144,-87.85765252459973,,0.5843625352744332,
170318083012,42.03195143099699,-87.78250823943965,,2.582099741097203,
170318083013,42.03812480740026,-87.775568965801,,0.7555693191985547,
170318083021,42.03510382089926,-87.76926412724973,,1.0061608196496692,
170318083022,42.03279463059,-87.76520645403384,,1.0065529779295628,
170318083023,42.02569711220268,-87.76502977679783,,0.5095066874325398,
170318084001,42.05049139968522,-87.7890620132393,,3.2401171373427315,
170318123022,41.89610838012037,-87.80151780044942,,0.4613549082853467,
170318123013,41.888902730447626,-87.79427275534407,,0.43442466555693066,
170318123012,41.88858758486452,-87.80130536811119,,0.4706619452418988,
170318124001,41.89516282820667,-87.78771218306474,,1.0842977278895027,
170318124002,41.89344305459612,-87.79354793107333,,0.7048675227736936,
170318124003,41.89897885142755,-87.79386190698723,,0.7196619119564668,
170318125001,41.89416378467858,-87.77755052234214,,0.37857848632797475,
170318125002,41.889450249535166,-87.77739167205559,,0.3870391810725004,
170318160003,41.87615569800999,-87.82088386308205,,1.363635763804293,
170318161001,41.87185824887217,-87.80850690676026,,0.6233002506003236,
170318161002,41.865613411977385,-87.80679643624624,,0.48060274262648595,
170318161003,41.86026518978441,-87.80630155654049,,0.40534374845226084,
170318161004,41.85734111944875,-87.81321191652263,,3.698260715262783,
170318161005,41.868426172088114,-87.81341460467716,,0.4900077704483181,
170318192004,41.80935171366534,-87.8370397280125,,0.730887487671455,
170318193001,41.81758446733667,-87.8428142923396,,0.46608262926480903,
170318193002,41.817388751308435,-87.84944288945377,,0.7932489854056011,
170318193003,41.81741780269279,-87.85672608762208,,0.5966888274606187,
170318194002,41.808131759578664,-87.84682666197362,,0.8719805393601332,
170318194004,41.812120026726795,-87.85569097645977,,0.5620015578600823,
170318194005,41.80771189803481,-87.85625622104419,,0.5559299149466312,
170318195001,41.81765514847719,-87.86950745293615,,0.8312021305503462,
170318033001,42.08484403239697,-87.9965997402632,,1.8122974908050586,
170318034001,42.077154415036404,-87.95916329813915,,0.7503728126577498,
170318034003,42.0767236907728,-87.97157778475272,,0.8815672294215069,
170318034004,42.07133195983505,-87.9681626372729,,1.3310533106155924,
170318034006,42.07767943250131,-87.97929848572366,,0.9562357559507836,
170318035003,42.06915333991372,-87.99565552417369,,1.6920909421141193,
170318035004,42.07443435228362,-87.99662709501364,,1.3938917666266948,
171670039014,39.706902726580815,-89.503107450456,,69.97248318281899,
171670001003,39.839970283745146,-89.63843510682494,,7.153088483314032,
171670039023,39.788077596203735,-89.50589171764942,,33.29796558081329,
171670039012,39.74483079641139,-89.55412089894139,,12.04341494333766,
170318047012,42.057544282280595,-88.13001464822146,,0.5466323964207028,
170318047014,42.06422728278043,-88.13221443041324,,2.605740233640591,
170318047051,42.05876696038416,-88.11547471775064,,1.8512520345259151,
170318047052,42.058332676683484,-88.12417940324289,,0.674084120219441,
171670026002,39.76878930353676,-89.64458013315506,,0.6140013290988312,
171670038011,39.85126826880896,-89.57642941592229,,23.168506703861492,
171670030004,39.726962341168495,-89.66429833245849,,21.091118693519928,
171670031001,39.769260397670486,-89.59155448952745,,8.568344242373737,
171670036031,39.76809160734355,-89.77516999870895,,42.29267498583554,
171670034003,39.575398645312575,-89.78531327724407,,91.79604719598542,
171670033004,39.59682735370405,-89.65379485545213,,105.0939192310282,
171670005033,39.819251473846755,-89.63072096792902,,0.535669979709536,
171670036011,39.86454459443677,-89.77051458235361,,108.46292760910153,
171670016004,39.79172476428848,-89.62526827881112,,0.6456904924900833,
171670040004,39.805941997268214,-89.42766171742562,,97.32796411079504,
171670022002,39.775553669980795,-89.65541645039022,,0.6773507600903814,
171670030002,39.71013969068195,-89.63915289900731,,1.128323884236201,
171670035001,39.87280941229097,-89.90691933415047,,156.63063011621898,
171670010042,39.798114871276645,-89.70328973225195,,0.628585309105679,
170318058012,42.021040606061675,-87.86723657862022,,1.7576794049211009,
170318058013,42.014242251688955,-87.86016159096003,,1.1572478456808752,
170318058021,42.021182094498506,-87.85214691558886,,0.7198198730330042,
170318058022,42.0160911156204,-87.85037662425965,,0.5921673156995786,
170318058023,42.01326220018499,-87.84149489002863,,0.7282804716503396,
170318058024,42.009089379964685,-87.84074700621882,,0.5848051312549304,
170318058025,42.01244105264009,-87.85041829022856,,0.5885413819488988,
170318084002,42.04325271961801,-87.79657243932157,,1.0573542919782544,
170318084003,42.048822599988455,-87.8027435594036,,1.425758918098646,
171610216003,41.495480196394375,-90.50373635580962,,0.6877188540700048,
171610217001,41.502592367555756,-90.51320307740674,,0.8835431890315735,
171610217002,41.497699787589184,-90.50936885901771,,0.6331171222227755,
170318085003,42.04453938078914,-87.77139218661219,,0.5880351513625963,
170318085004,42.0440494185668,-87.77666822961999,,0.6212723683425377,
170318125003,41.889134835651355,-87.7837550293912,,0.5952007721965329,
170318126002,41.88205937220651,-87.77716730320981,,0.3187678362293064,
170318126003,41.88188466029831,-87.78199229413832,,0.3021389656730903,
170318126004,41.88535982362028,-87.7822340712901,,0.2666756775312174,
170318127001,41.88344570459425,-87.78618925380468,,0.3803106022539254,
170318127002,41.88339055319822,-87.78945369488612,,0.38604875871659333,
170318127003,41.88334526131367,-87.79272481586841,,0.38720528595877624,
170318128023,41.881566763358975,-87.79637473841463,,0.2529107609061662,
170318129001,41.87801068300175,-87.78990564962281,,0.3720807228175128,
171610217003,41.4925530132063,-90.51008059025276,,0.6862326279988087,
171610218001,41.48747921788609,-90.49052205316792,,3.068262479938245,
171610218002,41.4783411957117,-90.48840140783895,,3.451375164339533,
171610218003,41.48402254312234,-90.50615783174979,,2.2337248227849544,
170318162001,41.90451611182217,-87.83462948018678,,1.4982804918636754,
170318162002,41.90335173694453,-87.84229054833916,,0.8178285034177982,
170318163001,41.90608846782714,-87.85443880123172,,0.4165776367550229,
170318163002,41.90240820967072,-87.85460818650135,,0.44805394589243747,
170318163004,41.90614863583701,-87.86102041538254,,0.4261050455436141,
170318164011,41.89903266489977,-87.86050891886978,,0.33992955581032297,
170318195002,41.81384816450871,-87.87401548149855,,0.4942369207416802,
170318195003,41.81517999979544,-87.86552100993283,,0.5119479699998535,
170318195004,41.81056888622077,-87.86189974230986,,0.8065317797443076,
170318196002,41.807027173816195,-87.86918743548459,,0.6620725268951506,
170318196003,41.80330050229587,-87.86675979352404,,0.8950524911165715,
170318196004,41.79972880113814,-87.86924437277659,,0.5223599229500893,
170318197003,41.8098251546955,-87.88182595459268,,1.470604191921202,
170318036042,42.135282693836245,-88.0448770862863,,0.8518313288012191,
170318036044,42.12743601744513,-88.04093421701177,,1.1786302179287491,
170318036041,42.1229620091829,-88.04166893155839,,1.103739045667716,
170318036052,42.124996811197065,-88.0301357503421,,1.1303900149482398,
170318047053,42.05054958386471,-88.12042875495118,,1.046715128834229,
170318047061,42.057020990857694,-88.10475909480112,,1.7639272299101516,
171194009032,38.71337746328591,-90.05440259849014,,32.073026287554804,
171194022002,38.917088936960766,-90.19808019434181,,1.7880104342843697,
171194023001,38.896920385140106,-90.19783186523263,,4.307498153782209,
170318047062,42.05101692843546,-88.10795907795507,,1.316801102847684,
170318047143,42.06490716314149,-88.10530915643467,,1.6590522661749627,
170318059011,42.03781448960196,-87.86422091948221,,1.5861118423399037,
170318059013,42.02766290202497,-87.86061466073058,,1.0395764235012468,
170318059021,42.03622620957493,-87.83815045363514,,0.61985651088339,
170318059022,42.03448413503257,-87.84303654074091,,0.8848062152186252,
171194023002,38.89953565134795,-90.1932682581875,,0.8975368933938049,
171194024002,38.89172512826634,-90.17437631072926,,0.6085180727685126,
171194025002,38.89225587481457,-90.17007812756556,,0.9084204047812485,
170318059023,42.03533219255479,-87.85327923469372,,2.004257883791631,
170318059024,42.028969894892896,-87.83821621508314,,0.5599716942303306,
170318086001,42.060910531486165,-87.78175779991382,,5.287353494671438,
170318086002,42.05804177489256,-87.79806607979337,,1.6343943393821228,
170318088001,42.06503479977967,-87.69446808156178,,1.3988100142420234,
170318088002,42.065672273436725,-87.6779054018129,,3.4291091050683153,
170318129002,41.87432135674919,-87.78981327830901,,0.3779608254499538,
170318129003,41.8765653521994,-87.79541496679307,,0.5635358859893432,
170318129004,41.8763105029278,-87.80104527813951,,0.7033099594585883,
170318130001,41.878233010356155,-87.77703960680408,,0.3051147490598444,
170318130002,41.87455263883054,-87.77691118516117,,0.2954680476633689,
170318130003,41.87448473773893,-87.78182122365435,,0.29786588650467893,
170318131001,41.87090974108072,-87.776779013919,,0.299354973920287,
170318131003,41.86718556012748,-87.78156318330923,,0.29833888996344166,
170318131004,41.87111759997737,-87.78286145553272,,0.39592387630843784,
170318164013,41.89566617377251,-87.85876685782392,,0.2693725841137953,
170318164021,41.89872377272836,-87.85374450942463,,0.3739943512707219,
170318164022,41.894804166893366,-87.85342451761768,,0.422316797484728,
170318164023,41.8936234335885,-87.84716070183921,,0.6675118812176641,
170318164024,41.89111731580185,-87.8522107780492,,0.3957977457005956,
170318165001,41.90184039450447,-87.8696532236361,,2.0137126338417946,
170318164012,41.89486873897636,-87.86258189132305,,0.2860607437163466,
170318197004,41.80507167948907,-87.8806383287044,,0.779435917489145,
170318197001,41.79837900671634,-87.87624614471733,,0.7802044237294242,
170318198011,41.81729052457238,-87.89416324946686,,0.5838548258067774,
170318198012,41.813173991222875,-87.89432008793635,,0.7215723552532102,
170318198013,41.8077804984611,-87.89351503745819,,1.0309810683374507,
170318198014,41.80913489697287,-87.90175356409475,,0.7066162807545211,
170318198021,41.79913713100792,-87.89334341327522,,1.733168247777357,
170318198022,41.79479561839307,-87.89684813081584,,1.3934098634905194,
170318036053,42.123441639069966,-88.0218498829344,,1.5057700150804838,
170318036072,42.12029323402385,-88.01569660647708,,0.9339016274853587,
170318036073,42.1173606637189,-88.00840464619307,,1.9509373949141569,
170318036074,42.113272082886795,-88.01838319677177,,1.1436204549787727,
170318036114,42.1511459769721,-88.02167285082497,,0.3387206590260958,
170318047134,42.051713736424404,-88.09504652424391,,0.8732752444501569,
170318047091,42.0444195452106,-88.08442966249518,,1.4418509861214384,
170318059025,42.0306897455597,-87.85062997800327,,0.5497885329964044,
170318059026,42.027297313431006,-87.84753964582029,,0.8675411022418947,
170318060011,42.061595591330246,-87.84432114622052,,1.1975920471117596,
170318060013,42.056068304217895,-87.84532232507934,,0.42498795924553867,
170318060023,42.048120409988066,-87.8595363268863,,0.6613683348036894,
170318060024,42.045010468574525,-87.85751984673632,,0.28199022459642636,
170318089001,42.06652509101154,-87.70564196100005,,0.758948067724512,
170318089002,42.06675383796664,-87.71360056051758,,0.44965298024769523,
170318089003,42.066432370832814,-87.72515403255954,,1.3950292261041866,
170318090001,42.05846914514654,-87.71233159393064,,0.48365361069418983,
170318090002,42.06033357934935,-87.71543989587103,,0.6619736715042597,
170318090003,42.05899983729929,-87.72119676892062,,0.9123641082925423,
170318090004,42.061374923992105,-87.72481651787467,,0.5761622464042564,
170318091001,42.06106343831709,-87.70003283807813,,0.6860130467032168,
170318091002,42.05611062234022,-87.70539476306318,,0.8088937773934897,
170318132002,41.86702328969787,-87.79136603430648,,0.29657434595281335,
170318132003,41.86693418526323,-87.79642308856027,,0.3178277173361031,
170318132004,41.8704961100871,-87.79660984115905,,0.3024237467778222,
170318132005,41.869529612791986,-87.80139024967681,,0.8024941276468983,
170318134001,41.8626759570329,-87.76291005743138,,0.7505031589130711,
170318131005,41.86833989777966,-87.78655019273181,,0.49861345328608236,
170318132001,41.87066012864741,-87.79153114065137,,0.2950304614618851,
170318134002,41.86018394586841,-87.76548907234513,,0.281873076394143,
170318165002,41.89617401525349,-87.88624700162477,,4.06666177542472,
170318165003,41.90143503659232,-87.89111351695811,,0.218465841701265,
170318166001,41.90665830819274,-87.87848519348104,,0.46660197207750537,
170318166002,41.90452357413891,-87.87971586341114,,0.37039621997200495,
170318166003,41.90037010675879,-87.88290450555905,,0.7342817626038667,
170318167001,41.904667647294346,-87.88907407922119,,0.7375703966150728,
170318199001,41.81431094104243,-87.91034133968363,,1.0079468778992522,
170318199002,41.802765943254656,-87.90705601962112,,1.9261412058722773,
170318200001,41.81043339527955,-87.91547428728161,,1.1062006118370353,
170318200002,41.79645236807768,-87.913112888904,,2.011750297187963,
170318036113,42.1479749550633,-88.01872896127954,,0.4595431755029238,
170318036112,42.14471341010778,-88.01965240790034,,0.5346056431130217,
171194026001,38.89863796243984,-90.15099341399068,,0.8831362291618386,
171194026002,38.89290704538896,-90.15935942513126,,0.7803958128192231,
171194027011,38.98752234820589,-90.18556156041069,,23.311181683966748,
171194027012,38.95962117573283,-90.1730029366006,,14.714944471416853,
170318047093,42.030120188527526,-88.08554207320202,,1.2389478088521595,
170318047092,42.038525641806416,-88.0975639886942,,0.7823901199343692,
170318047101,42.03396705999228,-88.11015070670054,,1.101009970734807,
170318047102,42.03104562499579,-88.09704432765491,,1.0905612269835856,
170318060042,42.04215950990583,-87.84043361625646,,1.0411584451196187,
170318091003,42.06121781547269,-87.70710205323816,,0.7762260449457525,
170318092001,42.054920553672616,-87.69870691590543,,0.4612589624753955,
170318092002,42.05308687224269,-87.69431798125457,,0.7503220648960076,
170318092004,42.051520229608585,-87.70540173700064,,0.5712081119266506,
170318093001,42.06106484513515,-87.68612752264643,,0.7525047677369939,
170318093003,42.05567608075454,-87.6880243553637,,0.7147064311591442,
170318134003,41.85703409966496,-87.76754530132487,,0.22380073898366679,
170318134006,41.86398403368857,-87.77081016437322,,0.2239939377239918,
170318135001,41.86180910047436,-87.77402778254279,,0.2987217219935888,
170318135002,41.85453180212202,-87.77382658991219,,0.2963073960967807,
170318135003,41.852704602268716,-87.77684571733589,,0.22492614054513568,
170318135005,41.862678896427504,-87.77712475322828,,0.33607163053152334,
170318136001,41.85477426858449,-87.76155251371388,,0.6022950970023373,
170318136002,41.85461478519124,-87.76646088457957,,0.2982004569257048,
170318136003,41.85241680815176,-87.76899425925117,,0.36524841274150105,
170318168002,41.88726809936967,-87.90444814019362,,1.1893113223580003,
170318168003,41.88573180905208,-87.9162124062823,,1.0334642626716386,
170318168004,41.87672105752296,-87.91734474640462,,1.3147043577614412,
170318169001,41.89029321099122,-87.88864483661474,,0.4554057797772567,
170318169003,41.88337439982087,-87.88835227789764,,0.5502555898568731,
170318169004,41.88691473254785,-87.89407890510452,,1.0423196889874444,
170318201011,41.78483828527226,-87.89259088477891,,1.601414246344415,
170318201012,41.78322121838553,-87.90294511950238,,2.2929146182541515,
170318201013,41.78133691293255,-87.9124781666201,,2.3694599494567976,
170318201014,41.76580301502581,-87.91034148842188,,2.685906439685491,
170318201015,41.771611642360185,-87.90132222583001,,1.8414328381901715,
170318037011,42.116860777753026,-88.04613626841089,,0.7979185104093122,
170318037021,42.10554034431085,-88.04625368510374,,0.8954327802400154,
170318037022,42.09965744948006,-88.05457062698274,,2.2766166473544502,
170318037023,42.10724795528082,-88.05522198336745,,1.6366173361545373,
170318038001,42.114002279180596,-88.02931021977868,,1.216193777761431,
170370004011,41.973764101469975,-88.63761270390731,,39.88611048804973,
170370016002,41.94979574644615,-88.67890510903871,,10.883042367090926,
170370004012,42.01061842258349,-88.631569845976,,49.607551529861055,
170370004022,42.00835204296946,-88.68886020154693,,5.006846524838074,
170370004021,42.04744624289837,-88.64692302437984,,49.69997667293125,
170370004023,42.03459848977539,-88.73428712490855,,105.94996396422657,
170370001003,42.07705401793655,-88.6768657650908,,21.604077359918815,
170370001004,42.086337937300414,-88.72015435847958,,19.155913687152154,
170370009003,41.955166253247064,-88.74023160904342,,3.600664511304914,
170370010021,41.931413549014984,-88.78190903715232,,0.960719975502163,
170370007003,41.974107374090586,-88.70891446733337,,2.7916397958709993,
170370008003,41.931784682512934,-88.7394409469862,,0.9936296670287289,
170370007001,41.97167915779796,-88.69389400810388,,2.069505714183977,
171194028031,38.88784426382469,-90.01683858435027,,16.55412321014821,
171194029002,38.82335706971126,-89.94748860944404,,11.690534440554512,
170311503007,41.96553624995305,-87.76497377317779,1188.0,0.3642180320906661,3261.7824910554314
170318036071,42.1199449961247,-88.02158202906047,,0.6658975033431864,
170312306002,41.903985020119165,-87.72880153067014,1274.0,0.22183136892684008,5743.101195125225
170311302001,41.980850324688035,-87.73606591172376,1412.0,3.764989641281761,375.0342323702372
170318005004,42.10294144525365,-87.74659940689578,,1.1765889176892923,
170318018001,42.11646671055983,-87.77866440354504,,7.174168007422599,
170311606011,41.959381175913435,-87.70635650027101,1571.0,0.2220290624673534,7075.65028893907
171194030013,38.79082639068593,-89.96776463166182,,2.3506541992406613,
171194030021,38.81062944530903,-89.94581622089392,,1.7531532054167758,
171194030022,38.802914431349876,-89.93745387997244,,4.413748683671277,
171610241012,41.41431913874389,-90.53553125756704,,48.398471769017476,
171610241032,41.395136723189204,-90.82308677979277,,209.39217075100726,
171610204005,41.55204949954831,-90.37170518683159,,33.14219521201136,
171610233004,41.503108298351876,-90.57314114638046,,0.5622014129617675,
171610222004,41.4952349031198,-90.53259363522169,,0.5978400921918342,
171610217004,41.4968248803445,-90.51664485418301,,0.7803985871990637,
170318241193,41.571366384734894,-87.90414146552104,,2.7628349261834804,
170315401012,41.65456473274757,-87.60231911589595,871.0,0.9418229220703745,924.802295197183
171194031213,38.75553570905504,-89.96854505889443,,8.905447686986237,
171610214001,41.51577246048558,-90.4742294134868,,4.303628727879252,
171610215001,41.50186615291486,-90.48494077737982,,2.5849490536624864,
171610215002,41.49511236569574,-90.49166185541924,,1.6583112081844487,
171610215003,41.505309834273156,-90.49423228651044,,1.6747976622163352,
171610216001,41.50049066579145,-90.50026165668518,,0.6768692367332545,
171610219001,41.46725920710431,-90.51459345016578,,10.044059863188217,
171130003023,40.500118997929086,-89.03035011023907,,11.702683047980948,
171130003024,40.506115475868256,-89.01602694356632,,1.1695068057260998,
171130004001,40.5061053949438,-88.98658221283286,,0.22326900122037283,
171130004002,40.49903124208269,-88.98958745062096,,1.4091894575871184,
171130005011,40.5066144285815,-88.97827831723488,,1.2768753462483151,
171130005012,40.499231399700776,-88.97849082439181,,1.3395124758905896,
171130005021,40.50747199121985,-88.96644897343778,,1.1961977369328929,
171130005022,40.50221071550697,-88.96559294198089,,1.419889241292336,
171130005041,40.51610477728792,-88.95171729457219,,8.139663781336681,
171194032003,38.67980936000989,-89.97151414647101,,3.285002246300177,
171194032001,38.678120315506895,-89.98029805949452,,1.112518826954382,
171194033001,38.67491161458991,-89.98751169188264,,0.9524935752216647,
171194033003,38.66578726311169,-89.98678448959114,,1.8776356768224747,
171194034011,38.691527910290034,-89.99383744538397,,3.199516245806852,
171194034012,38.68198342874675,-89.99090817113763,,2.4870685647498325,
171130011031,40.48087850822176,-88.94783609002472,,2.2947100395538502,
171130011032,40.480971102373445,-88.93346235906175,,4.740005656008287,
171130012001,40.49391614344285,-88.95866208915766,,2.3619270062237576,
171130012002,40.49305028001885,-88.97035972387518,,2.274501229076478,
171194035331,38.734329091246025,-89.93244858005893,,14.233915985811937,
171194035021,38.69455209344656,-89.97735257129806,,1.6168025518743725,
171130013031,40.491341753681056,-88.99734508413694,,0.7294196218307688,
171130013032,40.486158281554864,-88.99875410735108,,0.5655820069525396,
171130014041,40.4684144701342,-89.01032309077458,,1.1417320094749968,
171130014043,40.455769810537326,-89.01653257107043,,4.39847852419455,
171130014021,40.454800667504514,-89.03498070209838,,13.778633260602657,
171130015002,40.475860776972645,-89.00516678627075,,0.8542523036649402,
171130016001,40.48293066033296,-88.99264324527223,,0.4264184369541358,
171130016002,40.477185532606924,-88.9932871300237,,1.1528448090983592,
171130017001,40.483059813926516,-88.9854692408622,,0.33969090439336913,
171130017003,40.47602756869106,-88.98320647139542,,0.6825396474935925,
171130018003,40.47668895794458,-88.97468830529995,,0.5191776650290139,
171130018001,40.4769764879114,-88.96730764140514,,0.9157734226762264,
171130058001,40.4686913734049,-88.9584205882723,,1.5426292648398812,
171130058002,40.47028191203374,-88.96749683667525,,1.1314017827985785,
171194035022,38.70204565491211,-89.97155217719542,,2.8288079093076255,
171194035311,38.73131240159823,-89.84711035353602,,23.970978900208017,
171194035313,38.72107934809906,-89.87083582033395,,2.743518486544026,
171194035314,38.738247637370826,-89.90268626007328,,3.1910709350373523,
171194036041,38.72794865574216,-89.66189964752793,,5.815744032450413,
171194036042,38.72688752707786,-89.67770976283082,,4.760981082500287,
171130058003,40.46675595821797,-88.97699241635641,,2.2626479630021668,
171130058004,40.463379503461454,-88.96752044488915,,1.0249809400392427,
171130059004,40.46978835059557,-88.990003505046,,0.7384409591926017,
171130021011,40.44768511642915,-88.98612127032803,,1.1541039270295639,
171130021012,40.454343329237275,-88.99907922818643,,1.9501369624198586,
171130021021,40.416629544070325,-88.98579367331247,,58.23585296711847,
171194037011,38.79432830012729,-89.91149132035015,,44.06534937867354,
171194037012,38.785466554237345,-89.84944116633086,,131.36096806447097,
171194037022,38.694532006413844,-89.6419233397053,,117.02228737266985,
171194038014,38.87204339580682,-89.83651506680688,,55.39323270871914,
171194038021,38.87343094767915,-89.76283500477962,,147.3316616570946,
171194038022,38.969165349551766,-89.76323033570552,,7.392835811464236,
171194007001,38.673943108299866,-90.17523521438233,,2.283073230212218,
171194035321,38.697616969450756,-89.89897262217991,,39.387094192825316,
171130051021,40.60068380818094,-88.99734453765572,,56.142851620150985,
171130052011,40.50832751165559,-89.08111449010777,,55.736272581998534,
171130052022,40.58292827667932,-89.08330743245969,,114.52594021088032,
170318283002,41.57037293790141,-87.62218832280705,,12.945806973629965,
170619737002,39.477333138181365,-90.37775043952561,,2.4065442236278867,
171130052021,40.52950585408705,-89.13966901686878,,47.31108014900759,
171130060001,40.46602842309603,-89.07179553721589,,45.679888665452815,
171130060002,40.45876803252028,-89.2004853192663,,122.88509784353717,
170619737003,39.47720190879061,-90.36575845653115,,3.113722644485308,
171359580005,39.09440466946289,-89.4439746169835,,327.6165454909106,
171659556004,37.82011297916884,-88.58285552839378,,12.605157893547538,
171359580004,39.12670225994231,-89.47390549986041,,0.7905936542045257,
171130055012,40.34982741142679,-88.76176564215339,,1.6637404333989665,
171130056011,40.56601238216686,-88.6128544158532,,9.080012322601215,
171130057001,40.74908466756476,-88.69933894238206,,9.271764836755818,
171130057002,40.73851817856234,-88.72111707813595,,13.274108306635128,
171635040021,38.41564915389793,-89.76472848415706,,229.18314565765854,
170619739001,39.446266791619955,-90.40244857410525,,5.6158724686119035,
170619739002,39.43308847383789,-90.41075573955416,,3.763837805883986,
170619739003,39.42979277466652,-90.39829561932497,,3.9099356726114123,
171130057004,40.696924466898594,-88.7597415841056,,186.5599840407082,
171130057005,40.64784278323673,-88.77415919861227,,8.700283565002612,
171130057006,40.62104142306821,-88.78480347350514,,24.4917817149409,
170219588001,39.38278521945307,-89.0678329935583,,2.21725489339638,
170219588002,39.388196020435565,-89.0775813346384,,1.4013395107642828,
170219588003,39.38015170150668,-89.07991514113651,,1.9208770310280459,
170219589001,39.39783620145455,-89.07262189612253,,4.517943832268258,
170219589002,39.398069989716404,-89.0912024550928,,4.145795935388943,
170219581002,39.701008295507854,-89.31786159222656,,315.23804418758607,
170219587001,39.50763935930213,-89.04219751148807,,16.387304194149152,
170219587003,39.4533487722425,-89.20451356715287,,242.51559040406207,
170070103004,42.23714434557456,-88.85138798528989,,2.2933435497508885,
171130056022,40.44130713926125,-88.52157559496358,,175.57766959563006,
171899501002,38.44650787126888,-89.28541722610433,,107.53479118976556,
170318424002,41.74704853912381,-87.6286601096153,1867.0,1.1610831342366594,1607.9813279067544
170318300032,41.5104658815826,-87.75904890129472,,2.5041092704538364,
170318300033,41.5174626057051,-87.76212796285444,,2.8612593662863794,
170318300034,41.52480279034509,-87.76065087752234,,2.127561655353846,
170318241242,41.59791878980946,-87.84044613306119,,1.7830632850236494,
171194028032,38.861643883252476,-89.97846228715406,,99.39399921659472,
171194001011,38.72081430331453,-90.13149160865034,,2.3871263738864177,
171194021001,38.915008877145446,-90.17084121222965,,1.5772604084791508,
171194027212,38.97038902180903,-90.23647991068015,,59.665779790578135,
171194035023,38.698096892112744,-89.9567125003356,,6.412087351409227,
171194040002,38.70585876217426,-90.14535227730124,,0.2686991154641465,
171194008023,38.70582452235445,-90.11506336186328,,1.9538772218784417,
171194017211,38.91226394976846,-90.06531414245832,,7.595949074780723,
170219583003,39.557267631915636,-89.30249960788647,,1.3270400847225712,
170219590003,39.39674705977894,-89.49814395052078,,91.08735578815445,
170259720002,38.75011696267767,-88.52022647804391,,92.29495876035439,
170259720001,38.72445007869814,-88.38157534333364,,302.87212221518604,
170259719002,38.84796983219972,-88.57817687589717,,322.12036904874736,
170259719001,38.84286467767577,-88.40126872570089,,435.17027717307764,
170259720003,38.74786989729506,-88.61821119934295,,327.53410474978216,
170259722001,38.63867300058426,-88.36548048549976,,222.61028576148777,
170259722002,38.64410312857207,-88.60392475399962,,239.61294551101284,
170259721001,38.66639923003639,-88.5069605995963,,20.085584538159832,
171670020011,39.774562698017654,-89.69524197338899,,2.4941294601883106,
171670020012,39.78263541444109,-89.6977922225114,,2.8631786792253617,
171670020022,39.76725494890684,-89.69697332824774,,1.9636138600837318,
171670037021,39.88887201395524,-89.70961039505379,,66.96379647942577,
171670037024,39.94650689656578,-89.62738677847808,,139.96374405220303,
171670037022,39.88194180033492,-89.62163763878594,,9.985039153125868,
171670037023,39.89519812642602,-89.64270950945063,,38.660032278843474,
171670032013,39.68907707718332,-89.67952787250114,,8.471397685528306,
171670037013,39.93410849087411,-89.526453246106,,94.48449516416028,
171670034006,39.578272765188636,-89.73699403875501,,15.56345188775163,
171670034004,39.544682592704376,-89.73250793868225,,39.36438375191363,
171670032035,39.656176855645846,-89.69778367758482,,14.047746711462288,
171670037012,39.88953261676953,-89.5794708542773,,20.666284448465433,
171670037011,39.88244658443334,-89.603711076563,,6.562114173827635,
171670032033,39.65543673065494,-89.62383265004907,,64.48052826859647,
171670032034,39.667565771893884,-89.70436330034345,,2.583506145507348,
171670042003,39.799545471105304,-89.63614130126825,,1.4594169239318728,
171670042001,39.79197401739817,-89.63894562076091,,0.9011039488160326,
171670032024,39.68252543462874,-89.71263520470126,,2.098305465758111,
171670020021,39.77456047617747,-89.71110347335517,,3.5573302262201634,
171670036042,39.774253500192344,-89.72461966152486,,2.0194539792185555,
171670042002,39.79185108232568,-89.63194619553349,,0.799344409258336,
171670036043,39.781996418875714,-89.72524140438654,,2.7599388813119794,
170318274003,41.60308489099839,-87.6692115582029,,0.9042807929731977,
170317403001,41.69313053605581,-87.71675890287537,943.0,0.4372841708164804,2156.4924205677653
170318239041,41.671882009852595,-87.8012722414179,,1.0549683281715048,
171150011001,39.85162880559286,-88.8921642125106,,5.1719012412346554,
171830005003,40.16419645630942,-87.5998364539481,,10.748105967306477,
172030305012,40.79666718722469,-89.47195079699524,,35.159107592611825,
171830013001,40.182871160388764,-87.66963622211173,,27.736092285564347,
171830013002,40.18302361227746,-87.63805672330997,,11.378888745967268,
171830101003,40.41004655323747,-87.75341802095498,,783.6695724752836,
171830109003,39.920935133478636,-87.76985200322062,,203.40953303834965,
171990206003,37.837975883004425,-89.00161664101496,,34.355325787134014,
171990214002,37.666200024448905,-89.09337193167455,,265.7942674562395,
171990214003,37.67072841489237,-89.00255402408058,,144.8260867119803,
171859575002,38.40967081589235,-87.76943036265924,,2.0113982997829782,
170999617022,41.60193713972146,-88.77436702116785,,83.62702604087545,
170999617011,41.613619037811546,-88.70602550214014,,30.906587153007468,
170999617021,41.55249997478425,-88.72091966466856,,192.34641313906857,
171878702003,40.72488956299494,-90.64216888694064,,57.79785539794578,
171878705001,40.90572371473136,-90.62412340424356,,4.6841770979017605,
171878705002,40.90913258113111,-90.64466286947689,,0.6923996412746884,
171610221002,41.4798903027572,-90.53120955901777,,1.8553717863403294,
170370007002,41.97507576694696,-88.70174805283136,,2.4907354001851885,
170370008001,41.938868434697284,-88.7388267966808,,0.9343351492443622,
171610222003,41.49507074573301,-90.52391026209965,,0.4679037565148001,
170370008002,41.94524642947277,-88.70943072953776,,25.341491049683217,
170370009002,41.9480160795742,-88.75588983848321,,2.627466537391546,
170319900000,41.97433222312327,-87.40035381752165,,3108.824576290061,
170898501062,42.12145847242459,-88.29213291915484,,3.9770178007349175,
170190010005,40.117386833606055,-88.2815740111187,,1.4669696927721254,
170190010001,40.11524885891534,-88.27558252865374,,0.9016268661981827,
170190011002,40.10721620506976,-88.26243872051802,,0.5433562085892175,
170190011001,40.102872323129624,-88.26804030939638,,2.751828181921102,
170190012011,40.10193857399358,-88.28010890600056,,0.8711890558418838,
170190012051,40.091437232948664,-88.32362036116152,,4.446307772638708,
170438427021,41.833442014293674,-88.0986833616084,,1.1984367449375803,
170438426013,41.83235940402812,-88.12063848728322,,1.2220849140958525,
170438427032,41.84330998313559,-88.09772716952138,,1.1591036296676933,
170438427101,41.838340540107,-88.07073895906088,,3.225190189735296,
170438449021,41.79896285114786,-88.01431200009051,,0.6950929021884715,
170438427112,41.8264420359952,-88.07612551981971,,1.938759182834743,
170438463045,41.744087689721496,-88.09932132060516,,1.3294974871201393,
170438463041,41.74257998110945,-88.09296840132836,,0.7211305980888894,
170438464122,41.78756783354445,-88.20133294890132,,1.193555857834172,
170438465214,41.75636896276278,-88.16975966341796,,1.312577732221826,
170438465213,41.755317553613025,-88.18276018657338,,1.2294757215764027,
170438465114,41.72950750314542,-88.23940096647958,,0.8246848542916222,
170438413082,41.95630118945334,-88.21216285196908,,1.5216996935958076,
170438416071,41.82311857478666,-88.1981597075304,,0.9097234899548352,
170318245053,41.607994924411024,-87.76314275493758,,0.5250426152744592,
170318249002,41.612201349452185,-87.70480673694352,,4.807943982615528,
170318252002,41.59734336859062,-87.72701984343571,,3.823190611000756,
170318360003,41.81404902692735,-87.60911354375456,677.0,0.44516078933952563,1520.7988129512678
170318436002,41.80820833480085,-87.60970886881594,1452.0,0.3718770210061325,3904.5165954904633
170318358001,41.81304637419908,-87.61871921969515,1576.0,0.5123951439648898,3075.7512411319617
170318345001,41.78808252983111,-87.62473605786825,1475.0,0.8354977762738526,1765.414632912843
170318362001,41.79046958014293,-87.60128491597831,1529.0,1.4649825165602324,1043.6984624158383
170318439001,41.77718319378684,-87.57543680090797,810.0,3.3783212738446937,239.76405271786973
170318344002,41.777187981169455,-87.59399827992524,1567.0,0.5035088927353302,3112.159532053577
170318420001,41.836169227913736,-87.62122994434463,734.0,0.22415376093295875,3274.5379642304065
171830105001,40.087256447421076,-87.56516486449601,,61.28387089755964,
171830106003,40.0412017899236,-87.61957978833206,,22.044729364458323,
171830109002,39.999498492848126,-87.82916992530762,,583.9427282318312,
171830009002,40.11754748604019,-87.66835116499128,,17.348395066457027,
171830107013,40.07898641084825,-87.66284877505691,,24.178532077259625,
171830009001,40.114485798688584,-87.63425983853489,,7.016758463717584,
171830110001,39.9925142956858,-87.65660177944437,,63.07081656062047,
171830103004,40.1823750986058,-87.6984052001122,,78.0067634365236,
171830107021,40.087418820576126,-87.73087243980305,,72.34692975191902,
171830008002,40.1363805014638,-87.67000374089594,,15.019744231795615,
171830004001,40.15209987725418,-87.56227042531745,,24.95952828015773,
171830111002,39.91825549457624,-87.60248708861668,,136.61560000585956,
171830108001,40.12462032767333,-87.89970935642508,,112.43469566601217,
171830105002,40.08590800362151,-87.61292955725976,,26.308869492860648,
171830104001,40.22110287260407,-87.57309263404056,,136.19827304558885,
170159603002,42.159280958256176,-90.2158677358939,,69.03182967556288,
170630007005,41.29190687795827,-88.2579534038086,,2.591813492321974,
171194035341,38.73226717625292,-90.0110953735239,,21.750202023828233,
171194041001,38.81841239485128,-90.10143868385478,,10.822284400202335,
171194030011,38.806471884107445,-89.95884984303655,,2.526770005541984,
171194027013,38.93321910367038,-90.17962556890639,,9.862957090096401,
172030306014,40.733873361009366,-89.2567569811642,,102.79393251716999,
170370019002,41.6344324225593,-88.68260896345022,,7.047383313798497,
171079536003,39.99054266482488,-89.28783453531192,,22.854898519567683,
171830103001,40.24558599470677,-87.72882598775793,,257.0916651375526,
171830108002,40.137154783286555,-87.80515833564266,,147.42500205391505,
171830101002,40.375922405946255,-87.6564280567621,,26.491049517989456,
171830109001,40.05159226259039,-87.81840779022951,,15.42705536759796,
171830108004,40.10120206932034,-87.76156109418906,,18.712154852387442,
171830112001,40.12724405471783,-87.55894541731742,,21.229994916979763,
171830102001,40.47848900581432,-87.6606313312941,,16.985564395998463,
171830006003,40.139039539098974,-87.63830914885776,,1.153741723874449,
170370002003,42.08585091010059,-88.78062905559717,,57.4509312331482,
170370021002,41.638941102020915,-88.61177939377953,,4.8592895865774,
170370002001,42.121406170419036,-88.83282575710558,,239.613678278774,
170370014003,41.91670053259611,-88.77073021077811,,2.0276969150361306,
170370020003,41.64866999860047,-88.6128044070505,,1.4239548757526042,
170370015001,41.92522096372869,-88.74504957455834,,0.596138603300787,
170479570002,38.3062905571654,-88.04860722656024,,271.38057306809515,
170190058001,40.11158031025715,-88.21427838400716,,0.21928691469266182,
170190058005,40.10139393160479,-88.20912468776066,,0.8982036588239418,
170190060001,40.09596261612938,-88.22420065628066,,1.5999635515685213,
170190060002,40.07363476573858,-88.22289849500922,,17.788981468632084,
170190101001,40.31496291575491,-88.13457273772698,,2.2761526159744077,
170190101003,40.32670595513743,-88.16074749868496,,11.697669134114006,
170450704002,39.60959058264825,-87.69885683248965,,0.9163666037250778,
170450704003,39.60934517742364,-87.68941093154655,,0.6809430597658968,
170450704004,39.59876422381243,-87.65590564907389,,28.575847711633592,
170450704005,39.60469482825621,-87.69298215638177,,1.209415163725906,
170190102044,40.310278522242754,-88.1435854927294,,0.7762086915345968,
170190104003,40.30549246888107,-88.02360556625709,,51.36985243070944,
170190104005,40.23665208706563,-88.19034209240077,,6.6589027987110265,
170190108002,40.01822528841164,-88.06655691868026,,131.5679688244397,
170190104001,40.37063655534101,-88.17537367965124,,110.9397812596994,
170190105001,40.354952651176276,-88.28937328931421,,160.2180038716424,
170190105003,40.266130403703556,-88.40497108958976,,157.2676796074633,
170039578002,37.01459199544776,-89.18096782608188,,2.2165843263604663,
170550407004,37.99741562943247,-88.89788544070181,,2.304137962991171,
170190108003,40.019594197748326,-88.07195582300386,,2.58728860561026,
171659555003,37.81568623508083,-88.43371538958625,,3.157481932582135,
171659560003,37.724097614321934,-88.5493506875957,,1.6436944619559173,
170190111002,40.11467318266464,-88.22516523251227,,0.44033906324109773,
170310202004,42.016975756262454,-87.6959617627743,1927.0,0.6056974194726695,3181.4565128536933
170311906013,41.92746499223837,-87.77679996549729,2178.0,0.35647586412840804,6109.810562701802
170312602001,41.884324471673544,-87.72823017057573,1136.0,0.59302227375101,1915.6110154421754
170314602002,41.74110642181097,-87.5485052644792,1340.0,0.7498049781690431,1787.131372843323
170316713001,41.77663624922588,-87.67142658919775,1350.0,0.43409334070352124,3109.930223329614
170316603024,41.781792795582135,-87.697122953407,1461.0,0.2211220022186747,6607.212241842717
170318240043,41.680229517495064,-87.97798867788254,,4.193345279362146,
170438413162,41.97025439558618,-88.19152372195883,,1.7284430523190486,
170312421003,41.89785098681361,-87.66978697202414,1554.0,0.2961258734268031,5247.768396651502
170312428001,41.89263215242875,-87.69032378994483,1436.0,0.7939582785827247,1808.659269304891
170312429002,41.89037640894291,-87.68423445180517,463.0,0.28840875656990705,1605.360411058719
170312430002,41.89165118134961,-87.67991453155275,1305.0,0.40820489683818606,3196.923922540074
170312431002,41.89098693862973,-87.67446665543281,805.0,0.3625548960917285,2220.3534104152063
170312804001,41.88600949253335,-87.6718845691388,1366.0,0.9067611818805738,1506.4606064928691
170312432002,41.891068131704365,-87.66958336118292,1022.0,0.36310911636089266,2814.5809453713587
170312433002,41.89156858403432,-87.66471126033353,1566.0,0.4428218121349463,3536.411163781549
170039579002,37.00223851731426,-89.18371950042341,,1.916826147527904,
170550409002,37.90202355070786,-88.94175660746171,,1.0868203971705916,
170550410001,37.9106267274709,-88.92270101833162,,4.552107614104071,
171130014042,40.466342937595584,-89.02224762918173,,2.396004971572131,
171130011061,40.49970132373802,-88.9461144702699,,1.373889739566203,
171130013012,40.49183980861427,-88.98168486836663,,1.161829475024689,
171130013021,40.490109885215396,-88.99045137513251,,1.259689027819091,
171130014033,40.47725499878418,-89.02072155925529,,4.093387707673792,
170550410003,37.889901794682096,-88.92466175500567,,1.480269436112645,
170318342004,41.75636481310888,-87.58917189681404,804.0,0.55739309224632,1442.4290705861506
170318342002,41.757082091556946,-87.58074598880508,1119.0,0.5570113881757565,2008.9355868733453
170318340001,41.728453184039516,-87.63106755752256,2691.0,1.1424942495801618,2355.3729053681236
170318343002,41.751900295663894,-87.59297365525961,1557.0,1.0008290978236507,1555.7101640887226
170550411001,37.9051056053711,-88.9077925423877,,3.005049220870566,
172030306021,40.64594964993376,-89.13038172358301,,171.28981588421476,
170370013001,41.93273787286353,-88.75685777875742,,0.6541687994983596,
171579506001,38.13469527488794,-89.69056481898869,,6.720733186054474,
171579506002,38.15699382430598,-89.71840852386777,,31.562716576289855,
171579506004,38.11467500535227,-89.6966737185754,,3.8376893601421354,
170450701001,39.800685902833216,-87.69292473518722,,7.17758308514812,
170450705001,39.59918667710512,-87.58449862001682,,166.4301368697894,
170450705003,39.54100973211845,-87.78366933752785,,352.85400496749475,
170450705002,39.5187962540389,-87.61207687782174,,195.22991027935913,
170450701002,39.723717489720464,-87.6252237032558,,433.0787743404879,
170450703004,39.6462100384249,-87.70165603417944,,79.90839595073652,
170370013004,41.92558350625111,-88.749711996895,,0.5947775378451224,
170370013005,41.9332016164294,-88.74815751161736,,1.1244800531218129,
170370014001,41.91021929927583,-88.75933573973647,,2.7961271887793875,
171830001001,40.13078013054774,-87.6310169538623,,1.2165975836501997,
172010037115,42.1928351137956,-89.07840756864465,,10.112477387754058,
171659559003,37.73041853092775,-88.527511987872,,6.007849182713884,
170318046072,41.994731449991036,-88.07040622564784,,2.3807813663204516,
170310101003,42.020603303569516,-87.66641939193305,1964.0,0.22846348903172173,8596.55960050274
170310632004,41.9394829367818,-87.63251322705247,1352.0,1.0512777880457398,1286.0539957885767
170310103003,42.013944572178254,-87.66440895717277,1650.0,0.19390053656985753,8509.517452549937
170310107023,42.00637573673723,-87.67258727351647,1611.0,0.1789246382560448,9003.790733921318
170310107011,42.00706129694865,-87.67826051044798,1636.0,0.32646993417220643,5011.181210754441
170310102012,42.01468328776051,-87.67765696989697,3872.0,0.27050649513010083,14313.889203058696
170318026051,42.10009683497184,-87.91828561207763,,3.066151694892324,
170312106021,41.93357787583759,-87.70941646008542,1452.0,0.22359109580769315,6493.9974230853995
170310105022,42.005538214338,-87.66338970777961,1767.0,0.16397884059223025,10775.780543503399
170310105012,42.01136815274311,-87.66432824138904,1897.0,0.13515753433196717,14035.47356332118
170310105011,42.00941351534924,-87.66406275430747,871.0,0.08204499359362555,10616.126126039115
170310106002,42.011528892314956,-87.66801365630442,852.0,0.1746019996749313,4879.669199586647
170310106004,42.00886485511503,-87.66788957280767,1456.0,0.2053749851877065,7089.470992142788
170318016073,42.09680143899511,-87.86353578570409,,2.8402682788960907,
170318020043,42.06873616666811,-87.84943169966837,,0.7885326621135311,
170370014002,41.916094261739545,-88.76413888114182,,1.942780679782275,
170370015002,41.91570918012532,-88.7486218488002,,2.176152468697738,
170370009001,41.93997924396115,-88.759646422514,,2.3949745456288083,
170370014004,41.925807476667075,-88.7927588275347,,5.2518107822694535,
170370002002,42.08275120568112,-88.85370002773182,,31.766003917839814,
170370019001,41.67616664606157,-88.68507763451984,,157.1159437994432,
170370022001,41.93423134140137,-88.7697485075301,,2.315408350132906,
170370020002,41.658537369352885,-88.615533612228,,6.466009943037991,
170370001001,42.10322769723769,-88.6977423678215,,3.6204829736639716,
170950013001,40.910189873700304,-90.27833494006644,,4.087193918550962,
170950015001,40.819843985681665,-90.41534510976749,,26.43428290178131,
170312435002,41.893732695985044,-87.6512905348004,1784.0,0.7030383702197626,2537.55708872951
170312435001,41.89108031523546,-87.65430791642088,1153.0,0.4852568488711018,2376.0612605104516
170312504005,41.91326726893491,-87.78094722994199,1623.0,0.9694915840052922,1674.0733254174802
170312512004,41.90037940889322,-87.7597440689212,1674.0,0.48861714120190647,3425.99524012251
170312510001,41.89869462429652,-87.74489245202,1181.0,0.8434687849217616,1400.170369208799
170312517001,41.891384497279084,-87.7444792783003,1495.0,0.8788532133060742,1701.0804277270624
170312514004,41.88877126603358,-87.7708492614762,1174.0,0.4775796422087588,2458.2287355683034
170316812003,41.76695664190314,-87.64011436939526,1065.0,0.5137830435106384,2072.859378003097
170316809001,41.774968967780545,-87.64003855195783,1355.0,0.5594480580543997,2422.030035661045
170316903002,41.76720178006869,-87.6295305696189,1590.0,0.5561687368676125,2858.8446178312884
170316813002,41.7630455910334,-87.63824877874663,1031.0,0.5789588166758006,1780.7829681559695
170316813001,41.76004161822402,-87.64027668671152,1137.0,0.4902164459816911,2319.3836300679013
170317101001,41.753391852454335,-87.64197131439239,1275.0,0.3868167788501296,3296.1341640611536
170316814003,41.75972017524693,-87.64791342155095,1034.0,0.43198269750166685,2393.614387752209
170316905001,41.768179504687794,-87.61210316995795,877.0,0.5813737768590097,1508.4959709365826
170316912002,41.75429458934614,-87.6288679014307,761.0,1.0099351556096838,753.5137238990308
171130051025,40.53755021972176,-88.86022953622455,,140.13510755398346,
171130059001,40.464022391178716,-88.99570241101914,,3.6706962519458366,
171399772004,39.585962651764625,-88.60737454295777,,5.7512334143067845,
170550407003,37.97653328948703,-88.91763502475166,,81.57605470804698,
172030302004,40.884180608841056,-89.10386923224804,,161.03587704408878,
172030305021,40.84111673079055,-89.50000716883905,,44.98220025075909,
172030306023,40.653528814454326,-89.27440013628485,,80.8878004056775,
172030305022,40.8063634212005,-89.52976557905367,,21.890695629001133,
172030304002,40.80675411678969,-89.37480489203682,,16.51764792988814,
170370017002,41.76687051428169,-88.63015339027382,,29.536242646118552,
170438463042,41.738115306252325,-88.07895261925741,,11.474456800149753,
170438464081,41.78894269778404,-88.23606008392647,,4.103409424420688,
170438464111,41.80483249556625,-88.21611416879122,,6.214464976192809,
170950015002,40.809169333288175,-90.3885173029529,,5.810091168902903,
170950015003,40.803470478574155,-90.40343836594242,,0.8826302451407189,
170950015004,40.789540309394525,-90.42260557210894,,16.297058147550093,
170438465211,41.75633792653256,-88.1757920449518,,1.4281263152382067,
170438461062,41.79536639329927,-88.1354531841326,,1.3569564667447365,
170438454021,41.77041093637847,-87.93117588073049,,1.3062441208478797,
170438455062,41.77053185935662,-87.97627728257588,,1.803029297837482,
170950016003,40.766426099428344,-90.01119169303556,,41.50718543395704,
170318343006,41.747842609228876,-87.5881891289516,1246.0,0.5689709577387807,2189.918453750058
170310814032,41.8929908061725,-87.62095601665624,1514.0,0.08668717560663329,17465.097800281186
170318339001,41.73236118873237,-87.54783923539915,1432.0,0.8027669196412835,1783.830355939292
170318339002,41.7310301627296,-87.54787677702622,1282.0,0.45868371038036243,2794.9542811034303
170318340002,41.72536351035836,-87.62629596995117,941.0,0.5957384721080129,1579.552176092109
170314909022,41.70368298073939,-87.62008781575061,2097.0,0.808385001877338,2594.0609921387345
171635043543,38.586243449754384,-89.91915130606453,,1.7436166363959296,
172030301001,40.880591203329914,-89.24384118292525,,243.2506629525266,
172030302001,40.880535327104745,-88.98859970538584,,162.2195091562528,
172030306022,40.62956376322942,-89.22705571441408,,82.59728437460744,
172030305013,40.77659874108446,-89.486047984611,,11.078696478433425,
172030304003,40.810360735185675,-89.42620058566973,,64.55305185787222,
172030305014,40.76607596742596,-89.50283037246335,,9.481510139100353,
172030301003,40.87412685781122,-89.39752166800874,,238.97298764216387,
172030301002,40.9205069381378,-89.28606812663382,,2.515335690167692,
172030302003,40.90568421345071,-89.04048329420598,,2.5814983317289717,
172030302002,40.91344761250321,-89.03073074708296,,3.1222252575784215,
170039577001,37.196865888630334,-89.4315645001293,,56.74763685864949,
170039576001,37.245594515117375,-89.28049130696083,,57.7726067758192,
170039576002,37.28534415475291,-89.33155974693653,,275.33579143803723,
170039576003,37.296917973880504,-89.45861942419893,,122.3722169758969,
171579506005,38.11419702674911,-89.7130972044595,,5.203448909785813,
171579507001,38.212992878220945,-89.68256469242036,,7.157058208773069,
171699702002,40.12645735305411,-90.57807767426122,,5.415472038880488,
171699702001,40.13247056630546,-90.54758114608946,,24.91049996246012,
171699701001,40.188871746861615,-90.82159420926487,,513.8368489023721,
171699701002,40.18984194831472,-90.60518850727635,,794.8215941305998,
171699703001,40.15681618904039,-90.33469154844471,,182.94405505333336,
172030304001,40.805286285740316,-89.35074832954103,,9.287030822420995,
170550403001,37.978303342067015,-89.06899618836965,,4.781056802629774,
170370001002,42.1141812394465,-88.63811477826177,,137.67134451816412,
170370003001,42.01940586599263,-88.8601279262863,,246.04776381030777,
170310201001,42.01430977361244,-87.68749960536184,2413.0,0.4132076559176696,5839.678828411599
170310104003,42.00449313739379,-87.65629817408077,2744.0,1.5595610690978945,1759.4694137801396
170310106003,42.00085788100372,-87.66681382624684,1898.0,0.22316246850725005,8505.014363283664
170318306004,42.0024034943873,-87.67646987783598,948.0,0.5017144288284392,1889.521101104644
170310205003,42.00254237910801,-87.6845206061008,1742.0,0.916635804574149,1900.427619461471
170310203012,42.00359764177465,-87.70708460122515,1350.0,0.5640872751568442,2393.246682660291
170310301031,41.99540831817757,-87.65921383919269,804.0,0.07224154488104023,11129.33010117575
170310301032,41.995372917038964,-87.65347834598472,1124.0,0.2682096933830133,4190.750848049652
170310306031,41.98456482065821,-87.65837041401252,913.0,0.10512285037795394,8685.076524442033
170310306032,41.98638900818581,-87.65842540233662,1182.0,0.1049733261123788,11260.003314886053
170310307011,41.982745295356196,-87.65796585919598,1549.0,0.1265509136304795,12240.13288851458
170310313001,41.97308782287918,-87.64496054955137,1434.0,1.5288107586434472,937.9839799612771
170310106001,42.00546627251296,-87.66800226831076,1891.0,0.2940141078865809,6431.664159222842
170310107012,42.01065453978173,-87.67888027756548,2228.0,0.45236172420871673,4925.261976789211
170318306003,42.000023833108116,-87.67287587377537,1316.0,0.29452909473900457,4468.149406992089
170318306002,42.003727354396524,-87.67203399236485,1819.0,0.1735168181042733,10483.1336804879
170310205002,41.998901063069226,-87.68809484471497,909.0,0.13903582376615317,6537.883369748384
170310205004,41.998945558141486,-87.6850417389739,1051.0,0.09207555133017799,11414.539308390024
170310203011,42.009537939580234,-87.70702932067427,1558.0,0.3605352377990191,4321.352912717257
170310301022,41.99348512742605,-87.65905215997813,1007.0,0.09858729844225042,10214.29754046736
170313515002,41.82913327347599,-87.62772777860845,255.0,0.1425659768161179,1788.6455499049391
170310301014,41.99130064849327,-87.6521684588247,1253.0,0.24235857569595232,5170.025431953084
170310306012,41.98866873518847,-87.65884662109046,806.0,0.1261575034915625,6388.83917082194
170310306011,41.9887066598122,-87.65677144093252,1197.0,0.06422146822296615,18638.627130793975
170310313003,41.97487031408943,-87.65461439417594,656.0,0.0364048723587534,18019.565994777277
170310313002,41.972596651460684,-87.65233070984239,1264.0,0.08232475998536483,15353.825510389655
170310312004,41.97397943156989,-87.65564742571901,1503.0,0.11268943813642705,13337.540987473898
170310315012,41.968216965045876,-87.65245331136991,1986.0,0.14206873474651677,13979.148920721225
170318060014,42.06235029323365,-87.8536310075714,,1.2028317663789583,
170318061041,42.062081231540716,-87.86643593975997,,0.3514163076991034,
170318024044,42.14940697153734,-87.9400187867839,,0.8873115611214545,
170318025041,42.13492746568284,-87.94148813839826,,1.3436098543384916,
170318030142,42.112659210197094,-87.9316103497383,,0.9254683108425069,
171699702003,40.1180840393621,-90.55982232629802,,2.010114989427739,
170312515004,41.8899213325293,-87.76245218153788,1798.0,0.48350914135353273,3718.6473764832845
170312518003,41.8841641561497,-87.74295476119782,981.0,0.5959379576855452,1646.144514455711
170312604001,41.884214686283656,-87.73804113079663,1271.0,0.5926097323153035,2144.75046677727
170312521011,41.875502731371235,-87.76958440403095,1370.0,1.5379111043169726,890.8187190757385
170312605001,41.87666406200804,-87.73772817043384,1934.0,0.609308369496279,3174.090652322495
170312610001,41.87171367317711,-87.73504759181503,1021.0,0.4862065032488138,2099.930776692035
170312603001,41.88427671851355,-87.7331362495609,1564.0,0.5943510910691805,2631.441286978231
170370005001,41.97087550663507,-88.72453373351051,,2.2357242363893954,
170370006001,41.97557956053922,-88.67855685402998,,5.74524810339765,
170370006002,41.98541065535639,-88.68220597198123,,0.9604684677057213,
170370006003,41.98609244123965,-88.69253019467216,,1.2219336005709627,
170316913001,41.75650018337242,-87.61989554845931,1261.0,0.5829906307664325,2162.985018030595
170317001002,41.753561556417324,-87.69108584952768,1224.0,3.111190982344262,393.41847123692935
170317002003,41.75193643085636,-87.71727347873947,1857.0,0.4862315641289445,3819.167937660952
170311104001,41.974573317082694,-87.77162278755937,1691.0,0.9245870776466494,1828.9245446779341
170317004023,41.73831217262054,-87.70692700609273,1627.0,1.0254522540188515,1586.617020562022
170317005022,41.73826421856953,-87.69699652403874,1681.0,1.0795307444076807,1557.158060303632
170317005021,41.7391666407887,-87.68436505141179,1355.0,2.0173065190897286,671.687711895869
171670036033,39.719931039039615,-89.77169162298497,,65.94993306271921,
170438464102,41.78632688539336,-88.20838984409158,,0.8877671560923752,
170438463043,41.733048075419966,-88.10002699790384,,0.9030727808895094,
170438427093,41.8352428957695,-88.04018246282996,,1.3580427113256852,
170438427081,41.8385960376446,-88.04899598336713,,1.9825576109107659,
170438443053,41.8480300647785,-88.03027274814974,,1.0811237383732104,
170438465141,41.738561823461076,-88.2286980491596,,2.1695125853443966,
170438409082,41.911428331092466,-88.05712100526816,,0.8310866613105428,
170438402013,41.96793505905942,-88.0191027892792,,4.090459674597744,
170438467011,41.92540961381845,-87.97825799835054,,2.4023838027073245,
170438401023,41.96175814659566,-87.99876310585464,,0.5662048656439286,
170438403041,41.93653587164986,-88.01811194850691,,2.233665976820618,
170438411141,41.94768786683337,-88.09986655385121,,3.2552308514024104,
170438411132,41.9417862168921,-88.08653613496635,,1.382778415499246,
170438413202,41.964217468783275,-88.1481711863652,,1.9694682874412626,
170438451002,41.79996054875078,-87.95652041103402,,1.8992312827123412,
170550403002,37.96097474871592,-89.0408983714257,,8.699705876935901,
170318352001,41.796643743400395,-87.74528659903639,2060.0,1.779959748817204,1157.3295415072641
170318399002,41.8270869350412,-87.65165522113735,1156.0,1.364487174315493,847.2047387179858
170550404002,37.88152460691541,-89.10202362532885,,15.753944927126724,
172030305023,40.772073174690085,-89.53448255622935,,36.22238955931677,
170370006004,41.99240904515883,-88.68347848934405,,3.255664936973079,
170318397002,41.832686364998054,-87.64621527702107,1303.0,0.31264460091704743,4167.671522802721
170318426001,41.819841983373436,-87.64088800283194,1289.0,1.1915008630751425,1081.8288428874673
170318426004,41.81199824171977,-87.6439191810455,1060.0,0.3690217112886335,2872.4597159837895
170318438002,41.798026417506584,-87.64036787733858,1002.0,1.1829914339743202,847.0052878013915
170318351001,41.790672742849914,-87.68316361570936,1330.0,0.9941951097342362,1337.7655824071894
170318350001,41.78335631150677,-87.68234449115491,1075.0,0.8456840648832276,1271.160288622012
171759515003,41.019202537230534,-89.83772417853274,,470.9113307785826,
171759514004,41.099853637924205,-89.84092887415429,,42.11415798244301,
171759514003,41.1423163954809,-89.86666885819334,,277.1821320815549,
171759514001,41.206801539755965,-89.72129747254496,,150.95330687599474,
171830111001,39.998389417204464,-87.57174463405995,,145.38264938167012,
170579528003,40.69082828885972,-89.99645859227581,,4.487718833842464,
170579530003,40.65315238031974,-90.42889729864211,,12.50337618850089,
170579532001,40.52328520561232,-90.13031400161206,,137.2600575557844,
170579532003,40.47428469056485,-90.17963317132734,,58.22973524108796,
170579531001,40.506398211104695,-90.3328000233434,,178.43426630301903,
170579531003,40.34567618924437,-90.31608313275008,,106.10604669422267,
170579528001,40.705247266608275,-89.99591223355377,,4.53084444488485,
170579537001,40.48151843207461,-89.96237631919317,,336.18936629923496,
170579533002,40.581971186999034,-90.05609869648609,,20.704669397188933,
170579538001,40.406396002446805,-90.15953837121998,,25.85704934244902,
170579539001,40.27266091090318,-90.34036696507742,,79.12333126352495,
170579529002,40.5967701051614,-90.0987069055904,,179.4872961927188,
170579537003,40.485494355007496,-90.05222187793318,,51.77138510597616,
170579539003,40.23064016544804,-90.40376103343851,,133.09111513886353,
170579530004,40.57257549064214,-90.30410010456082,,305.6966393603774,
170579531004,40.394710157986765,-90.26478125428072,,295.8712184392662,
170579532004,40.43049092350174,-90.16352989916273,,95.63619663577505,
170579538002,40.37411986059952,-90.15557301099936,,28.459102347666963,
170579531002,40.410945071023704,-90.39849019983784,,259.62399017614143,
170579535002,40.553602219872786,-90.06670502386565,,11.139644652317573,
170579529001,40.66705621472846,-90.11489790085315,,314.29304765453367,
170579539004,40.24576256828968,-90.21933349395196,,358.84633870197183,
170579530002,40.655857479917834,-90.36378333956006,,306.6642420674319,
170579529003,40.593059067642145,-89.93605056645185,,130.8730252184285,
170579530001,40.6731292054244,-90.24679509093392,,73.17916102163107,
170579532002,40.513601219644436,-90.20283743329055,,37.31730950645183,
170579537002,40.370042189542836,-90.10663059262676,,268.31130274532075,
170010006003,39.93433794058307,-91.39183959058855,,0.7643772853278681,
170010010012,39.92365640768362,-91.39172188515649,,0.8306520661031178,
170010101003,40.112998382189105,-91.43579744134097,,384.070777666367,
170010104001,39.962687260394596,-91.32980038784542,,38.29637278328871,
170010106003,39.883278546903696,-91.37513193368437,,20.741305902711947,
170010104002,39.98699958936485,-91.30316723563088,,104.29979012806223,
170010002012,39.948527915130114,-91.38564662222188,,0.94804958612927,
170010105002,39.99457699392602,-91.42617260553196,,91.60664169158149,
170010102002,40.11773111099821,-91.09204053048403,,290.7448946752542,
170010102001,40.11298062163496,-90.9724665036076,,298.7375286518163,
170010005001,39.94673188651091,-91.39853981809344,,1.1662678679655523,
170010006002,39.93425322198144,-91.382370693841,,0.7541929503499465,
170010104003,39.97904092501374,-91.20348882496101,,157.39138675555887,
170359726001,39.34930349298099,-88.45563625264194,,26.747701802979392,
170359726003,39.32388878700177,-88.4430841642848,,2.8482089030294064,
171878702001,40.72962058243769,-90.64870264137049,,605.64726968757,
171878703003,40.96661218151571,-90.4929917557839,,222.07379822436124,
171878704003,40.91459211799659,-90.64446877377362,,0.6367201302034886,
171878701002,40.93048644933355,-90.69050760127139,,333.88010166704953,
171878701001,40.992483279303826,-90.74832403477845,,198.51589839428004,
171878704002,40.91447464846282,-90.63838514764119,,0.409476532891361,
171878701003,40.85015522910014,-90.76868514313999,,55.20165675796536,
171878702004,40.68244537207621,-90.52111452279567,,249.9384972805769,
171878703004,40.849751944841266,-90.49786674442578,,191.9972183536363,
171878703001,41.04127122481109,-90.54384861848852,,131.00445668057142,
171990202013,37.7474196013292,-89.05473331462095,,11.096524690834912,
170978640021,42.26382751927931,-88.00012991648515,,1.2788828407728323,
171990207005,37.813776269833774,-88.93535865973105,,2.489332241540571,
171990209001,37.782314784431314,-88.93733662232103,,15.726338405094891,
172030305011,40.75724839272359,-89.45935146969151,,22.188549300446905,
172030306011,40.692772435996716,-89.26136541747216,,74.34072522590931,
172030307002,40.71676858625515,-89.12096635942252,,136.85695205443565,
171990211001,37.73654918123604,-88.92444578369103,,0.9978800825461154,
170910105001,41.15001383383468,-87.88586632305473,,4.236669005513322,
170910123003,41.11511997296251,-87.85215754937069,,0.6899025658375832,
170910102011,41.25295524908651,-87.93051079873337,,226.6687505025582,
170910109004,41.15469361193912,-87.57981841521638,,124.90970647924664,
170179601003,39.88192720500315,-90.00620714183528,,7.1372940877417115,
170290011002,39.474661916654746,-88.36856143575159,,1.0640915265846944,
170910110002,41.10022734228058,-87.59072266224332,,84.82197113486487,
170910110003,41.04191434248966,-87.59627430270201,,140.03263910894373,
170010001005,39.940140823208814,-91.34068957700946,,3.916283328587937,
170179603003,40.015057221014374,-90.41605708563408,,2.041981739899968,
170359725003,39.22919447562903,-88.26362190464553,,148.5387890175151,
170359726004,39.22007414248197,-88.38991102985284,,261.0523806368821,
170359724001,39.259449087842704,-88.06051138498134,,294.69179440641915,
170359724002,39.282872429888215,-88.1120227340214,,125.87085997818156,
170359726002,39.320200735431385,-88.38910945608755,,210.29723632090364,
170359724004,39.25128871791195,-88.16406515190641,,2.070761205246306,
170010002011,39.95770966814378,-91.38691035797328,,4.515269076755319,
171990203002,37.78108221729055,-89.0208014843408,,8.470152503387444,
171990203004,37.76141324031872,-89.03601725337593,,12.25129272082591,
171990204004,37.79832009323278,-89.03257862856901,,0.8087828566846789,
170010002023,39.93927219824597,-91.39039474733676,,0.5199716674862673,
171990204001,37.79898915127082,-89.02725893053265,,1.2367316820879097,
171990205001,37.807237434714594,-89.01604398998929,,2.154849905641968,
171990205002,37.796827089717674,-89.0222097369564,,1.3231436109650396,
171990206002,37.805278821562474,-89.05792359180117,,5.809302585284068,
171990207002,37.82378103560714,-88.93934304018896,,2.383457493291383,
171990207003,37.826417689357385,-88.92800356429463,,2.0896203016513066,
171990211002,37.7351144591521,-88.91342660323201,,1.9118267260207669,
170312505002,41.91090225991629,-87.78995551527706,1466.0,0.5915375419164254,2478.2873378594827
170312505003,41.91079832480202,-87.79851070061684,910.0,0.4442328142944506,2048.4754181099847
171859575001,38.3992646203496,-87.76458621208427,,3.923656274354831,
170312505004,41.91444387252684,-87.79862224999948,1085.0,0.4454349368386053,2435.8215089741125
170316406002,41.77606033279504,-87.77020150682996,1490.0,0.44497569438386286,3348.497499539011
170978634001,42.24739560821898,-87.83519824243443,,1.404944750434566,
170978634003,42.261778276135196,-87.83885839230929,,1.7999589463708239,
170978635001,42.26126155466388,-87.84565006290732,,1.6867743175168577,
170978635002,42.245566730768715,-87.86959901773352,,4.433402985002191,
170978635003,42.25735340144014,-87.86493434560137,,17.94123990730983,
170978636011,42.317248821075516,-87.92537652075201,,24.962421371030754,
170978636012,42.31578976537653,-87.9853825023253,,13.556370332384535,
171878702002,40.7278491793924,-90.68916381217703,,52.46190557363582,
171878703002,40.90439087201172,-90.59883736973556,,314.31158319169526,
171878705003,40.90925957634206,-90.65157682298508,,0.5817278310898158,
170438438002,41.879874866480634,-87.96688908125691,,1.511896022763603,
170438431003,41.89334774024608,-87.974031479804,,1.1483121776203138,
170438442014,41.871160455379275,-88.01294328425936,,1.1977442742843232,
170438463101,41.73929689514389,-88.04379319010019,,0.774481941844047,
170438457011,41.76973176498,-88.02349283344746,,1.7004259595185092,
170438458031,41.703332712801085,-87.98825550433196,,42.22619281088221,
170438401043,41.939490199182956,-87.99925795060769,,0.5655984822730622,
171430027021,40.72636853053762,-89.62633716846177,,0.6708351229270416,
171430027023,40.735383054075854,-89.63702812991379,,0.9280758629361772,
171219525004,38.49387906204893,-89.13633847451756,,8.423555007890426,
171219526001,38.52862796264034,-89.12835068156713,,0.7060569135306625,
171219526002,38.52883351744559,-89.13721842292614,,1.5296094892835896,
171219527001,38.543685355782486,-89.11500751591652,,6.355779624334975,
171219527002,38.5490350117309,-89.13577394277624,,3.7074733393021484,
171219527003,38.53655480240674,-89.13836142954344,,1.0680178065464458,
171219527004,38.5361820373389,-89.12958613255245,,0.9758404941974551,
171219527005,38.53225526483786,-89.11879941758184,,2.413102233215405,
170279005001,38.5358783937543,-89.2082613263325,,84.6650935356461,
170279001004,38.601433663371004,-89.61250853599836,,11.765297312422192,
170279006024,38.54355957147919,-89.69718998555193,,4.706872693818975,
170279001003,38.60238989797537,-89.67110938778414,,8.363524335106769,
170279006021,38.546806241563154,-89.648408298918,,112.31082657789375,
170279002001,38.698587914774095,-89.44778407289094,,194.42053264331054,
170279006022,38.4758299186354,-89.6573377289654,,113.10810306484338,
170279001001,38.624357461507905,-89.64710019309028,,96.46099934857111,
170279002002,38.697696072496676,-89.55650053255087,,110.89881983396504,
171430031013,40.76331537443196,-89.66444560845216,,2.739222147096059,
171430034022,40.83678676661332,-89.61072539833992,,4.430820492700753,
171430009001,40.68660143805391,-89.60082227916622,,2.9028178339055843,
170978631001,42.32370450559308,-87.84270694848054,,1.0749037847505514,
170978632011,42.32237493281166,-87.85900454326519,,0.8772986777021597,
170978632012,42.31878332664461,-87.86225534756278,,0.85956253595357,
170978632013,42.319353881408304,-87.87615437036739,,5.020529434364159,
170978632021,42.29664424365968,-87.8807379589289,,3.8501430656126394,
170978632022,42.28283227582559,-87.87745275564562,,1.5029312999959925,
171430019001,40.69325770319067,-89.61758264793458,,1.2001483257070795,
171430044004,40.6918634433223,-89.62749389888123,,1.2774949664535975,
171430042003,40.74585747439134,-89.56277193630336,,4.280617153663818,
171430012001,40.697881366299555,-89.58636671810508,,0.6813516571661448,
171219523004,38.50457004534675,-88.99576783184715,,64.05356566814963,
171219526003,38.522749685045355,-89.13073305871717,,0.8353226758281204,
171219522002,38.58632544751573,-88.86024631636444,,157.6520217724928,
171219522004,38.508212738679546,-88.81090065271447,,224.98566449308535,
171219522001,38.58459760454047,-88.74811887935367,,148.01770727648434,
171219516003,38.69168809088989,-88.91893794370276,,101.51239227244088,
171219519003,38.58270006973113,-89.05865779932995,,51.146416272842565,
171219519002,38.6295279975642,-89.03487014904087,,44.96609279061673,
171219521002,38.62156228759709,-88.9750347477363,,6.633901173002153,
171219517003,38.74682909123483,-89.10193625373806,,54.26469987952607,
171219523001,38.542277907135556,-89.02387878248788,,51.69815751550175,
171219519001,38.588193106609054,-89.00096725514773,,61.483193735824536,
171219516004,38.66339532910731,-88.79406716571592,,226.694646113429,
171219518003,38.57867087003407,-89.1134021208611,,46.251784731490105,
170438423003,41.86276013465903,-88.07240141743264,,1.3451507960203477,
170438427042,41.84911106419381,-88.09021944052832,,0.5104960146314013,
171430027011,40.717663454420965,-89.62700729019024,,2.466845573158889,
170279004042,38.71169901382272,-89.28455887682773,,115.8414772731481,
170279004041,38.65997967571927,-89.33515402919244,,145.53274523553716,
170279004034,38.61943425157134,-89.36488879672548,,3.976504317240404,
170279004035,38.607207731074226,-89.36469616118528,,2.344992902275648,
170279004031,38.5799497694733,-89.35486104784836,,105.11981830742867,
170279004032,38.61005004476677,-89.39282348992079,,3.8051027952679095,
170279004033,38.618411397050195,-89.38588048446212,,5.505084782656678,
171430036025,40.91526903352383,-89.49358891927302,,2.7548387581062244,
171670036022,39.794061603030336,-89.73587690825367,,9.517230784830963,
170318036032,42.12120064385763,-88.08825613044354,,6.565632195552233,
171610222002,41.500851495353686,-90.53267519637348,,1.1524555159686298,
171610223002,41.506022459716924,-90.52981301878056,,0.7266730586925765,
170190105002,40.26825014074223,-88.29122706460329,,167.15057180928483,
170770101002,37.886385831921814,-89.46117704826761,,251.43539124546467,
170770116003,37.6730459203448,-89.25873871657274,,41.248806857265514,
170770112001,37.72798644085374,-89.16819136886276,,13.689560210724254,
170770108001,37.76902501968354,-89.24736390034613,,41.04628179387986,
170770107001,37.76912004507608,-89.3395538599176,,0.5662956171748247,
170770116002,37.651218432396846,-89.17872080563,,79.89733353813942,
170770109001,37.779896445464985,-89.18464844840355,,67.75077009281792,
170770103001,37.65334432778279,-89.32960806123955,,146.44990875548694,
170770107005,37.761775882850735,-89.3060984735412,,17.92510469865859,
170770114001,37.71585392448932,-89.2053873957743,,0.3980844935526266,
170770111001,37.72295376930894,-89.22595415631952,,0.4006053408583264,
170770112004,37.71957858474226,-89.20455021824979,,0.5758989245120048,
170770102002,37.899718890563584,-89.215002932736,,119.38726662076327,
170770109002,37.74296061333954,-89.20228190881623,,12.165731386311473,
171379517003,39.73431826096508,-90.22979642814262,,1.7872249909437543,
171919551001,38.397005145401316,-88.34512817085775,,13.828128768278058,
171919551002,38.39410941070031,-88.38588185395531,,12.594782335660945,
170310814022,41.89305932046086,-87.61605644567577,1477.0,0.0443771656338049,33282.88273721735
171610240001,41.451388701274844,-90.46595834008687,,5.7899140040811,
170770107004,37.76951296923055,-89.32701385609916,,1.2868326736172138,
170770108003,37.73409447357829,-89.23528440591646,,2.9391707952358295,
170770108002,37.72854653217625,-89.22274050563212,,0.6133671122804734,
170770109003,37.731250989987174,-89.21257343459534,,0.9041541383667684,
171419608003,42.1272405344258,-89.49008698468045,,167.3131115778884,
170898520013,41.965085434238766,-88.30511702860521,,4.393184966901867,
170699710003,37.47089693290821,-88.2906770016362,,71.01878880466451,
171450302005,38.073841184104026,-89.37351224440421,,4.712475090870772,
171450305002,37.98457852786075,-89.19184706881965,,87.56436727404986,
170630006003,41.17954449799011,-88.4853016448027,,496.95533419866166,
170315603001,41.80573249331756,-87.74803389891818,1707.0,0.588899390141777,2898.6275560398212
170310402022,41.977790693266,-87.69483350122,2682.0,0.3491660012483657,7681.160222963012
170316603011,41.779954055782895,-87.6982872326807,1785.0,0.29475305749272623,6055.916824693326
170316711001,41.77677714638497,-87.66171593954654,1259.0,0.4412294655715075,2853.390578458458
170316911004,41.76359186120642,-87.63137757805293,1206.0,0.39342782097141576,3065.3653242474206
171539710002,37.2662702300749,-89.05263935006684,,153.88454323058355,
171539710003,37.185676700234204,-89.11867547455714,,164.72109411891347,
171539711003,37.20458966472522,-89.19771141303988,,221.53783530363899,
171539711001,37.2983121080712,-89.17101129912447,,119.26029116657942,
171539710001,37.26806354687336,-88.96758251797401,,90.10598055131834,
170359725002,39.29144740599231,-88.21490017692793,,144.28491359436185,
170730303023,41.44888662752874,-90.15004705521652,,1.8399741037325288,
170730303011,41.47013334000995,-90.17761561928852,,15.997979751203438,
170730303021,41.46901475070034,-90.15172650864322,,5.475768870056769,
170730303022,41.45527680768959,-90.12132395650339,,14.76203243554762,
170730303012,41.45382872146219,-90.18295029891227,,8.606632945447313,
170730303013,41.44272174317598,-90.17383228864286,,7.2710532267088945,
170730303014,41.42762314087869,-90.14043004866129,,61.343644881895855,
171059602004,41.005833330875916,-88.51336854821695,,22.679350863898467,
171059603001,41.099865936570716,-88.83862202266478,,2.991780165458073,
171059605003,40.88394893429815,-88.63712710355178,,0.9867865637964026,
171059601004,41.08589271086623,-88.43614640901474,,2.6677294988755986,
171610228003,41.4954034288234,-90.55128080467627,,0.8200590386559752,
171610229001,41.49166447541994,-90.54259609248692,,0.6128631951666612,
171610229003,41.48790075229598,-90.54813689444507,,1.1313546288722047,
171610228001,41.501009021416934,-90.54243257670154,,1.2806139546287192,
171610229002,41.49143835810736,-90.55244887182634,,0.5951786256068035,
171610230001,41.4753645322723,-90.54415875892802,,6.456651249196757,
171610230002,41.4722624363147,-90.55275818778554,,2.1164371995223705,
170770107002,37.76442891272902,-89.33444958698833,,0.7930561495183387,
170770107003,37.77240990556355,-89.33431434370587,,0.9753078006756305,
171919550001,38.522165190148584,-88.4176319111694,,46.15093086949905,
171919550005,38.43072701622023,-88.43245737230147,,161.16356081893505,
171059601002,41.09456516203103,-88.42585288840696,,1.2103984126271028,
171059601003,41.087425878041834,-88.42280796001799,,2.7038836843990164,
171610245002,41.50650485026859,-90.56710597561104,,0.8880356047575266,
171610231001,41.472231602864724,-90.5636113330603,,2.9941901117967875,
171610231002,41.47062754010773,-90.57489674598568,,3.3569413001547406,
171610232002,41.48502212570435,-90.56322385309073,,1.6268009545630653,
171610232003,41.48661099192561,-90.56981816203373,,1.329726267213059,
171610232004,41.48651588845829,-90.57698088404736,,2.0980147487877057,
171610233001,41.50193572578214,-90.56099833681468,,0.8432349465913157,
171610233003,41.49888186862887,-90.56660921472682,,0.9719814748439857,
170318130005,41.87627676479964,-87.78556663709271,,0.30115254554864945,
170770111002,37.72485105961841,-89.22012734666457,,0.5229425048608429,
170770111003,37.72233244422213,-89.22033451144193,,0.20122618048453045,
170770111004,37.72035086024668,-89.21929816737791,,0.2861154935638184,
170770112003,37.724844601706344,-89.2036535407746,,0.9933497637497353,
170770112005,37.724891752331885,-89.19160791320675,,3.1259687650425123,
170770114002,37.7085614714078,-89.1938283633481,,7.457123800730788,
171919553003,38.34458368526513,-88.60363068831785,,12.999687437953476,
171919553001,38.31146136657665,-88.4507909914193,,296.01202786781147,
171919552002,38.37318708427496,-88.38568358356045,,11.645263830132691,
170730311003,41.1571013724455,-90.04047939961433,,27.61204742307052,
170310802013,41.90863959174175,-87.62946172544663,522.0,0.036595150435461084,14264.185111647377
170310810001,41.90248383657059,-87.63181934284368,377.0,0.049171958175686474,7666.9714607056485
170310813003,41.89921401759751,-87.62299889151643,781.0,0.061032874277167554,12796.38242913578
170318390004,41.87341555865024,-87.62856738801038,1440.0,0.08008344157312117,17981.24520766494
170314109001,41.79888165583583,-87.58389702425703,736.0,0.07835805746696488,9392.780063623853
170316115001,41.806580889856285,-87.67585391927203,1303.0,0.1554506179781386,8382.083113900802
170312831002,41.87048290417395,-87.66412811968391,1472.0,0.1932398712791073,7617.475577148915
171059605001,40.93355741045783,-88.64366951325243,,92.10994270641335,
171059605002,40.88905685269649,-88.66660844495807,,16.76557753546818,
171059610001,40.675135303335686,-88.4670360685084,,428.387704092552,
171059609001,40.755902274898894,-88.44216827485081,,73.1035695034515,
171059610002,40.686817542540936,-88.29248042834692,,247.68016097035493,
171059608001,40.82100848719146,-88.55579670692583,,331.1154606751101,
171059601001,41.10300249353372,-88.4256459636978,,4.88352083301576,
171059604001,40.98520575231052,-88.7163950521796,,51.767793224246006,
171059604002,40.983618290320756,-88.82331834408801,,269.63727061922737,
171059602003,41.00119197679586,-88.5089884713769,,548.2462428893015,
171059603003,41.098245177043914,-88.82152758819373,,5.060576362574135,
171059608004,40.743754778575024,-88.54978202298392,,31.45838992605074,
171059602002,40.885662669702754,-88.2999486868988,,185.17138246900106,
171059602001,41.02355821073782,-88.33256485644654,,490.1185869665865,
171059608002,40.835909132096624,-88.70592805818137,,286.5577789853364,
170898520052,41.928360360083666,-88.28903455448517,,3.6888395846247,
170898526081,41.89249749157898,-88.30844115069615,,1.730579723467016,
170898519074,41.998707672062544,-88.32768209595544,,0.8993943278659323,
170898528073,41.824212452159266,-88.35930125768988,,6.965864354337195,
170898519072,41.991048035953916,-88.32395375840693,,2.5221502193854652,
170898545062,41.82671235016625,-88.39632014335794,,23.86570768454974,
170898521035,41.975107416985175,-88.3296964577376,,7.756692046943962,
170898501013,42.144482465250746,-88.24743551194301,,5.998028015977905,
170898501064,42.146716122632,-88.3082984325528,,6.200026370392019,
170898501014,42.14785805937824,-88.2697953050295,,3.2221722174779117,
170898547002,41.75229029973084,-88.328976024855,,2.487894054194575,
170898529034,41.802447187336035,-88.27115773851175,,5.655858419748727,
170898544012,41.72759900957823,-88.30839976972345,,3.134580523372623,
170898519075,41.993145418153595,-88.3355488158433,,2.203315227665362,
170898544031,41.730129640303616,-88.27077653027187,,3.3868893165815654,
170898530083,41.78481909549575,-88.34455493029661,,1.2548532508190302,
170898544011,41.72902812329739,-88.29104952562881,,2.426698266982273,
170898544032,41.74498451409068,-88.28485124299415,,1.4229716727888189,
170898528061,41.83823818886764,-88.28463816352125,,1.0417444522720725,
170898534022,41.75943392193782,-88.30294897030986,,0.489854384418491,
170898536011,41.752496585079946,-88.30439589587442,,0.5329983378666577,
170898529073,41.77926076049591,-88.29038202009417,,1.4850669102112795,
170898534011,41.76384891073933,-88.29372805676863,,0.5413324861417471,
170898534024,41.76471773099822,-88.29900784784046,,0.3853557004113053,
170898536022,41.75175889923236,-88.29740490787628,,0.7660190917247137,
170898534012,41.757402432865774,-88.29359608086413,,0.5319539399970288,
170898544033,41.736666736402256,-88.2799216467712,,1.4469931883655096,
170898529033,41.78649799213581,-88.2715773235291,,2.4164271489153513,
170898521041,41.981930399395964,-88.30147222647676,,1.1033612573482123,
170898507082,42.07640299017889,-88.36444355209522,,3.578365148241386,
170898519112,42.03565457173892,-88.36448096778213,,2.928933408980525,
170898549003,42.026212162240824,-88.30626519798261,,1.2262032083156653,
170898511013,42.03206022565949,-88.30121968822317,,0.5491621667224471,
170898545052,41.85451227609989,-88.38034422352189,,1.203448002126662,
170898524071,41.920489638439584,-88.39711629062889,,2.5655224211150474,
170898528053,41.828964174251965,-88.31075283946927,,6.454824873408299,
170898529041,41.76104033272192,-88.27277764324063,,1.5872313863525218,
170898530073,41.77565620883914,-88.33497742979125,,1.7470664338590656,
170898543014,41.746301105288396,-88.30993088861285,,0.40426504888334824,
170898531001,41.76807072649762,-88.33901391675725,,1.4399984796011935,
170898531002,41.764204143681674,-88.34029762659254,,1.1436430248246854,
170898539003,41.75454207581862,-88.34794517866858,,1.515721541404346,
170898511022,42.04375489505493,-88.30828614631909,,1.110152765241582,
170898511023,42.04222482996247,-88.30080090949495,,1.069503991990956,
171479545004,40.091673803017855,-88.5187463391098,,120.87984492393858,
171479545002,40.20461331737925,-88.53680921944583,,360.8590091983354,
170978606003,42.43389321334555,-87.82518327782329,,1.7746537206885498,
171059605004,40.87997136936016,-88.63566750530872,,0.8751392605830972,
171059606002,40.887090498316034,-88.62725094300431,,0.5986686707295741,
171059606003,40.880229953771604,-88.62561103263545,,0.8419866253077674,
171059606004,40.878135240261884,-88.61582611185176,,0.9762092223091114,
170190013015,40.08719757985373,-88.27197421940687,,0.9651334563843285,
170190058003,40.107840498459275,-88.21327179817479,,0.375106378524532,
170190005003,40.110813261953304,-88.25145136507574,,0.742445485609282,
170190101002,40.32099091871874,-88.1392741219012,,0.35531089881234856,
170190009012,40.13464159957744,-88.27001651663132,,1.181220622456294,
170190003012,40.1107715311494,-88.23957697503418,,0.29673885110408055,
170190105004,40.35480353099504,-88.40287186586286,,163.66511594725333,
170190054012,40.129835867739594,-88.19193906523468,,1.037207785366379,
170190003011,40.110885164235064,-88.23122293649492,,0.27370386428198207,
170190106033,40.1821880243147,-88.38100890819733,,5.443631742015879,
170190108005,39.93523671459186,-88.07240822861793,,513.5094823893317,
171479545003,40.10382916922878,-88.6414866399409,,260.85797147831767,
171479546002,40.02923307566584,-88.56626673170199,,0.8186983047734182,
171479546001,40.013803153646904,-88.57909631133221,,107.58339742232293,
171479548001,39.98812961386669,-88.677965349955,,270.35435784577965,
171479548002,39.89061847361229,-88.7387166179722,,1.507575716510691,
171479547002,39.91042750670433,-88.57791406455912,,19.112806243951106,
171479546004,40.02405992268611,-88.57666064142704,,1.2095554908863309,
170190002002,40.11973565827097,-88.2343125169112,,1.1484902685233607,
170190010002,40.11560502491727,-88.26116895919937,,0.5984734761407314,
170190058002,40.11015729752103,-88.2127392666435,,0.25661007037619465,
170190106013,40.19358311593768,-88.44542204022866,,34.28420786523231,
171130005042,40.51320670175635,-88.96306919252832,,0.44232494793166666,
171130001062,40.51795638066909,-88.98029457012167,,1.0131555497695948,
171130001061,40.51238969685878,-88.98483493871723,,0.6975683287465135,
171130001072,40.52723445062289,-88.99275444959945,,0.7951354068796579,
171130001073,40.51825779879622,-88.99134377961002,,1.087103769815453,
170190002001,40.126761433621795,-88.23155054001019,,0.9837754934093801,
170190003021,40.11432560060514,-88.23807643374614,,0.37138615443154344,
170190004011,40.107250264191784,-88.23116289801163,,0.27434888446654343,
170190004021,40.107131803758165,-88.24066613966393,,0.2341386777308387,
170190005001,40.106078909527234,-88.2466071461161,,0.5229388669686266,
170190005002,40.10644022384584,-88.25327151500852,,0.640787303406929,
170190005004,40.10103934675515,-88.25109361510528,,1.2992820403592984,
171479546005,40.02053177792788,-88.56962794796466,,0.7581862277553788,
170190007001,40.13163629714014,-88.23631423436477,,0.6042723785417546,
170190007002,40.12503844136933,-88.24717832958646,,1.4808352119160146,
170190007003,40.13102342581395,-88.24843198395101,,2.3755787973109643,
170190009011,40.130333311816536,-88.26176627908002,,1.1562440496111808,
170190009021,40.130419974310705,-88.28691074362129,,7.758221111424307,
170190010003,40.1153912519322,-88.26732459769447,,0.5281169570566459,
170190012012,40.105790831040665,-88.30003657663848,,2.217954051395521,
170190012014,40.10221480631983,-88.29057909827033,,1.151175895180742,
170190012031,40.095285786025485,-88.2809776351568,,0.9375741817670662,
170190012032,40.088546403248614,-88.28245948651852,,1.6453490727966087,
170190012033,40.091221947329146,-88.29125352454676,,1.8436315698800396,
170898543022,41.73875151026703,-88.29446221753288,,3.2615027471111464,
171790217014,40.557996558966686,-89.2968141667503,,42.550427795332745,
171790212033,40.69936833458524,-89.50547483718167,,5.441285965026669,
171790212012,40.735693932485,-89.46496637223107,,31.132750571779614,
171790212031,40.69458956560004,-89.49345798346585,,1.8461445332535853,
171790216063,40.58382577931219,-89.4676402810075,,8.655714509089599,
171790203023,40.63821506437155,-89.56907039231406,,3.9933252578605347,
171790204005,40.639874954346794,-89.59818548432013,,3.150321122485432,
171790203024,40.64644587359958,-89.56770275108848,,4.788677040477119,
170318072002,42.03726616192941,-87.71402122729991,,1.0148588528121694,
170318085001,42.04921463907058,-87.7749672920977,,2.6033618278593265,
170318238034,41.697684993875484,-87.81353174719794,,2.8503833059827457,
170318233046,41.672585454186795,-87.7151140031656,,0.9835062918279641,
170318240062,41.65015089042558,-87.98017253035991,,9.468989249769109,
171790216033,40.6385352569731,-89.42552532038596,,31.319048361523603,
170770101001,37.92236433317567,-89.56193314362511,,99.86324654006569,
170770101003,37.8976679565034,-89.34963459766293,,183.1722171836445,
170770102003,37.83480841856048,-89.22034183044698,,144.7009162005201,
170770103003,37.654746426004635,-89.44222296406944,,268.1488139912403,
170770104001,37.812560658264836,-89.36532675572342,,157.45917923273515,
170770104002,37.80069420840405,-89.33968406944551,,12.724022555700795,
170318279023,41.58355750418845,-87.53595901458496,,1.0444373453660607,
170318312002,41.91532353985133,-87.73627891950461,2157.0,0.5707583003010098,3779.1828850538463
171450306003,38.004606915023864,-89.23478287349533,,2.339556578956344,
170311913022,41.920616775671874,-87.76809721702787,2465.0,0.5217455373868328,4724.525316202941
171610235002,41.49759174616842,-90.57990578628633,,0.6402865084900711,
171610236001,41.49781341054093,-90.58487163728726,,0.562474381566496,
171079532002,40.1408803269282,-89.3492123022345,,1.4905317387339716,
171079533003,40.13037626488365,-89.37242554799973,,10.506514459294412,
171079533001,40.13505442011903,-89.35525742802206,,2.027420764139416,
171079534001,40.15526168035443,-89.3750178600983,,1.0617344553727115,
170879800001,37.39958744206305,-88.76824575265418,,5.6699102980583005,
170318401002,41.84065301399826,-87.63874815920998,1834.0,0.4082813828686509,4492.0000689573935
170190108001,40.034535671889856,-87.95046428416003,,3.47877687423983,
170190012061,40.09131625878624,-88.30470520960401,,4.47240139509357,
170190013011,40.091059670610534,-88.25137689715194,,2.9044957292766114,
170190013012,40.08656673639029,-88.26246874198375,,0.9906238793333111,
170190013013,40.093930297509914,-88.26193354511196,,1.1554876484257197,
170190013014,40.094282432713776,-88.27112913110051,,1.3289217462479677,
170190013021,40.07663439692661,-88.2524384928059,,2.3254515797346555,
170190013022,40.07641823782457,-88.26679836385152,,4.41599824924015,
170190014002,40.097535181632026,-88.23654002981918,,3.3898370629944026,
170190111003,40.11450353134507,-88.21869717657773,,0.3326023140123468,
170190053003,40.12096976295946,-88.22301623361963,,1.1326165802028045,
170190055004,40.10900958543629,-88.19430562170928,,1.2789495976869987,
170190055005,40.107427216939406,-88.20506593378828,,0.4476861427644641,
170190055001,40.11350090996149,-88.19439741415067,,1.4802097764093534,
170190055002,40.113653431499415,-88.14960773455918,,11.615740527308057,
171130051032,40.50997661900954,-88.91835230994843,,2.883355622393083,
171130051041,40.49549898049568,-88.9186276645237,,2.504836811384153,
171130001083,40.52996788640454,-89.02346826057675,,11.807175706340367,
171130054011,40.4555280924833,-88.86648590932727,,120.57525025372675,
171130011071,40.46963792901588,-88.948139651619,,1.2001544107166737,
171130011083,40.44353572586251,-88.94410093900169,,25.7182867931315,
171130011082,40.46255652799604,-88.94150591377009,,1.9882733562953578,
170190057011,40.096571733284144,-88.19993612804221,,1.0847178147115073,
170190057012,40.09277806843781,-88.19725151617364,,0.8571205205272118,
171130011081,40.4626850189187,-88.92712216275979,,1.4496575115873902,
171130021014,40.44370243206027,-88.97587188019773,,8.761581673330262,
171130021013,40.44395431506129,-89.00421747196887,,6.25322401335207,
171130054012,40.38052902306772,-88.96370273349507,,123.5769599721793,
171130054013,40.400114970809874,-88.83844970350937,,64.47001199235017,
171130054022,40.32475476138645,-88.90670142029595,,278.21397814960716,
171130054023,40.3171885401577,-88.96159615437129,,11.757275792159822,
171130054021,40.31230205821044,-88.99010400395888,,10.808530251687275,
171130005061,40.514122415484316,-88.93351161266246,,2.1645207934778004,
171130001082,40.53532522526978,-88.9897185300634,,1.4988383263371883,
171130011072,40.46988683441072,-88.93239838710781,,2.4808108494030443,
171130051031,40.50981045315825,-88.88829069499113,,11.414962195923406,
171130001071,40.52479084995341,-88.98611374536205,,1.491435096946625,
171130001092,40.530756894981344,-88.96298220836353,,4.269862910774718,
171130005043,40.513510788178024,-88.97018907110301,,1.2076736190305053,
171130051042,40.49524908275707,-88.88866345116116,,11.635210739570642,
171130001081,40.52304766655344,-89.0062590934074,,4.823184436497617,
171130005062,40.50669329554748,-88.93265484709313,,2.08759162234319,
171130001091,40.53380259391671,-88.9748199728868,,2.7875123234108714,
171130001093,40.52068071657678,-88.97183670192614,,1.880636071100688,
171130001052,40.54285290082389,-88.96406382118604,,5.310440644326103,
171130005071,40.52962417401017,-88.93343864913335,,7.25165467304053,
170190057013,40.08883183231034,-88.206589500106,,1.025178142920907,
171079534002,40.14441596398013,-89.40096021627296,,15.09785359299327,
170730310003,41.208751569797215,-89.91182977991457,,34.57980627229894,
170310609001,41.94923338553828,-87.64812812137625,1134.0,0.17392282578433754,6520.133253849888
170312408001,41.9120587783662,-87.69809426267108,696.0,0.12886454378669376,5401.020168527281
170310204002,42.008591788462596,-87.68591228083899,1480.0,0.38507442611636467,3843.412856383152
170318024042,42.14722585352679,-87.9508724954015,,1.6779873202228297,
170318060012,42.05632052922218,-87.85311013895887,,0.5072559294946531,
170318026094,42.104024009404306,-87.89343377992903,,0.5387505977750443,
170318036111,42.15121928284196,-88.01746223912893,,0.34081890253741876,
170318051052,42.05478661509818,-88.00471898362666,,1.2654812273057299,
170318048042,41.99636678324448,-88.1348887246768,,3.7338049983129187,
170318045112,41.99126100107866,-88.14945013447911,,0.8818879449582,
170318051081,42.039602845687156,-87.96455685769548,,0.6557750047073395,
171978803093,41.68815112822336,-88.18876124868403,,1.473029357698469,
171978801054,41.69783847226056,-88.10578636214598,,1.8983124567541565,
171899503003,38.32291627209654,-89.39770470374901,,8.512857115309505,
170316604002,41.78075246321826,-87.7056152139846,1434.0,0.29350882423960284,4885.713414971705
170010106001,39.909866305721366,-91.32297093681203,,31.32101565315244,
170010002022,39.944193796361056,-91.38565787523599,,1.306446707977399,
170010101002,40.142865421182975,-91.25544954370282,,398.6146053745346,
171978810021,41.625553013561465,-87.95814907036173,,1.3904126783436066,
171978810052,41.62163106083892,-87.9404735843433,,4.655618159708232,
171978801131,41.69321164763656,-88.06293444927203,,1.6531119237412872,
171059607001,40.872390218309256,-88.65592255302927,,9.435168946294114,
171059607002,40.858045176490236,-88.63449834575857,,8.735271422151033,
170316203006,41.79037172927082,-87.73597647717268,1423.0,0.33980821921473275,4187.6562117550575
170318152004,41.835829050993304,-87.78967965405873,,0.381595556259043,
171635043552,38.613856574327414,-89.91932360405445,,2.424844953575205,
171635016051,38.55049907223115,-90.04591745120831,,1.2982633436241275,
170316009004,41.83656810454815,-87.65829718605907,1197.0,0.20846784187337533,5741.892798636373
171978801141,41.684825626151145,-88.07777940793638,,2.8650774923259603,
170315808001,41.81021973971368,-87.68664360007877,2061.0,0.3301792403385962,6242.064152447806
170318126001,41.885540229272394,-87.77728624168782,,0.24839788516943492,
170318150001,41.854444734652645,-87.77996694902718,,0.2964892276376402,
170316203002,41.787731701738295,-87.72545815229269,1074.0,0.29613756756810883,3626.6928536616356
170310301042,41.99591955976467,-87.65769458614355,813.0,0.02244542318986332,36221.192762681465
170310307032,41.977292092131144,-87.65608909188168,442.0,0.021358938955571734,20693.91185205382
170310701031,41.926153333506115,-87.64237529553962,825.0,0.06418839186981048,12852.791228565107
170311406021,41.96742418236788,-87.71944713013404,1066.0,0.07413731922255576,14378.72330937584
171978832092,41.54080239411342,-88.1696402106736,,2.751825893526961,
171978803091,41.69067578065319,-88.19773717121927,,1.9568866842960266,
171978802042,41.64280395469886,-88.1148351859053,,2.356184304853101,
170898507043,42.132713951357914,-88.44810269195067,,5.725616661775292,
170898524041,41.941323225447306,-88.38394628320084,,4.914602063998876,
170898524072,41.9305837752307,-88.39399329541159,,4.161707108996347,
170898521033,41.926497463969824,-88.33059142706404,,6.109215387804732,
170898545061,41.826863948698545,-88.45213481601928,,49.045321150480255,
170898521032,41.95706881622691,-88.32959748509715,,4.601092163431693,
170898521031,41.95679716985322,-88.31207682881936,,6.5432772926912515,
170898526071,41.890564433447395,-88.3334075151123,,3.051069286287441,
170898522031,41.91298478522769,-88.325625133629,,1.7813002237794175,
170898526083,41.89611406632389,-88.31966458706391,,1.5128986363566468,
170898526072,41.89125161573089,-88.32063731747736,,0.8408805680976839,
170898520051,41.927549009497326,-88.30233909955183,,5.633305913549201,
170898507052,42.09799683550247,-88.55032847722943,,12.49920398340306,
170898529042,41.76719605213483,-88.27175755335932,,2.2694301915704873,
170898528072,41.814871943878806,-88.35726533984119,,3.2290160979676306,
170898545051,41.852681127547726,-88.38688074680799,,3.710139295572805,
170898545091,41.743197967866706,-88.46605948267226,,32.799284501877175,
170898545054,41.86805196763287,-88.3818139624197,,2.1765317901088643,
170898501065,42.135812082348664,-88.29651872926054,,9.419894275227147,
170898545081,41.74964352057958,-88.38230752290482,,7.8078775382049095,
170898521042,41.9796757100461,-88.30931901542654,,2.327303632932005,
170898524062,41.97695981619551,-88.40570708022597,,14.272350046728706,
170898544022,41.74896894292107,-88.27009907228425,,5.935444979416775,
170898544021,41.74332876048786,-88.27741729074646,,0.7383556882147786,
170039577002,37.12674883013574,-89.33220790746287,,424.8406930229216,
170039579001,36.98753419486757,-89.17028498549922,,20.932554414707955,
171739593001,39.4203963354485,-88.80149297093996,,3.491325316501512,
170898523001,41.913526808500436,-88.30823828221992,,1.1015526923132586,
170898522014,41.90650600286513,-88.32122548690771,,1.396344007649793,
171118708111,42.31206680131182,-88.22424120487167,,29.211817306888737,
170318015002,42.12983968394584,-87.80854029667806,,5.035424894246577,
171978840032,41.276462757656525,-88.21313576596948,,3.930642390287426,
171194009511,38.727926715320656,-90.09852384189064,,2.148349035697788,
171978803053,41.697440158652405,-88.17039089629614,,0.8945374053793992,
170318018002,42.112159920286835,-87.79757792877709,,6.1837987324459815,
170898548003,41.88972166600321,-88.35390745007402,,2.7538031901989926,
170898522033,41.9149081105195,-88.34607416415851,,2.8564137061732877,
170898522032,41.90760201070334,-88.33461840276253,,0.7781747621590754,
170898545053,41.87909161120383,-88.38002591709287,,1.647791054941385,
170898526082,41.88396015259154,-88.31815087830866,,3.861007676635466,
170898501053,42.12097913254185,-88.31989874116192,,1.3488114415083752,
170898545044,41.78506024276966,-88.41993045712643,,3.253808843062958,
170898529072,41.77856792814441,-88.30501611678406,,1.913893030526373,
170898536012,41.75400110338518,-88.30887829249772,,0.5225775145321014,
170898534021,41.75688768119141,-88.30013997399685,,0.5623215173826294,
170898534023,41.76201634030874,-88.30109398883599,,0.3194261985053116,
170898529074,41.78487284298266,-88.28755737205701,,1.0475296469807172,
170898543015,41.74594819469843,-88.30645103137653,,0.47919406259714176,
170898536021,41.753037457666984,-88.28710888006916,,0.7849270868353371,
170898507044,42.14669692045057,-88.4580777968229,,4.272236815219176,
170898507081,42.079939740339256,-88.37332781691453,,2.8260285189605905,
170898545082,41.730041898248835,-88.39618397285166,,8.275234692347347,
170898507041,42.14502838744432,-88.44107467219546,,4.747009419246264,
170898507042,42.15146285269764,-88.47464567090536,,1.2097030013171786,
170898507101,42.08336614364242,-88.42718953241352,,1.861733357622058,
170898520042,41.92745291805002,-88.2729620510684,,4.4651342024987155,
170898528064,41.826170166346806,-88.27118242137867,,7.932674082949503,
170898507051,42.097215808410674,-88.50654621774464,,14.184566463712018,
170898507061,42.13089497096353,-88.5313991715448,,86.44233586133696,
170898507072,42.1135344742683,-88.40151560348843,,98.96729117115683,
170898530012,41.79608945728759,-88.36278784234003,,11.936296681846368,
170898507053,42.090727562741876,-88.50959675508565,,78.92946081332617,
170898507112,42.04534328355169,-88.4188828458512,,64.97743172491512,
170898507091,42.003798027289456,-88.4284818710807,,56.42956488872191,
170898524061,41.96558269964262,-88.44775318121121,,30.52498697066181,
170898524052,41.947433687509246,-88.44166311297364,,11.075306065620854,
170898524082,41.908626318025085,-88.4373208753053,,31.365341114219536,
170898524081,41.92891932255055,-88.44001765575422,,18.311192871752294,
170898524051,41.939337036025066,-88.434114126455,,7.238194400231322,
170898545071,41.88947958499921,-88.4339784431613,,25.579059833247197,
170898524073,41.91613769254487,-88.3887608520992,,6.362433801955371,
170898548004,41.88324302682923,-88.3612062819052,,11.620602390013763,
170898545072,41.863463963255825,-88.45179475765369,,44.11633273228764,
170898507102,42.07654603399745,-88.43405033565861,,9.35253637324447,
170898519132,42.01477593035551,-88.3531043105074,,2.526182636329704,
170898519133,42.014070522884104,-88.36735575417633,,4.2959616372092,
170898519122,41.99881987310377,-88.35907080200968,,9.349362629286661,
170898519131,42.01399526735175,-88.34259877661198,,3.0498857110489683,
170898507071,42.10383121819011,-88.36639970972136,,13.378183781893016,
170898501054,42.13584454280727,-88.32822878124057,,1.850258976916945,
170898545055,41.867616584954575,-88.40130397213024,,16.339473615774725,
170898524042,41.955971687148114,-88.39403324568246,,12.977618175023041,
170898519111,42.027855237653476,-88.35827386934939,,7.162221637293782,
170898519121,41.990368333125126,-88.35265580291521,,4.328467905118354,
170898545083,41.72587858595449,-88.41730687979205,,1.6850292814818941,
170898520041,41.94105162442934,-88.26985770072622,,3.63558844583609,
170898511012,42.0344220435349,-88.29422604413708,,0.6680917782568683,
170898545093,41.74776948826008,-88.41909506219395,,32.35038235515872,
170898545043,41.77461567853375,-88.42869039047946,,7.7580258957205235,
170898549001,42.00341125471925,-88.29762413684266,,2.740440475721023,
170898545045,41.80136966532296,-88.40180704415553,,14.021325787802898,
170898507111,42.014100379668896,-88.38215374499002,,3.348775583885393,
170898545092,41.78017961131795,-88.39235293933585,,15.886957371226897,
170898522042,41.920488540094624,-88.36804457307244,,3.4552289769709352,
170898521013,41.9631082284475,-88.35864802566401,,8.310249879415869,
170898522041,41.90545243297941,-88.36374040212334,,12.480531378928294,
170898521014,41.97834086152468,-88.34437013349594,,1.762782404631518,
170898521015,41.9774016228824,-88.35599101206668,,4.0589521261249715,
170898521034,41.94370271449014,-88.32983523954212,,5.538666036185542,
170898501033,42.11911228309327,-88.34590402694467,,9.897429048078928,
170830104021,39.130305832334926,-90.48564004860494,,328.4027218498988,
170830101004,39.15025310339639,-90.29053409883933,,152.9573405730944,
170830104016,39.076718230133366,-90.33006359846982,,81.3357507079197,
170830105001,39.01799771137327,-90.5075994734627,,238.12003936014244,
170830104022,39.0432962954841,-90.42048182116012,,150.83175328857078,
171610236003,41.497977870797534,-90.58885344721035,,0.4368058389613238,
171610210001,41.48473165320504,-90.44735943518698,,3.2012585908338935,
171978802033,41.65026517127231,-88.09343143083653,,0.522552080254766,
170310307022,41.98130305213289,-87.65457458433245,652.0,0.0212018765351454,30751.994943429123
170310608001,41.95299829823511,-87.64879763330907,1440.0,0.09264308291944397,15543.52418574115
170310609005,41.94735920422156,-87.64395489189617,883.0,0.0768583951096275,11488.660396050775
170310631002,41.939310507423656,-87.646969654938,1021.0,0.11105070632782718,9193.998253248003
170310633024,41.93595129298619,-87.64075361560866,847.0,0.04752606878235423,17821.79805106202
170310630003,41.935679304601294,-87.6515353374899,648.0,0.10081425165991083,6427.662650177462
170310701032,41.92750618136101,-87.64284813438721,884.0,0.060723343898266335,14557.828064953426
171978835113,41.5171996869166,-87.79759726513915,,1.7407508531934444,
171978838042,41.4503900690169,-87.65134691035007,,7.792383598060496,
171978832101,41.523902432905196,-88.16618231278606,,8.17676117630586,
171978801053,41.70131169240229,-88.1163997730797,,1.3311099960502157,
171610204003,41.5322709523439,-90.4103914546023,,5.2101705460028835,
170318321003,41.953617012293336,-87.6520972504901,710.0,0.14632325514396563,4852.270401594332
170318321001,41.951936244161494,-87.6520494638776,1697.0,0.12480380831473746,13597.341482724689
170898545042,41.79380463756291,-88.42671735740657,,1.597778532485843,
171978802041,41.64836008172475,-88.10747407976088,,4.544958678209896,
171379514003,39.83375608838162,-90.54512505415634,,101.18022583671384,
170579534003,40.55645006864803,-90.04971955743231,,1.3937969834325679,
170579534002,40.55708826000045,-90.03658140725447,,0.7267588447928851,
170579536001,40.57538264751703,-90.02341818470626,,4.65244185108378,
171379518004,39.72726345484534,-90.2435845858938,,1.6855656110586081,
170499502001,39.18311826515744,-88.63278503299314,,143.8761632718959,
170499501001,39.17664841499825,-88.49336243951225,,105.60429233599682,
170499503004,38.98171098423907,-88.7445588334876,,246.06002019967707,
170499504002,38.95653332447917,-88.62046083392477,,203.6545533724105,
170499504001,39.04011928669343,-88.61773711507544,,173.26791819677987,
170499508003,39.08155740505126,-88.58152969187373,,52.723405866475375,
170499505003,38.96460556061346,-88.4515571893992,,295.5656842473841,
170499502002,39.1802051934118,-88.75148881797789,,120.1055569152439,
170499502003,39.11791127572891,-88.71747085135247,,160.07884602989674,
170499501002,39.12969195274844,-88.4764756558388,,6.439233080509561,
170499503002,39.06692275355199,-88.73502279949035,,6.798535012471941,
170499507002,39.12889565090192,-88.55218758448429,,2.369888578827033,
171739594003,39.36723884727437,-88.55564172695509,,109.67602271775398,
171739595004,39.25870627190952,-88.5316620314201,,178.21241379751444,
171739596002,39.27953900034222,-89.07401327776259,,272.7307885604272,
171739593004,39.402089198720574,-88.82043834866656,,9.7139723057442,
171739596004,39.23848150405478,-88.85369775564051,,68.59728968110633,
171739592002,39.40783824542591,-88.95634632448805,,171.03706824418606,
171739594001,39.41770425784248,-88.53495954165805,,121.93273009094067,
171739593002,39.38841846425478,-88.79793349784201,,7.018863942908807,
171739591003,39.57921746073115,-88.88856870703314,,471.46901870758865,
171739596001,39.31368141591056,-88.90336986376046,,237.00834856813992,
171739595002,39.2831779944828,-88.73739511385672,,314.5218374232006,
171635005001,38.636025160648174,-90.10696109392183,,1.50836924626589,
171635012002,38.61953322485608,-90.1250328596211,,1.8695646616568007,
170318436001,41.80530840306908,-87.60818121191392,1355.0,0.3682096466238136,3679.9687689452476
170314603024,41.74639142117038,-87.55765011861905,1335.0,0.4399307898601526,3034.568233845093
170318388002,41.68339440156284,-87.57236777158836,2561.0,38.65751342855389,66.24844106264604
170310701021,41.92955439190027,-87.64174033159317,1043.0,0.12475783272830115,8360.196527872167
170318347003,41.79074742358145,-87.64260090635514,811.0,0.5957011410245234,1361.4209276235267
171635013002,38.6022312135521,-90.07348394526964,,1.3188111876937263,
170315611001,41.789030707211424,-87.76397699529655,724.0,0.44637944047299705,1621.9384997499612
171635015011,38.5823128457446,-90.05119434047147,,6.416651539719994,
170359725001,39.345197207909074,-88.224470084771,,202.2656391815724,
170359724003,39.20467954965742,-88.19006848261226,,82.68607001117823,
171635032033,38.40191953535661,-90.0621437867969,,99.59560052022316,
171635040024,38.27134532056446,-89.76275730888179,,26.954232753889233,
171635043531,38.61852509411334,-89.88311220868331,,16.227522168880935,
171635009003,38.61768730895779,-90.13863415515058,,0.5329323953096361,
171635019004,38.51071665441972,-89.96511524513686,,1.157077372463198,
171635032032,38.47254737622343,-90.06352651483833,,20.009192761162524,
171635040023,38.25991506033616,-89.72377775055269,,44.035732829719336,
171635034123,38.61926857456315,-90.00884632752441,,14.984585913557146,
170318202021,41.78639876693852,-87.8410018956025,,28.454934926225867,
170315611006,41.788702256306735,-87.77984165912332,660.0,0.4447814071728201,1483.874976238736
170317203001,41.71563576567664,-87.67342199136354,862.0,0.4409786804038705,1954.7430256957932
170318211012,41.73975344028055,-87.7556097084089,,0.5896724970809315,
170316608004,41.773600778349085,-87.69629974372182,1105.0,0.2213502796988506,4992.0876608033395
170318207001,41.8197881656961,-87.76315335045423,,6.172094220780549,
170317102002,41.7551703845586,-87.6477983636609,1066.0,0.2227472255000522,4785.693727977547
171579512012,37.9322343634368,-89.82708437910505,,12.596608138086044,
171579512011,37.93042606231772,-89.79387894908787,,9.324986669325884,
171579512021,37.9273298168392,-89.8750250325772,,201.25147156627233,
171978818003,41.535175583324545,-88.09647167690208,,0.863698338305835,
171978819001,41.53569795892393,-88.08718676020347,,0.6380173885935697,
171978820001,41.530200167431715,-88.07569066690013,,0.476278261616535,
170313017013,41.842435567212476,-87.72267052605935,1592.0,0.22413137159862231,7102.977100639782
170318134004,41.85774548233265,-87.77084436784654,,0.298441763420729,
170316009002,41.836700749890795,-87.6511928539423,1102.0,0.20653764003492214,5335.589192428411
170314205001,41.784309798660516,-87.60886097313929,1293.0,0.22079738157562334,5856.047706603559
170312515001,41.89304800849465,-87.75739989031618,954.0,0.23260918730805402,4101.299742458487
170318387003,41.864369406221805,-87.72328819955585,696.0,0.22221420016153928,3132.113067004902
170318163003,41.90227210003053,-87.86124977262767,,0.3788711147108966,
170850204011,42.41164328217632,-90.32185713757106,,37.588808202761555,
170850204024,42.31832520389531,-90.20633603305536,,20.491848798334434,
170850204012,42.34008850685004,-90.30986224768553,,191.05775003886203,
170850204023,42.26453215622864,-90.33164653555723,,309.88482345133065,
170850204021,42.331892840602,-90.15656993427868,,297.1246913539448,
170317608021,41.95783571530442,-87.84721747049767,2276.0,11.244459644097503,202.41079358533062
170310802011,41.908930522407466,-87.63183921465951,1379.0,0.10697048981369561,12891.405867185666
170318240042,41.67779398671994,-87.99256021919801,,3.8603962566537806,
170314601002,41.74921743687951,-87.55042383387087,695.0,0.21960447976023925,3164.7806126668734
170318046074,41.99490962171915,-88.05649044816009,,0.9824790973357095,
170318016063,42.11362816663305,-87.87392481549549,,5.15182021721997,
170318060021,42.05219182989776,-87.85754562047742,,0.2971469349157033,
170311503003,41.958289434372105,-87.75977644883977,850.0,0.22503573072530125,3777.1779497433945
170311510021,41.94092102994972,-87.74980015753438,1291.0,0.22457290264662175,5748.690001266368
170312001001,41.93454924657357,-87.734367075027,919.0,0.30511834261128545,3011.946093227136
170312426002,41.90158274594139,-87.6943822326584,1676.0,0.22384426768338592,7487.348312937814
170318103022,42.02938260730379,-87.69447541669517,,0.43217924977267236,
171978817003,41.53386757412756,-88.11142185812385,,1.0047253423727516,
171978817001,41.5336306809173,-88.12033144387294,,1.137881252597972,
171978815002,41.53980740928044,-88.11101667855016,,1.0721542918393783,
171635033243,38.55111336327931,-89.93352250454235,,1.5710181410787931,
171635033343,38.539411048331985,-89.93591747856553,,2.624325980594902,
171635009002,38.62048214469162,-90.14946407197296,,1.2183790426789862,
171670038012,39.818967852872284,-89.56483875904765,,27.29255520590515,
170499502004,39.137143129955184,-88.60332589390808,,24.64889594642972,
170499503001,39.06555981269045,-88.75306724077319,,77.43214037272173,
170499503003,39.061129509379434,-88.75219599109174,,1.2183323760495304,
170499505001,39.058490422852536,-88.41650930178236,,134.83344429879352,
170230601001,39.44858374766443,-87.61033795707115,,133.5392624095745,
170230603003,39.30798170178195,-87.95590972215302,,115.95616499863733,
170230601003,39.34965859868873,-87.76462200349151,,168.29768167871438,
170230601004,39.38237351040659,-87.59764609268709,,161.59801239533616,
170230603002,39.3101083395083,-87.87356223255377,,95.7390939900145,
170230601002,39.442003799852905,-87.76992299422437,,227.28936449304172,
170230602002,39.39861947280624,-87.69057395524845,,2.2591545664412847,
171610243003,41.44928897248544,-90.51922879424754,,23.99584506948901,
171610206001,41.54006410707068,-90.42900828223577,,7.370724997862541,
170499505002,39.05135722060835,-88.5035585282851,,93.02790991143307,
170312309002,41.904627713749505,-87.70928876105484,2099.0,0.2963276921619139,7083.374438232061
170318068022,42.0461836465607,-87.74395720031445,,0.36465025923489347,
170310317004,41.96261454092053,-87.66286462171256,1270.0,0.2035426998971237,6239.477026893592
170310627001,41.93746670647808,-87.66495054729855,799.0,0.1841155284898563,4339.666548245659
170318240051,41.67242954365595,-88.01629557333634,,11.275162302599997,
170318253034,41.57751540221486,-87.78577398973647,,0.6934083576855945,
171579507003,38.15921363082303,-89.86757715278314,,140.1146397515438,
170010001004,39.93757189203619,-91.36853052801534,,1.4078367268387435,
170010106004,39.822687009389746,-91.35028849704874,,212.5680817797084,
170010006004,39.92910943074507,-91.39175062047036,,0.828145480430187,
170010002021,39.939178016460836,-91.38238225641327,,0.7538791391880478,
170910121002,41.11900241527907,-87.88357750295943,,0.7910730177719307,
170310321005,41.955744528528435,-87.65199276756718,969.0,0.19403775178067362,4993.873568970683
170310633021,41.934684025141415,-87.63869232463064,1603.0,0.0798640220928592,20071.61620455536
170310701012,41.92707364958557,-87.64016832392996,1235.0,0.09223280316454749,13390.029985283047
170310715006,41.91560201439587,-87.63532307842145,642.0,0.05569805573313754,11526.4346582576
170910121003,41.11549016901127,-87.88479317730155,,1.6090635946128355,
170910122001,41.11168645010427,-87.908950155269,,7.535546764483973,
170910121001,41.12599007378688,-87.89334527994637,,5.748504851425167,
170318240032,41.66098878955972,-87.97830199436382,,2.8514167273338207,
170318240033,41.66181637273246,-87.99372665492501,,1.6477368916056354,
171610210002,41.482057878281935,-90.43739786827831,,1.4155071295194734,
171610241024,41.43236825421638,-90.65401942485546,,101.14326121011466,
170910124001,41.108586290607384,-87.8566935075764,,1.4391112887895647,
170910125001,41.09697568480707,-87.85792494056889,,8.278899573763372,
170910126003,41.067527516183276,-87.84757760591702,,27.900972207136533,
170315502002,41.652057042010384,-87.56518978969953,936.0,8.50970936314989,109.99200560870122
171430006004,40.68692712181539,-89.63635612307033,,1.9429075807470777,
171610204004,41.52634918269189,-90.3973245205499,,5.0475383792162125,
170978624012,42.36415642961212,-87.8411063598513,,1.0188573235664968,
170978624021,42.357139064330326,-87.83877774059529,,0.6880175496953729,
170978624022,42.35476514808535,-87.84218366572739,,0.43760530319826846,
170978624023,42.36147435858637,-87.84330623866306,,0.33466432955902253,
170978625011,42.352924978025904,-87.84977832150476,,1.6303283697842796,
170978625021,42.341217487213115,-87.85043101317395,,2.304655455173073,
170978626031,42.36478123699416,-87.85764699838494,,0.6980341207043103,
170978626032,42.36402863843451,-87.8810425080313,,1.295200912220259,
170978626033,42.365834182374414,-87.8744016361201,,1.364792287520441,
170978626034,42.36463377470732,-87.86787069391107,,0.9414617810153291,
171336004023,38.33534692769164,-90.21912414109211,,54.933642932211036,
171336005014,38.315721595434184,-90.1567832839658,,8.488938537273775,
171336004014,38.36861999706633,-90.13252806835143,,31.158372791469404,
171336004022,38.37242598602933,-90.20780249543321,,61.4080293947946,
171336001041,38.45743242376257,-90.20768982022302,,4.388895508430066,
171336001032,38.45011099966426,-90.19792529985207,,7.246335769175321,
171336001042,38.47099580993167,-90.21366842601844,,6.875851348403265,
171336001031,38.44090454144531,-90.18212327660312,,6.615260251263151,
170978626042,42.354225767996915,-87.87955371118447,,2.004864767493132,
170978626043,42.35446654334404,-87.86920709528329,,1.517596768006882,
170978626052,42.34497550637791,-87.86476449877432,,2.9196772994674896,
170978626035,42.36515257469744,-87.86245529958397,,1.0409649079089456,
170978626041,42.355010800249126,-87.8601444705034,,1.3237554451068658,
170978626053,42.3451418737091,-87.87945231921013,,1.3706285078769687,
170978627001,42.350652132222415,-87.83939302535485,,0.5416780928846084,
170499506001,39.15149566151224,-88.52257193606097,,26.91889231581356,
170499506002,39.11366666477826,-88.51863560324799,,22.152008098759964,
170499506003,39.10351633382348,-88.54098826746032,,3.6616390544977797,
170499507001,39.153801118709346,-88.55771874200963,,19.37900630948043,
170499508001,39.1227027298821,-88.5456580091466,,1.6583813506678624,
170499508002,39.10839980120621,-88.54950085744699,,4.353741602794246,
171430041013,40.745430579059104,-89.68628342492497,,11.659484154413674,
171430031011,40.76576955637903,-89.65627745394366,,2.4487181707054577,
171430041011,40.7769704062161,-89.69303891246157,,22.93028061866325,
171430034021,40.821699640006614,-89.56844934614436,,51.64431862077683,
171430036011,40.89618462541565,-89.51148799735495,,15.500962795477646,
171430040003,40.76301628259203,-89.95107422115763,,71.46969839281348,
171830110002,39.981749948721045,-87.63853096136432,,1.4489235646404683,
171830110003,39.964535127693324,-87.64133820970913,,15.230223450836277,
171830111003,39.89967568468388,-87.65268340724673,,47.451579007426105,
171830103003,40.33404824887882,-87.63430258744384,,355.00486698101264,
170910122003,41.109631161020076,-87.87969059615641,,2.0340456821137614,
170910123001,41.11915700519482,-87.86260108004579,,1.1234383449694978,
170910123002,41.11760597177965,-87.87099075669579,,1.0886526166664392,
171830107022,40.06560329149672,-87.70794668835018,,2.946414828934948,
171830108003,40.116779501126935,-87.78350187008714,,9.155293719351572,
170910126004,41.03807607075652,-87.95220153803932,,121.35740801346645,
170910126005,41.02551412707467,-87.86944122666837,,47.34966607621459,
171830105003,40.07670937399208,-87.62948484082457,,4.038917130144077,
171830106001,40.05360425319418,-87.6474617113033,,7.183815455893377,
171830106002,40.03202126401005,-87.64590265259571,,7.905627549859395,
171830107011,40.09605113366007,-87.63802024222846,,1.4613315416982198,
170438414042,41.8921243030236,-88.16200885062403,,6.859093973535738,
170438416042,41.82733514383426,-88.20804008170484,,2.480575928286206,
171830107012,40.09229305528597,-87.64877899362376,,3.282765795156843,
170438413161,41.97989411924803,-88.19580475821571,,5.858714126335856,
170438414031,41.86381066167981,-88.15200068885244,,2.334470006877181,
170399714001,40.21699306302453,-88.69842543701371,,209.00427845285535,
170399715003,40.097119503381364,-88.83989495464755,,322.0269485920256,
170399715002,40.19282973706741,-88.83387165368187,,367.9941955916487,
170399715001,40.251551117335616,-88.89906766077331,,156.83664348189777,
170399716002,40.20118225292031,-89.04065422800112,,244.42727070785517,
170399716004,40.0852728903289,-89.03640690594128,,178.94543746859264,
170399716003,40.12440626856286,-89.08839550804369,,115.61376963755153,
170438415042,41.88551088286054,-88.20078745355757,,1.7341476978591603,
170630002003,41.378948025437566,-88.52996007254829,,222.38916934571841,
170630006001,41.233208899135725,-88.40055391967827,,192.92136550506774,
170630005002,41.3055543580261,-88.50382751979996,,148.24696814112247,
170630007001,41.35811259292244,-88.3158334588456,,123.84546906028208,
170630005001,41.314731783862975,-88.39133721279855,,80.040760032652,
170630002001,41.4361623003382,-88.46079390058242,,148.3982997864634,
170630001032,41.411696312266216,-88.2716767800817,,8.465255575987126,
170630008001,41.2571845459922,-88.29466678144202,,85.38148979992195,
170630009002,41.17983151183625,-88.30955407842634,,99.37108425772476,
170630009005,41.15379021667327,-88.26876850808597,,73.34854898460722,
170630007002,41.31533094484343,-88.29074598607322,,58.56722902343604,
171739593003,39.404021454759885,-88.80276897232449,,1.2814655562448474,
171790203022,40.638534864000846,-89.54343789472485,,12.5125853763183,
171790203021,40.659808796100315,-89.58310257334365,,1.1061721984346364,
170730312004,41.18049645973881,-90.32380087183866,,17.31944383514598,
170318118002,41.91389369602878,-87.91227456865072,,3.8589318047459376,
170318288021,41.53660196205648,-87.64444513958516,,1.1064874098395623,
171599781001,38.74175475058494,-88.06651564135323,,4.386458317107024,
171599779003,38.775379853509335,-88.19880084502634,,237.46308145061155,
171599780001,38.73792070230042,-88.09784008300751,,6.5725964993487995,
171599779002,38.76808302312624,-88.09361664059276,,136.69560883521922,
171599779001,38.81844910383123,-88.01416892086995,,224.3572509282127,
171599783001,38.71828273923708,-87.96476638850203,,209.26994780362534,
171599783003,38.63153801070738,-88.17148810917152,,271.35845645066473,
171599783002,38.69481808337086,-88.06649619209196,,115.17152506471272,
171599783004,38.613815129052554,-87.99506792205999,,235.16868357940334,
171599779004,38.70217744367707,-88.2359246311834,,85.58102785627457,
171290101001,40.05990947639375,-89.65394223607078,,371.872910025842,
171290101002,40.082581905562634,-89.73445650854863,,38.581946899817524,
171290103002,39.97380294928619,-89.94769298079026,,176.97759240836248,
171290101003,40.04242829671025,-89.77597196970063,,228.19668039633976,
170438427062,41.837980772511955,-88.05951776634278,,2.7780832022954356,
170438414032,41.86267001092674,-88.17293436446185,,5.674181813007545,
170438452001,41.80388170210598,-87.94063261906291,,1.4987758723623252,
170438412044,41.92285120416695,-88.09132207164359,,0.7440976972552675,
170438458102,41.74784488887417,-87.96311345748914,,0.8815634750202254,
170438464052,41.799248988721615,-88.16803263191916,,10.336639898303442,
170438420001,41.88365798402334,-88.05219842107431,,2.9610738467006534,
171290103001,40.083345600957074,-89.92166898154225,,243.44930477769455,
171290102001,40.030467244925696,-89.83608953879663,,70.9477862546962,
171290102002,39.99573164933938,-89.86322954805141,,26.675068536358463,
171290103003,39.93774665186881,-89.85276961144606,,176.92909607730084,
171290101004,39.941152403920874,-89.7342933706142,,54.24436962228714,
171290101005,39.95668202255165,-89.73607745304237,,6.966084835592402,
171599782002,38.725087210975325,-88.06790385497371,,3.7687486413336337,
170978638011,42.259222986003934,-87.93539773978024,,13.246113391770903,
170978639041,42.25797049251533,-87.96589117146344,,6.770168678540634,
170978639042,42.267223659298466,-87.9594694940946,,2.2250438888719,
170978641051,42.27655815182633,-88.02672948188895,,3.6794161007981407,
170978641071,42.26448945358452,-88.02404714511508,,2.09217298232212,
170438401041,41.9453831017752,-87.98999927998679,,4.164642110481479,
170438411142,41.945534569396834,-88.12408062563117,,8.902494731969913,
170438412052,41.923688606609836,-88.13009350548363,,1.76400222117642,
170438461053,41.787842613210465,-88.12920436113892,,1.881238196657475,
170438449011,41.79599791883982,-88.00416809770256,,1.1487771807475344,
171599781002,38.735717709038795,-88.08083436244252,,1.2245398205140807,
171430016001,40.708189282582964,-89.58115578921664,,1.2386269474303575,
171430016003,40.702212576407454,-89.59195184971134,,1.5848850747274235,
170159606002,41.970873873780576,-89.98569279348625,,321.9772545245524,
170438409083,41.91507216395851,-88.05904136174112,,0.6431645253621916,
170438408023,41.95858968593182,-87.94383604589703,,0.7456337436932668,
170438441001,41.87567958077964,-87.94497847795073,,0.8881541749702226,
170438427031,41.85555084074559,-88.09123899374715,,0.9732796093132206,
170438402011,41.979553164589184,-88.00435004655203,,4.938547329293626,
170438448011,41.80530666436862,-88.00567733833202,,1.2071658666603355,
170438465043,41.77611514799699,-88.16850542397898,,1.7473057004006818,
170438401034,41.941723845706754,-87.97756395220019,,5.102594338904214,
170978644071,42.22929501304282,-88.07531353502871,,14.309174689819136,
170938903021,41.69459025602666,-88.3434628062181,,3.486828137364972,
171430027012,40.71545219345825,-89.63724210162673,,1.3489579717338362,
171430027013,40.72192260537073,-89.63950353418592,,1.4595078785269309,
171430020002,40.703178563735996,-89.61987633886754,,1.8952951352711713,
171430031012,40.750618507326294,-89.65851829750899,,5.469255876867448,
170978642031,42.28011803174663,-88.19495030692349,,2.1214433473038867,
170978644102,42.17920719478425,-88.06650069489723,,5.396483374718157,
171219516001,38.7569033154352,-88.77982783349323,,307.2648216522117,
171219522003,38.546114663602374,-88.94025947902567,,100.02121675040017,
171219516002,38.77349225574316,-88.85349414234695,,26.705461965561167,
171219518001,38.62403014035093,-89.11405789263488,,17.866856601363697,
171219517001,38.753054331874125,-88.95745536396106,,334.24174294402377,
171219517002,38.7325771665615,-89.07991672816857,,271.9474323156818,
171219524002,38.52191410946656,-89.12089477343422,,1.2536079542226093,
171670032031,39.65925411065793,-89.67387556779929,,10.891250981743061,
171670031003,39.706362490491514,-89.60150683562301,,26.366328302066293,
171670038021,39.87943897978011,-89.55154012701699,,12.223335877765559,
171670004003,39.82444200965655,-89.6560649939485,,2.545794496087345,
170438414011,41.87116799888036,-88.18144452729788,,4.899971313178744,
170438461023,41.798908417839115,-88.10535713152709,,0.707616560328313,
170438412053,41.9192498776604,-88.13783969764135,,0.944544568785962,
171670040002,39.854913689708624,-89.27769230047188,,199.9849654200651,
171670036012,39.81104949949124,-89.79310992957747,,58.48563348167086,
171670035005,39.61994481775664,-89.89271818425095,,362.5726627666239,
171670029004,39.75045015723131,-89.70357304479381,,7.178621177407241,
171670039011,39.72409884982255,-89.56544815490238,,26.371532750000526,
171670032032,39.63101966100799,-89.6993094779998,,25.46393129863169,
171670035004,39.694957839658336,-89.84291386956049,,82.18936527218986,
170438427022,41.839919927602914,-88.09065586975524,,1.373530637415416,
170438417051,41.892604696416115,-88.07350648213324,,1.9766366391734633,
171219520001,38.64998007576929,-88.94283523456522,,9.256186857847968,
171219520002,38.639780000637785,-88.96446820567388,,6.314936062936787,
171219520003,38.63821311837493,-88.9484737689755,,2.1087711351852105,
171219520004,38.63197508022169,-88.93718126385414,,2.9482433087083963,
171219521001,38.62777180284842,-88.9488408767721,,0.9285409342695663,
170310208022,41.99223173734043,-87.69702025259835,1796.0,0.28836635822401213,6228.188374889453
170310627002,41.93362851074609,-87.66578014992125,832.0,0.18349868069147554,4534.0925442340285
170318044061,42.010059214898185,-88.25512949778896,,8.705100143601936,
170318285034,41.49176113906848,-87.5700553607626,,0.5404364166181229,
170318302021,41.49345807804461,-87.6902830518961,,4.526336717009423,
170318239011,41.66217806296872,-87.84079570031847,,11.315230913524402,
170318262014,41.59934582911734,-87.57117282902185,,3.0665441538533087,
170318230015,41.709447899343246,-87.77779407251009,,2.8311361978940055,
170318205013,41.753211566174045,-87.81692486213814,,0.5896687739778923,
170318209011,41.763657182799214,-87.77424770991983,,19.61506396786307,
170317104004,41.75577658566061,-87.66904254723553,719.0,0.22370333707394893,3214.0781152599543
170315611005,41.788786323939526,-87.77618808921247,1309.0,0.44620732751452213,2933.6138590359606
171219521003,38.61578138876566,-88.94189076524725,,8.159200874015026,
170159604003,42.057650163809285,-89.9408497169601,,151.98472484088038,
170159601001,42.15179752632087,-89.78949837648652,,328.19573355292147,
170159605002,41.983915680474624,-89.72563019155537,,144.11927497315503,
170159602002,42.05351569352978,-90.07633887981967,,243.21104710255796,
170159602001,42.15536295424127,-90.0445032326295,,396.52291527411415,
170159603004,42.08203582185064,-90.13203862994398,,5.241528770260189,
170159605001,42.05578921885588,-89.79560279445036,,249.14956138455528,
170159605003,41.97590666115245,-89.81749776700605,,131.47343881882222,
170159603001,42.1024026739125,-90.13974115411419,,9.77577208307722,
170159604001,42.106567289307094,-89.94996494588095,,56.12918148011907,
170438415032,41.86736290369523,-88.19934928651276,,1.1907744077701021,
170438449023,41.79128380980054,-88.0228081469602,,2.988258941010039,
170318315001,41.93073372651431,-87.78810468260885,2705.0,1.224566354220299,2208.9452243053966
170311908003,41.92510182385184,-87.75125563179233,1527.0,0.3046730662737819,5011.9297339786
170311909001,41.92792271402258,-87.74410483382806,2040.0,0.5688473065736492,3586.1996293655284
170311910001,41.92244221118344,-87.74391788827441,1052.0,0.2845477788497369,3697.094400991746
170311910002,41.91740357975058,-87.74373454222149,1507.0,0.5004590249659087,3011.23553542202
170311911002,41.916571343136376,-87.7475704445978,1078.0,0.19978509521511503,5395.797913949901
170318322001,41.923194446109996,-87.6802993986543,653.0,0.3002856665334176,2174.5959690264813
170318322002,41.91952988830376,-87.68013264677336,1631.0,0.2969690829539702,5492.154212742755
170978645112,42.22578838335054,-87.98996749130741,,1.7330799802428716,
170978645171,42.18923934992186,-87.9720666726637,,4.793970646811618,
170978645191,42.16194538542866,-87.96165584258266,,2.727410077258417,
170978645192,42.167877090678346,-87.95690562411939,,1.8565141114475965,
170978616043,42.38938333483788,-87.99826016919491,,1.3817451166921306,
170318310002,41.91600883460885,-87.67514099250951,1334.0,0.29074293664619405,4588.245600694845
170312222001,41.91629520044074,-87.68223474877928,945.0,0.2131768184275019,4432.939786655928
170312222002,41.915507414507175,-87.68548563965912,967.0,0.20443706895541494,4730.061944934703
170318324002,41.915762082569294,-87.68980817975927,1293.0,0.2916450342041642,4433.4716808339135
170318324001,41.91572020904382,-87.69470016344175,1888.0,0.29219691670571357,6461.396038280243
170312227002,41.91547569914287,-87.71185739696473,1293.0,0.20143339776946384,6418.995133467442
170312421002,41.90146798129761,-87.67111289806763,1106.0,0.14789153123737814,7478.453909742665
170312422001,41.901410121506416,-87.67477114036976,1691.0,0.2951375816034297,5729.531260685608
171179560001,39.5156631135022,-89.77780982523772,,7.844003095766993,
171179560003,39.50223428650985,-89.77158172184116,,1.5002577655124236,
170978616091,42.381846942045364,-87.97541902458681,,2.895864372274723,
170978615061,42.40747606503418,-87.9149446782229,,5.140596845927404,
171219523002,38.540648183440936,-89.09098453951289,,5.713460748208774,
171219524001,38.52652475912301,-89.10538796690386,,4.600007031584632,
170318318001,41.97845723556032,-87.71239233659877,917.0,0.22301904943684722,4111.7563827643735
170310601002,41.9556420656025,-87.66530035895907,1110.0,0.20627886092563244,5381.065199890631
170318241061,41.62365305796124,-87.81451284030541,,9.229268358019786,
170317404002,41.686474575745656,-87.7043035370009,968.0,0.5523590200277959,1752.4833756698463
170318210011,41.74474129309091,-87.78375047219879,,0.8867685388077795,
170316706002,41.78118258351214,-87.67152954253572,638.0,0.29489533838488374,2163.479434752244
170314212002,41.76943295434178,-87.60802202214148,736.0,0.32242961172700324,2282.668753833817
171219524003,38.51343009049513,-89.10209184658409,,8.3281987538526,
171219525001,38.520368363364064,-89.13688867521383,,1.1460722550445854,
171219525002,38.514938742831056,-89.13072348383089,,0.9970178786233636,
171219525003,38.51368565284623,-89.13879468245013,,0.9768219401208192,
170318063003,42.034590711688956,-87.89640239088583,,0.6692230082066953,
170312205003,41.93032211189969,-87.70615991069526,815.0,0.14076784503065903,5789.6744801520135
170318258022,41.62590090154373,-87.56272685849336,,0.7951589380182951,
170318148004,41.84689032659987,-87.79325367358045,,0.3310237885571116,
171179561002,39.44809397173589,-89.78355385841975,,1.3755185527033573,
171179561004,39.44427550642422,-89.78425333854923,,1.6489900511839737,
171179562002,39.43894562081423,-89.98816807891991,,24.10311221149379,
171179564001,39.28072948216914,-89.88840941265057,,1.8371797491264328,
170318016064,42.12033757101866,-87.86166725485309,,0.7952495405806622,
170318041091,42.0718963601788,-88.03646939783815,,2.5117537088955006,
170310307031,41.97793721827184,-87.65844505986217,908.0,0.16754844427014093,5419.328146885194
170310308001,41.98265062301985,-87.6643109157962,1028.0,0.25987020734944555,3955.8209095421853
170310308004,41.97716726015192,-87.66414135702671,1047.0,0.2583060030815059,4053.3320461376557
170310309004,41.97706241723582,-87.67140856934222,688.0,0.1840298276760876,3738.524394050699
170310311001,41.9742558371816,-87.66210485375348,1954.0,0.324998601465898,6012.3335644723775
170310311003,41.97429336788862,-87.666501708136,1509.0,0.2266059315275883,6659.137251296027
170310312003,41.97480836044706,-87.65809864685801,1004.0,0.1772708224124472,5663.650601586555
170310705001,41.92999322393525,-87.65991080388626,943.0,0.2069563900740846,4556.515503881917
170310705002,41.92632998835212,-87.6607390375724,1048.0,0.17009438560857687,6161.285078577899
171179564002,39.28273732596468,-89.87416410211291,,1.4145796422495283,
171179564003,39.274278191790145,-89.87338077499915,,3.340949983784937,
171179564004,39.26406820546632,-89.89261422834798,,5.205763356480429,
170310706001,41.93007977196922,-87.66614127929216,1735.0,0.3648768744247805,4755.0286729878
170310707001,41.93027092209544,-87.67189431075307,2395.0,0.5536196746507073,4326.074577300863
170310707002,41.92844980445919,-87.67534010243233,1086.0,0.6869192770203582,1580.9717914901585
170312228001,41.91543490720703,-87.71509532171862,1074.0,0.20130052604228418,5335.306474928938
170312301001,41.91200805422373,-87.70436547659556,1623.0,0.3005873429614036,5399.428944712415
170312304001,41.91185045740984,-87.71910261622513,1322.0,0.3063701945890406,4315.0411604931305
170312305001,41.91172693199928,-87.72883244143222,2406.0,0.3065223207909562,7849.346807082467
170312306003,41.90756894999666,-87.73012632695377,929.0,0.1837408162791583,5056.035010689001
171790219001,40.4284373466875,-89.54838650364867,,191.4782574030389,
171790219002,40.42881566601584,-89.66979940865552,,172.64327613785832,
171790201003,40.68535618535594,-89.57072757624152,,27.326226544443525,
171790222003,40.67566122524068,-89.43247277331069,,27.645531297283117,
171790203011,40.658115038535385,-89.52422700102505,,11.601676318959438,
171790217022,40.53683729696109,-89.59359294663989,,25.20170118516728,
171790215002,40.58271938948376,-89.54259049592507,,38.15653507902822,
171790217011,40.61476140304407,-89.35206796167124,,131.16456808677475,
171790217021,40.522237300171284,-89.44291064175614,,138.02290574442122,
171790212011,40.723312834709425,-89.51031472068217,,42.190362743510185,
171790224003,40.67767275644569,-89.5087302776392,,7.9134785507526075,
170978616113,42.37151288282312,-87.97255479552456,,4.468184321521303,
170978638012,42.27639795611158,-87.94500104186747,,3.022788549468104,
171790205002,40.6178740743944,-89.61954501055388,,21.129889044934902,
171790220002,40.35625642766292,-89.36406043797825,,223.63822249067704,
171790211013,40.57855369051967,-89.62322611765161,,1.1847916697966145,
171790217012,40.51031861896191,-89.32375039986808,,96.28269129331835,
171790203012,40.65127165885959,-89.54035050480765,,13.625889550937261,
171790212021,40.69436423715529,-89.53306191887312,,5.859642757438952,
171790219004,40.35031592293987,-89.60136466064236,,207.1079805335715,
171790215004,40.60975746893197,-89.52139453035373,,46.02482448465483,
171790218011,40.5110058712328,-89.62733759532398,,37.023243071652864,
171790216032,40.62730536130791,-89.45314085480486,,13.270118614331242,
171790215003,40.58866636454159,-89.59018037845013,,18.84894657126233,
171790224001,40.68022680723393,-89.47943136438973,,17.7256195097968,
171790204004,40.65350718312588,-89.59025895787444,,2.057190490100294,
171179564005,39.29312490244513,-89.89102856298321,,10.417371963060122,
170978645184,42.17724705479158,-87.96853969167218,,1.1335559712013759,
170978645172,42.19296895299021,-87.98234523962783,,2.0278234327929074,
170318369001,41.88191043880402,-87.70368940632414,629.0,0.14894386261702247,4223.067597067359
170311801001,41.936368884988674,-87.79378396758969,981.0,0.3735080199965998,2626.4496275312385
170318100002,42.02970587115832,-87.67563410083044,,0.5612833206778659,
170318294021,41.47946942142107,-87.66163907448589,,7.630342096549053,
171179567002,39.030394260146636,-90.01389110701295,,108.46493371981106,
171179567003,39.03237201274765,-89.95967112232353,,7.573749049203015,
171179567004,39.02677178620333,-89.93759514567286,,27.321748108518825,
170318208002,41.80193850961275,-87.7576793733128,,0.5946194986680028,
170317105002,41.747577585714794,-87.6670098645351,1298.0,0.22048074605399726,5887.135376810231
170312105012,41.93735875225166,-87.72400484703209,2678.0,0.38064551750865333,7035.417144874484
170312309001,41.908276638167116,-87.70940072206626,1799.0,0.2980220316230419,6036.46646592724
170312424002,41.89760282349058,-87.68444261522014,1588.0,0.29626380261402513,5360.087820343207
170318050012,42.062613827350674,-87.95583807427361,,1.1174215114286938,
170318061021,42.05057541366228,-87.89283448128276,,3.1733461170151362,
170318061022,42.04160879783179,-87.91651833083495,,1.104199676280818,
170318075003,42.02432370801977,-87.72824580017938,,0.6223559656805746,
170318095002,42.04564021569603,-87.68663352080685,,0.34924748868259864,
170318114014,41.93408525241445,-87.86783766604731,,0.44910115343578044,
170318125004,41.894085941776666,-87.782420648342,,0.379419180157032,
170318133011,41.862142207378874,-87.75563816594466,,0.8768270968008928,
170318152002,41.839778585193024,-87.7807950904865,,0.2973565586189405,
170318169002,41.887008226145554,-87.88839230070575,,0.6069695019179662,
170310314002,41.95697584462312,-87.64788500520444,637.0,0.1091582002728232,5835.567079778907
170310314001,41.96015139727132,-87.6483133850623,1332.0,0.08525707804472704,15623.336273631316
170318307002,41.968144166660785,-87.6572368699416,778.0,0.14774010217244277,5266.0042098245995
170310317003,41.96443371905502,-87.6631047983623,1614.0,0.20578572850983642,7843.109489115285
170310318001,41.96701145396652,-87.67062093134074,1820.0,0.4256545335998012,4275.767920543652
170310402024,41.980471572857574,-87.69106665543082,2175.0,0.3160538015593568,6881.739720480856
170310402014,41.97187618800305,-87.69479428032729,1750.0,0.31132663952412937,5621.1058670562825
170310402012,41.974872660127666,-87.69547473178599,1749.0,0.41614412563422215,4202.870813890371
170310710001,41.92351684508038,-87.65597026219024,2640.0,0.2935293954956445,8993.988474449652
170310711002,41.921187911756554,-87.6523341986772,1301.0,0.2434024021953133,5345.058176361132
170310712001,41.92398085793563,-87.64587833682539,904.0,0.22099712154334014,4090.551015718614
170310713001,41.921633903498055,-87.64022123367258,1730.0,0.2657052313911455,6510.974552297247
170310715003,41.91517788982437,-87.62494561573443,1286.0,2.440199156092297,527.0061653735605
170310715002,41.913761703061276,-87.634030842715,1088.0,0.047019833320763975,23139.17177412747
170310715004,41.913975005116086,-87.63761875447639,1023.0,0.1883350568297877,5431.808698921946
170310717001,41.9137546605542,-87.64110235230099,744.0,0.1456896935035921,5106.74421853771
170318326003,41.91596616638848,-87.65085907798172,1970.0,0.3528739886618879,5582.729425510556
170311003005,41.99510933878309,-87.81240443440588,907.0,0.4841476250798167,1873.3955368478196
170311003006,41.99158001504125,-87.81183053848189,1028.0,0.6259619142619767,1642.272439549354
170311005001,41.98078267148957,-87.81097678799662,994.0,0.5533675828218895,1796.2743587745279
170311006001,41.97995918316032,-87.79010432254272,1031.0,0.4704694924381716,2191.427959880932
170311007002,41.972213321760265,-87.7933942424741,915.0,0.41126140371615083,2224.8623180587238
171179569001,39.1386144474446,-89.79990034390306,,15.824890252048426,
171179569002,39.14479102530753,-89.82175408527779,,8.419967859125679,
171179569003,39.12589654586848,-89.8239251695562,,1.5055552217985548,
171179569004,39.12708197797196,-89.81427819793653,,1.0978886104286953,
171179569005,39.11876164746809,-89.81535545658322,,1.1930204256848316,
171179570003,39.03888415883076,-89.7753940192026,,44.56199412250005,
170999619003,41.557691221384346,-89.12361805991372,,1.9929467258861393,
170999630002,41.3411515189107,-89.12511845690177,,2.578471542766835,
170999630003,41.33295935819108,-89.11672865948184,,1.2047246011508002,
170370016003,41.91428079754183,-88.62036904266034,,47.309154946786414,
170370014005,41.88670016324067,-88.78978051559115,,51.67870209670616,
170370016004,41.916063048698085,-88.6620518132383,,58.44620747933156,
170370010042,41.96255277323036,-88.75749999341967,,10.328128126493313,
170370010041,41.95487471835042,-88.79572515547194,,20.911689793737274,
170370010032,41.94927359361918,-88.76968277110825,,0.7523475097933497,
170370008004,41.955937573156994,-88.73195863451691,,5.543800062807616,
170370010031,41.94327471495798,-88.76986288345701,,0.6376918133416565,
170370010023,41.94218868469817,-88.78481407072587,,4.533238143059109,
170370013003,41.92562476665234,-88.75444858320039,,0.6122372405657652,
170370013002,41.925756037950514,-88.7633222683694,,1.5240927583357586,
171790217013,40.55594240949491,-89.36510256502267,,65.7720419421874,
171790223002,40.72419320110253,-89.4284800340162,,20.155877003374776,
171790217024,40.52112611988251,-89.54376940117409,,131.88561182258272,
170314313021,41.76063461560127,-87.56393613037419,1238.0,0.28774796535883307,4302.376207790609
170314401022,41.73849076865706,-87.60305100771296,634.0,0.21993067548158413,2882.7265619574196
170316114002,41.8027712919993,-87.6721146718747,912.0,0.22072575314023954,4131.824161997784
170316502003,41.78037945367307,-87.73135728687087,1433.0,0.29602508414064155,4840.8059883167925
170316605001,41.77710885351285,-87.70551851488446,1265.0,0.29413355798115787,4300.767340804532
170316909003,41.76030735218432,-87.61090380858964,961.0,0.21993149622541813,4369.542409764838
170317004013,41.743162614540324,-87.71686817622363,1551.0,0.5885986909195727,2635.0721194721987
170317302015,41.72404427762688,-87.65727038918473,1009.0,0.32885434758979726,3068.227643621107
170318013002,42.07258374741049,-87.69475549250083,,0.715868717078599,
171179571001,39.09725998072994,-89.71912096273303,,34.071839639499196,
171179571002,39.03318055482021,-89.72728501832744,,56.61127393787168,
171179571003,39.06610596287489,-89.7138374878403,,7.2082121593463215,
171179572001,39.0111154874705,-89.77791770108051,,3.679926451591007,
171179572003,39.01919226574749,-89.7970561196734,,3.4039458681302177,
170978637022,42.29528442333647,-87.91408685679518,,9.016731848084836,
170978645114,42.22697925139582,-87.98442208977781,,1.4385240132766413,
170978641083,42.249951665568325,-88.00968710983994,,2.1918782732353677,
170978646021,42.229475415975244,-87.84621915597643,,7.959104260213636,
170978650001,42.23287150381617,-87.81788242946405,,7.3723463943545875,
170978617022,42.39387177184673,-87.83781793552758,,2.606074177752581,
170978622002,42.366142780545545,-87.83287329004172,,0.4639315594548223,
170978616073,42.33627314408982,-87.99212011317904,,6.6045117095740045,
171790219003,40.408451656774666,-89.63657814134041,,11.72357951473681,
171790218021,40.49158932872376,-89.78604415760589,,338.86911425036345,
170318203004,41.785828862771396,-87.80617347707341,,0.44456506079237085,
170310801003,41.907313218068545,-87.62663464367073,945.0,0.03389672131423965,27878.802531943275
170310804001,41.90879648760415,-87.63973219745496,2565.0,0.18555819800216342,13823.156441571473
170318383001,41.90167213853542,-87.63997660546927,943.0,0.388032876449216,2430.206452167502
170310812012,41.89794875900202,-87.62618040553676,2149.0,0.16874027139333883,12735.549031983088
170311007005,41.9719028430741,-87.8047796833138,1238.0,0.5575471308111383,2220.440087636925
170311101001,41.98433324331198,-87.76297957859067,1373.0,1.3701927548397839,1002.0487957992044
170311101003,41.98468801182649,-87.77609324062229,607.0,0.2246353956876542,2702.156524094748
170311101004,41.98823427504777,-87.77521463631983,1019.0,0.34447396330277924,2958.1335849883626
170311103002,41.97769958547942,-87.78382219599833,1035.0,0.4530003356428771,2284.766519060468
170311103003,41.97535908016535,-87.78201698488712,730.0,0.3893790197145951,1874.7800036454748
170311103004,41.972255540526035,-87.78420111231877,1345.0,0.4740019030089675,2837.54135049233
170311103005,41.97016916025898,-87.78204343415182,1320.0,0.42438345550906537,3110.394580336799
170311506003,41.94761971627489,-87.77413442378229,1169.0,0.29623876152659995,3946.141261109184
170311507003,41.94776171611643,-87.76434092172514,1013.0,0.3039838959128691,3332.4133732740765
170311508001,41.95201363825986,-87.74973813322582,886.0,0.22530660903205413,3932.4190435707537
170311508003,41.9469760659222,-87.75202909849111,1393.0,0.30017806246571405,4640.578956895315
170311511004,41.94408344970853,-87.7642332460852,1168.0,0.29915231842088436,3904.3655291239083
170311512001,41.94356748749021,-87.76911046319618,1268.0,0.3703914500664146,3423.405156281647
170311601002,41.964590382339814,-87.74494548401394,828.0,0.5560036231213199,1489.1989288698044
170311602002,41.96341154950963,-87.73717958172847,578.0,0.23646366112626216,2444.350211136125
170311602004,41.957137028539215,-87.74094865818304,1500.0,0.8874365321834694,1690.2617208121524
170311603003,41.958506184616006,-87.73239609561878,1003.0,0.2396652284944568,4185.004250723831
170311604001,41.95805159991306,-87.72022783956083,2315.0,0.47813993975731567,4841.678779595362
171179572004,39.00455306416722,-89.79649581595251,,2.538593624555345,
171179572005,39.00577497521033,-89.78659145625485,,1.5935900375803023,
170318407002,41.84987395645774,-87.69720725004412,1169.0,0.24271556459432703,4816.3371885682645
170316303001,41.79894299671225,-87.70738700160949,2495.0,0.4465640918711386,5587.103946369163
170318041051,42.07747116379993,-88.09595285127361,,19.8356131984793,
170318083014,42.03085775119194,-87.77422748418209,,0.7167138926831566,
170318221022,41.72228274795267,-87.73753815439719,,1.4273751267496706,
170318241232,41.599006475655955,-87.80696290941724,,1.4104343105639983,
170318245033,41.63658608910925,-87.77355476737107,,13.613110101926992,
170318265002,41.63167346194197,-87.60517181077921,,0.8157746509013322,
170310403002,41.97814031510154,-87.70301651519716,1286.0,0.3912323216751606,3287.0494812229836
170310403003,41.97257438396209,-87.70121112966794,765.0,0.5570324281114569,1373.3491290509405
170310404021,41.9747008984936,-87.67611271822905,695.0,0.15975991822300523,4350.277639913819
170310404025,41.971060718509975,-87.67598987405327,1319.0,0.26642321468604246,4950.769780157227
170310404023,41.970840334995756,-87.67904176360065,1280.0,0.18645284542170418,6865.006522721593
170310406001,41.96709997586217,-87.68064129153507,603.0,0.17283132163335038,3488.9509279991653
170310406002,41.96577266976703,-87.68472853387024,1009.0,0.19689882033913406,5124.459345475617
170310407002,41.96670317003824,-87.69251783415882,831.0,0.1533660631912727,5418.408627752324
170310407003,41.966595441141024,-87.69523996322765,828.0,0.18057505683062514,4585.35090356717
170310408001,41.96307074123835,-87.69056956312683,726.0,0.21672058250712073,3349.9356249476027
170310409002,41.96229468707505,-87.68385891243625,714.0,0.29463479598842235,2423.3390275738393
170310402021,41.98221766322963,-87.69606383477864,986.0,0.18628892976015418,5292.853425426131
170311104003,41.97235557772287,-87.77502201325511,1319.0,0.3495446749668243,3773.4804574699583
170311201001,42.00933231486155,-87.77561285018434,1456.0,0.9647828175192755,1509.1479383347437
170311201002,42.0018168012811,-87.77088087358311,935.0,0.6146871195242023,1521.0990604841948
170311202002,41.99769611311244,-87.76023694471385,838.0,0.629380971687043,1331.4670091689584
170311202003,41.995229329711584,-87.75533561440521,846.0,0.44540776302538315,1899.383150068239
170311202004,41.98984209588975,-87.75432335617427,1137.0,2.305474137968841,493.1740422825627
170311604002,41.95528607316449,-87.72402421480973,1458.0,0.4137228559130444,3524.098268108349
170311604003,41.959155080773456,-87.72532543027162,995.0,0.29765712274648315,3342.77235101627
170311607005,41.95211008657123,-87.70613093032198,1107.0,0.22261792451640833,4972.645407618142
170311608002,41.948115278525236,-87.71071827778964,862.0,0.22315358014900402,3862.8105335546293
170311608003,41.94836512730316,-87.71460155626188,950.0,0.22343397837907103,4251.815265036636
170311610001,41.95180624599819,-87.73073703551457,757.0,0.38412404325939803,1970.717567108393
170311610002,41.94816325859214,-87.73062925650044,950.0,0.3875052556368921,2451.5796526129907
170311611001,41.95172983346647,-87.7373995921744,969.0,0.42100933064941476,2301.6116970740277
170978628001,42.3334986675996,-87.87250557625084,,5.9272554785500775,
170978623002,42.343819910072206,-87.82634627829147,,4.955138460930297,
170978634002,42.25364679256837,-87.82251949795251,,10.70459311919994,
170978629013,42.33377402913832,-87.83452682098812,,2.52348933068037,
170978624011,42.36843617820353,-87.83944163855125,,0.5581045276778539,
170978631002,42.32007319447437,-87.85037733811582,,2.130346831999,
170978629022,42.330387917668055,-87.85181229485677,,1.001826588412411,
170978643071,42.1736593096773,-88.17633551718802,,30.46198924517566,
171194002001,38.72422509832332,-90.14513542389781,,7.349947441952743,
171194002002,38.71409877633886,-90.15833299274675,,1.3036069875920615,
171194002003,38.70753787034943,-90.15701869477053,,0.7563145121037836,
171194002004,38.71290886068766,-90.16621594135034,,4.470656271081283,
171194001025,38.70438086016845,-90.13433128078292,,0.38768420620898153,
170010004001,39.95766100510825,-91.40858168466607,,3.9017693750707165,
170312504004,41.91107063886152,-87.77711755367439,1101.0,0.21990566569282605,5006.692285672737
170312511004,41.90043461713051,-87.75389415097963,1245.0,0.22455731113157176,5544.24166252389
170318365001,41.830197453456165,-87.60605519441248,864.0,0.22108795063076014,3907.947029835967
170310505003,41.94955820905149,-87.68166198659418,762.0,0.1844156045784516,4131.971379221546
170310505004,41.94773462961387,-87.68161120446192,890.0,0.18433223736968496,4828.238471467543
170310506001,41.952369181999096,-87.67622813182047,1019.0,0.3012932221371954,3382.0873658286055
170310506002,41.94871827176646,-87.67613640424999,1052.0,0.29993987551031087,3507.369596023707
170310507001,41.94507106461667,-87.67605949625829,1418.0,0.2972552035127222,4770.311783421181
170310509001,41.94494658565829,-87.68577800330362,1391.0,0.2943478291640229,4725.701575413613
170310514002,41.93410850024653,-87.68121109594443,969.0,0.35421140415467206,2735.654438660791
170318437002,41.93745110069955,-87.68669381321058,1198.0,0.519567329663577,2305.7646845803647
170310601001,41.95910156251349,-87.66631743406029,734.0,0.19854785661122099,3696.841721324922
170310601003,41.957953924095385,-87.66839516462677,725.0,0.18428818626012228,3934.055756437173
170310815002,41.894059725704615,-87.62566606071991,1487.0,0.2292320949560793,6486.875235707757
170310815003,41.890006805756585,-87.62627929239895,1525.0,0.2104020061304397,7248.029750508031
170310818003,41.89471768664301,-87.64002568937356,1431.0,0.15474753050536463,9247.320427839664
170310901002,42.01343494093673,-87.81027651790579,911.0,0.4429265640091208,2056.7743595103966
170310901003,42.01328247332613,-87.8169802541753,685.0,0.3701560293011912,1850.5709640693826
170311203001,41.99556929527378,-87.73195473189503,1017.0,0.49656526373983156,2048.0691547785004
170311203002,41.990972337391746,-87.73496492277758,1215.0,0.6768429486977959,1795.098851716761
170311203003,41.98518440853829,-87.74278426766416,1358.0,0.7878404619312301,1723.6992330542914
170311203005,41.99437393921607,-87.73966708689689,910.0,0.5711259816300885,1593.3437267250715
170311203006,41.9940061161629,-87.7447109590842,964.0,0.6088046007256247,1583.430872320977
170311204002,41.97564156993457,-87.7515917117507,1111.0,0.5381639913082258,2064.4264907045604
170311204003,41.97087670194779,-87.75058542216388,1511.0,0.4781769819546805,3159.917890282736
170311611002,41.94862937752601,-87.73866585536179,892.0,0.6225833414004462,1432.7399091558163
170311612002,41.94080504105561,-87.73860108370265,1709.0,0.48203305591930296,3545.400007351577
170311613003,41.94039019075179,-87.73215084342047,1025.0,0.22379539047508928,4580.07646102118
170311613004,41.94388317857877,-87.73272932851995,1316.0,0.30222468371882427,4354.376299800664
172010037101,42.23364487375172,-89.00390152418208,,1.589801840652922,
172019800001,42.19802219164286,-89.09758854799495,,13.597740361549622,
170311701001,41.95585960662731,-87.79481661816014,1752.0,1.83602013265873,954.2379023169747
170311702001,41.9507433445362,-87.77913142158343,1173.0,0.3695127881382455,3174.4503509879787
170311702002,41.94708260750971,-87.78143018112695,1538.0,0.44289712436929873,3472.589717510961
170311703001,41.949200782161924,-87.79126821147823,835.0,1.1772761068508484,709.2643731924375
170311704002,41.947038374733864,-87.80949746245177,940.0,0.294364524449197,3193.319581423373
170311705002,41.95562936008365,-87.83437504106638,689.0,0.5720357325741748,1204.470211851073
170311912001,41.92171965724735,-87.75829331140048,2563.0,0.37216985973464123,6886.64042227232
170311912002,41.91949378658696,-87.76187100631475,1290.0,0.9031688081850722,1428.3044191841273
170318315002,41.92014905082926,-87.78777440015516,1374.0,0.5159004799835073,2663.304364523803
170312001002,41.93524567015195,-87.73699396537808,1417.0,0.2790313917642653,5078.281662290984
170312001003,41.93526934619563,-87.74009105953965,2018.0,0.4734924503814904,4261.947573554991
170312002001,41.929778906099244,-87.73362071636065,1176.0,0.38254356589496274,3074.1596640077887
170978611063,42.356019372477334,-88.02157575586239,,0.7556043671482261,
170978612011,42.375765813712924,-88.08425353301332,,1.2627916456362107,
170978630043,42.29366171443249,-87.86323569216398,,0.6836643391715023,
170978620003,42.367082101279365,-87.85183841954287,,0.8660534289146172,
170978618042,42.38017008882224,-87.86035842159843,,0.8659892341877884,
170978642032,42.30034810823244,-88.17978591946239,,32.78452298741047,
170978616111,42.36717693327943,-87.99875653092501,,2.205631314054588,
170978616092,42.380923648723005,-87.99487811961298,,3.085483490510229,
170978643083,42.17537945834427,-88.13944037470606,,13.973129089197117,
170978645223,42.19213910326157,-87.91271686344798,,3.7099136568053654,
170978654003,42.1856143222768,-87.80861450137367,,1.051533387139542,
170978655022,42.18608095995589,-87.78540945318152,,6.190125877318103,
170978655012,42.213466962296984,-87.80249743149307,,8.425431199111362,
170978601042,42.47057326870026,-87.80701173536637,,18.720527657401938,
170978602001,42.446167560571624,-87.81216332560601,,4.53706597274637,
170311001004,41.98471560189349,-87.78284197707409,516.0,0.586211049066774,880.2290588371759
170311001001,41.994211858398714,-87.78534214450659,1234.0,0.4838839928474862,2550.198019030029
170311002001,41.9991613036922,-87.78755095611994,1110.0,0.8738161218968314,1270.2901356299924
170311002002,41.99555692860215,-87.79134803621787,817.0,0.4642138682701492,1759.9646538878217
170311002003,41.990954080396556,-87.79005892737477,1174.0,0.4910240166565665,2390.92174756316
170311303001,41.98609492882014,-87.70927702294395,670.0,0.29692142018026296,2256.489274479553
170318318002,41.976622913271484,-87.71234958475083,904.0,0.22315978789492086,4050.9090303745315
170311401002,41.969988530996716,-87.70650465639811,2085.0,0.22026265875969392,9465.971271484244
170311404001,41.970335314160515,-87.73076191516867,1451.0,0.3371014788063805,4304.341841328453
170311405001,41.967290273724366,-87.73216173011028,1102.0,0.2582075582134846,4267.884362582727
170311405002,41.965824367042956,-87.73387132543486,1147.0,0.2377762951917248,4823.861853323713
171194001012,38.715323561681444,-90.12633345308807,,1.415077211870797,
171194001022,38.70935376366092,-90.13824861874068,,0.516104122945689,
171194001023,38.706101407089996,-90.1247691130965,,0.6036148884215009,
170318312001,41.9152317385556,-87.72481201099275,850.0,0.18063965145890057,4705.500664638923
170312101002,41.94098961876355,-87.70471122538571,1594.0,0.33338363769073726,4781.278442581131
170312101003,41.94480814679022,-87.70557162961427,1057.0,0.28121220432808464,3758.727337334262
170318311001,41.94299720772674,-87.71277425152269,1354.0,1.2282368693817716,1102.3932221490231
170318311004,41.94100166182671,-87.72110982000102,2862.0,0.44359080695331055,6451.892048117299
170318311003,41.943346415188486,-87.72526680878681,1830.0,0.44716511638500117,4092.4480308173297
170312104001,41.93723492904039,-87.73002744536602,1994.0,0.35245335609886264,5657.486204899936
170312306004,41.907536800065266,-87.73258310005241,988.0,0.18481372811942717,5345.923217140837
170312306006,41.90639054237067,-87.7380450011483,1304.0,0.8292648635734713,1572.4770905893665
170312307002,41.90453896833906,-87.71905992569035,1254.0,0.29209092096374206,4293.183765734581
170312309003,41.90732031482981,-87.71304518641242,1501.0,0.22180200488918386,6767.29680937702
170312312001,41.90091452467328,-87.71832624217306,1209.0,0.22221766045623692,5440.611684587949
170312312003,41.89723238539585,-87.72186371894632,1090.0,0.22252582654381853,4898.30783657538
170312312004,41.90088111507467,-87.72198179376147,1336.0,0.22211739933766736,6014.837216642294
170312312005,41.89902794032667,-87.72497234686524,1304.0,0.2969922700267633,4390.6866662977145
170318421006,41.89987112891616,-87.72991372334093,918.0,0.2247743307248832,4084.096244617912
170318421002,41.897018902910155,-87.73599469126749,1090.0,0.30122573849863765,3618.5486852244194
170312315001,41.893657419707075,-87.71320984910291,892.0,0.22311311598306915,3997.9720424311095
171635032034,38.450603105145234,-90.08732727358283,,6.423246897972364,
171635032112,38.553091920940965,-90.06445412296952,,3.1685993127494987,
171430030001,40.757957941783296,-89.61669705674433,,1.0977905687232417,
170317108002,41.746970746172984,-87.64575459099295,761.0,0.22031126591717595,3454.203745922331
170313902002,41.813242742745174,-87.60055834456722,833.0,0.29498328210917296,2823.888845645523
170318114012,41.93384125264484,-87.87754684739973,,0.4398234413195429,
170318039012,42.09643493398185,-88.01921660474721,,8.926226482594037,
170310502001,41.95983356808139,-87.6858054877995,956.0,0.22132554386357917,4319.429123776423
170312107002,41.9329651834093,-87.70377828320997,1457.0,0.22393931902673186,6506.226804351747
170318209014,41.750434249877166,-87.77239191283748,,0.37034650383009027,
171610223001,41.51135338079339,-90.51027365594203,,5.282893659265635,
170311407012,41.96746637590317,-87.71578064452534,1438.0,0.14821913680111162,9701.8511309345
170311504012,41.962732015522256,-87.76976094847146,1321.0,0.3718700354941564,3552.316330743347
170311504021,41.954975339314444,-87.76950573925306,860.0,0.2974010145011342,2891.718447707986
170311504013,41.96631772186408,-87.77486230816912,1255.0,0.37190103823051807,3374.5536338677935
170311505011,41.96657447924731,-87.7820451578193,1473.0,0.5921129302244338,2487.701120530632
170311505012,41.963364171305244,-87.7838138102633,817.0,0.26568277304436055,3075.0958770803973
170311706002,41.94124936770303,-87.8325479530312,1546.0,0.5785556859368133,2672.171473860246
170311707001,41.94323922925116,-87.82038800448383,922.0,0.3206755294690283,2875.1804090777973
170311707002,41.93957196702845,-87.82024876398782,906.0,0.2784544777106694,3253.6736613062744
170311707003,41.941422534305175,-87.8246185670658,1152.0,0.4493017241684558,2563.978587289113
170311708003,41.94155125832119,-87.81604926360889,1273.0,0.4405459778962848,2889.5962371030773
170311709001,41.93619584620634,-87.81160567812073,1713.0,0.5797423220099206,2954.760994610787
170311710002,41.94010294393095,-87.78911737045408,1407.0,0.3656747025884136,3847.6820792923527
170311710003,41.93999817614622,-87.79514491491865,960.0,0.3708880822373691,2588.381902726112
170311710005,41.94173322006373,-87.80071448147237,1242.0,0.5973669604035691,2079.124026479352
170311710006,41.9416583258821,-87.80502271785318,1186.0,0.4494804698152723,2638.6018517944126
170311711002,41.94023452854869,-87.77993448153896,1553.0,0.4459795995587563,3482.222060238873
171635033012,38.52997966806851,-89.98425706639355,,2.1400956479484705,
170318423001,41.90714904348754,-87.66107454032262,1411.0,2.044925079316109,690.0008290141785
170312403001,41.912369335372325,-87.67506770206631,1317.0,0.3005503192048833,4381.96174099622
170318310001,41.91318017570218,-87.67947633254684,804.0,0.21754678968623445,3695.7566745048325
170312423001,41.90132845296203,-87.67964995922894,1476.0,0.2962277021611682,4982.653510227597
170312503001,41.914358308883706,-87.75987385377393,1384.0,0.5190095153032801,2666.6177771158355
171635039063,38.405702194852935,-90.003596657626,,16.401606174108117,
171635040011,38.32788810625507,-89.8430923253199,,35.57349166650113,
170978611062,42.34272405991127,-88.01586862320771,,12.364266288478051,
170978606002,42.42828485611876,-87.83998255915525,,2.6206492889708817,
170978610091,42.41725019837076,-88.01367785208075,,6.127880777350563,
170978610112,42.40526181522011,-88.08184143255423,,7.28613039829721,
170978610141,42.394325704955406,-88.03190495506769,,10.796738539071379,
170312503003,41.91161357271647,-87.7630400643119,1640.0,0.26531065030126927,6181.432965988076
170312504002,41.910990068802896,-87.76855131287365,1107.0,0.32482681403709024,3407.969884757105
170312505001,41.91535652453432,-87.79064103833159,1247.0,0.8307758212183199,1501.0066111111585
170978630031,42.315435101886244,-87.83115941856761,,8.975363765200344,
170978661002,42.376108613630386,-87.85620810375404,,0.8029411862189849,
170978656002,42.16788825851491,-87.76816073343679,,6.602520090225955,
170318306001,42.000767422382786,-87.66928895836752,922.0,0.22875791377211008,4030.461656152808
170310202001,42.01376994225766,-87.70430452701397,1678.0,0.5592124077223559,3000.648728153958
170310204001,42.011096917697046,-87.68655809808814,781.0,0.2846889394138652,2743.3450755339145
170310204003,42.00616721550948,-87.68536584052853,1907.0,0.337212776267522,5655.183119417498
170310206021,42.00316718690182,-87.69185387222545,1174.0,0.2238192296327932,5245.304444690081
170310207022,41.99573381691073,-87.70200251892088,2608.0,0.28905541311560323,9022.49147279235
171359573003,39.2878374490555,-89.20484203732309,,268.9376679146376,
170311801004,41.93627402361803,-87.80039300852444,1184.0,0.42661646760614924,2775.3265284008316
170318316002,41.927200857821,-87.79932549589353,1282.0,0.37106368508670934,3454.9325399504537
170318316004,41.92166227195816,-87.79572918200341,1455.0,0.7845626965231177,1854.5362995819255
170311901001,41.93521774305275,-87.7443888754568,2488.0,0.5717138992334673,4351.827029806023
170311902001,41.93785157922963,-87.75175385441088,1299.0,0.2981129156248553,4357.409330210499
170311903001,41.93772554938108,-87.7615613058034,1352.0,0.2980610337756366,4535.98373082779
170311903003,41.934075976463454,-87.76143266298172,1570.0,0.29902711641132634,5250.359963476986
170311904021,41.93668613884533,-87.77129463269112,2304.0,0.5910719570371983,3898.002557165812
170311904012,41.932898916653734,-87.7808880755762,2631.0,0.5926840587492153,4439.127324518214
170311904011,41.93655676565545,-87.7810166596409,1626.0,0.592632851714288,2743.6886012925665
170312106022,41.933683633873976,-87.71273393321486,1024.0,0.18049703636561337,5673.223342713471
171635040013,38.353210936007905,-90.01501051433961,,58.231695063239755,
171635040022,38.325657165583834,-89.75080019588985,,104.12306344337844,
171635040025,38.239242217379136,-89.78178963564055,,49.238259516102275,
170312108001,41.93574567176042,-87.69893335878783,1196.0,0.2946438156954357,4059.1383096812347
170312109002,41.93303426257022,-87.693356622863,1028.0,0.2673612662060479,3844.9847825292277
170312203001,41.92974515156545,-87.69488050814718,1196.0,0.3674394836120928,3254.957764045362
170312203002,41.926346937616735,-87.69542684953065,906.0,0.22213560912753577,4078.589666728462
170312205001,41.929329116860636,-87.70367028641265,1068.0,0.22531280641952475,4740.076771363899
170312206023,41.93102992976582,-87.71472836098488,1294.0,0.1484429058773923,8717.156218086908
170312426004,41.89793337083382,-87.69552573904555,1023.0,0.18678518627468685,5476.879726937088
170312427001,41.897425427801544,-87.69937423439403,2029.0,0.317125842946384,6398.090994883189
170312429001,41.89396579750388,-87.68434333783858,1207.0,0.29639385343973274,4072.2841786104227
170438418012,41.877144941579274,-88.09948440230636,,1.7617696059393517,
170310207012,41.98491930381716,-87.70179317761809,882.0,0.2865662278284545,3077.8225567040186
170310208024,41.99587526927422,-87.69226066526532,1566.0,0.2950403520077093,5307.74854810057
170310208014,41.98863982891817,-87.69204183673791,1591.0,0.29905938873448884,5320.013548922629
170310208011,41.98497788744107,-87.69192608081083,1645.0,0.2953264874203165,5570.106543334843
170310208023,41.9958052280344,-87.6971366563676,2559.0,0.29234636445219075,8753.315625440211
170310301041,41.99737692717685,-87.65549178138022,2868.0,0.30553528531647206,9386.804529072113
170310302001,41.99634230726618,-87.66290395626267,1757.0,0.29537668495236513,5948.336783193799
170310302002,41.99256543391646,-87.66267130082944,1315.0,0.3154886017448306,4168.1379064958455
170310302004,41.99630678684279,-87.6678135867395,1288.0,0.30048538683340453,4286.3981292843855
170310304001,41.98873211953057,-87.67227771007235,1374.0,0.32320747968208113,4251.139241429429
170310603001,41.952432732750395,-87.67137596827217,1497.0,0.2887650272523495,5184.145788858924
170310604001,41.95208640412932,-87.66563792618787,1458.0,0.23642061467286005,6166.97491467681
170310604003,41.95087204903568,-87.66825987334332,974.0,0.16792239225458697,5800.298500531839
170318319001,41.9452045847378,-87.6663893039876,1443.0,0.29468474249584986,4896.758440150061
170310626001,41.93597530636441,-87.67098426128237,2226.0,0.5968046851284322,3729.863480413136
170310627003,41.93698002628494,-87.66735463643928,1093.0,0.22029821204393057,4961.4565177770955
170310629002,41.933779867326486,-87.65608491269329,1149.0,0.18344647752861792,6263.407264501736
170978611071,42.36324121251922,-88.06058732563143,,3.346766500942418,
170978611081,42.351553191595634,-88.05116153154466,,2.6413979568892145,
170978616102,42.358596306420964,-87.97085491682755,,2.652481524886083,
170312210001,41.922792439535705,-87.71530959587993,1441.0,0.198693989985801,7252.358262587491
170978616101,42.35888721542107,-87.98804148537901,,3.498974698038991,
170978616112,42.370832929327676,-87.98938037775137,,2.6680932063017395,
170978616031,42.36259581369769,-87.94862083061267,,14.743553114658198,
170978615043,42.33763585803494,-87.89496842946988,,6.836884122489859,
170312211001,41.92284189145848,-87.70958292929845,1627.0,0.300878197930803,5407.503804493615
170312211002,41.919184211855864,-87.70950848282098,1966.0,0.2958132624729684,6646.084707509199
170312213002,41.91957669167133,-87.69865889278327,1169.0,0.19570376961656769,5973.313658139347
170312214001,41.923092746078225,-87.69465436150267,968.0,0.23759014554365002,4074.2430532421185
170312216001,41.92126636658267,-87.68393459095375,1511.0,0.30767942307530693,4910.955646293483
170312216002,41.92122802032444,-87.68635309849674,1458.0,0.2847701650924808,5119.918371808738
170312410002,41.90796416936294,-87.69574972043281,1007.0,0.19018523889100034,5294.837842684182
170312423002,41.897688489494534,-87.67955081637218,1764.0,0.2968298874515288,5942.797792853844
170314106001,41.799429153313916,-87.59897473345207,1313.0,0.22781614343564377,5763.419484672788
171635016041,38.54483172796836,-90.00598137898807,,1.2197404512087364,
170312413001,41.90677174945674,-87.68102499375419,1857.0,0.2964653717018675,6263.800690582651
170312414001,41.90858554706599,-87.67742682192461,1272.0,0.25457637809395195,4996.535851140775
170312414004,41.904758263093456,-87.67728644051941,1382.0,0.2721141642299254,5078.750692419914
170312415001,41.90946228174998,-87.6700997292427,1340.0,0.18446207053390792,7264.36603536704
170312415003,41.908235072470475,-87.67271394825646,845.0,0.21353798935299942,3957.141315043158
170312421001,41.901507384726905,-87.66866745383068,988.0,0.1484358485084664,6656.074054399649
171635043521,38.576566407609484,-89.89314304535901,,6.736770422399847,
170315501004,41.653125786333284,-87.54448980630198,795.0,0.3663841345598246,2169.853781892374
170317112003,41.73844552839145,-87.66860411835547,746.0,0.33079228749498957,2255.1916359637
170316502002,41.78044090114706,-87.72586369224425,1551.0,0.3692841677746877,4200.017589019185
170313107001,41.85599044400807,-87.66490611983757,1692.0,0.28869198996348916,5860.9177213887615
170315906002,41.826963098101174,-87.67189900508102,1277.0,0.18534131286141128,6889.991121163985
170318155006,41.82408387947857,-87.79362080090364,,0.4476027871711902,
170318194003,41.812576611527064,-87.84972999610356,,0.3726082928591367,
170312916001,41.857641522360005,-87.69221583515832,1055.0,0.397496186052318,2654.1135161008615
170314303002,41.76791509090397,-87.58791421833803,600.0,0.18689450506798694,3210.3672592286057
170310717002,41.91196422946229,-87.64104059177123,908.0,0.14335975703749085,6333.716091347334
170310304002,41.98506110772783,-87.67186764517247,1310.0,0.30438111630429404,4303.814953784369
170310305001,41.989204298623946,-87.66263397078743,1200.0,0.2311003283333934,5192.549957215284
170910103001,41.16117439435785,-88.06914673106952,,167.33661764838553,
170310305004,41.98494075058697,-87.66636654890941,1597.0,0.25285782053069544,6315.802282279554
170318034005,42.069946826718244,-87.9784519655049,,1.0953305571379846,
170978615091,42.35359039838602,-87.92144992950699,,3.4046066199271428,
170978615092,42.36760420153911,-87.9281027725258,,8.043486688746993,
170978649042,42.16109754746506,-87.83486428924387,,2.9931736843210257,
170978615082,42.378515717576995,-87.91421808709137,,4.779021160326945,
170978615051,42.400416314280655,-87.9415085708039,,6.001096124889588,
170978645231,42.16237388870542,-87.92906120489987,,1.006484955428199,
170978657004,42.17066212151748,-87.80047590617374,,5.60698835395825,
170978660004,42.46011745456945,-87.91579178828836,,26.629612779988964,
170312608001,41.87893740188745,-87.72318798066249,1266.0,0.2933550998745504,4315.588856445273
170318128022,41.885130065568674,-87.79649619311583,,0.23999202340622322,
170314402011,41.74942481366468,-87.6070031994259,1299.0,0.22066553850323403,5886.737044719659
170318316006,41.92541203831277,-87.80348186939824,838.0,0.31987947094339136,2619.736732490406
170318105024,41.95541826603299,-87.81033417383907,,0.554956177568069,
170318049025,42.039555771898335,-87.93588539021572,,0.7080105540292548,
170314604001,41.74994487972428,-87.5637777380914,1247.0,0.292740663734498,4259.743023370919
170318053013,42.04237012276389,-87.82401832845136,,0.24768047714143152,
170318028011,42.086391986426584,-87.96834676608064,,0.8833721425133829,
170311404002,41.97181836191555,-87.73430015822535,1165.0,0.3000551993931169,3882.6189393028208
170312433001,41.89520195919665,-87.6648212113578,820.0,0.14789567438366324,5544.448838123546
170312434002,41.89135726188499,-87.65834213202133,591.0,0.14138395224757805,4180.106657119737
170318423002,41.89520463774462,-87.64872441297356,1833.0,1.3471356981735916,1360.664706966885
170312502002,41.91096752825516,-87.74933230620276,1227.0,0.307336529143264,3992.366294434326
170318045101,42.004952061345705,-88.15013652873837,,0.6924764162338443,
170311908001,41.93014139025647,-87.74899407303442,947.0,0.22247637071680249,4256.631825433127
170318421003,41.897095819137114,-87.73168057805995,929.0,0.22537511116455033,4122.016824305505
170310602001,41.95973565537028,-87.67156567389755,1068.0,0.2869521084023309,3721.8754235552597
170312226001,41.91563880466813,-87.70447981102734,1602.0,0.29025183513796715,5519.344948287792
171635032031,38.435767963850786,-90.11781934385243,,75.94443465692459,
171635032111,38.57658821778311,-90.06799170390686,,3.951774310152513,
170310512002,41.940512898360105,-87.67592791896443,825.0,0.14921211051069605,5529.041826272279
170318074004,42.0285187500406,-87.74019670107782,,0.36591430751466747,
170312410001,41.90797326059174,-87.69328287643079,1040.0,0.1847549394438993,5629.078189359019
170310713002,41.92191118344547,-87.64257570032404,1783.0,0.29389739632403994,6066.74309572356
170318093002,42.05607149452724,-87.68420488251296,,0.38022357371453985,
170310309001,41.982525899386204,-87.67158007165324,553.0,0.18283661265750636,3024.5583308628234
170318190004,41.82647324578095,-87.90045435624333,,8.883439932550468,
170310703002,41.92723699579819,-87.65087319452124,1512.0,0.2479187991091555,6098.771071145296
170310704001,41.93062116121669,-87.6553398893668,1162.0,0.2201481108208448,5278.264690382143
170310704002,41.92651953486278,-87.65582936105803,857.0,0.18325382717652877,4676.573543942688
170310704003,41.929428900593706,-87.65746553573742,965.0,0.18304994407996386,5271.785276145442
170318318003,41.980291692659186,-87.71244002500926,1309.0,0.22336269093209124,5860.423665821496
170312215002,41.92234600403747,-87.69106366431195,1682.0,0.2895937966559371,5808.13546223286
170318072005,42.03817265044859,-87.72983731151052,,0.5114642806439506,
170311607002,41.95213032998274,-87.70246489655693,986.0,0.22283095262373007,4424.878987368281
170310604002,41.948673114961935,-87.66611740534638,938.0,0.1837160954710888,5105.703980888337
170310404012,41.970638106464726,-87.68739131785823,592.0,0.18434036628102954,3211.4507090513616
170318276001,41.59306933510066,-87.6547238201567,,0.7476815818826085,
170318246024,41.61918059016355,-87.72396048658767,,0.6384596906956036,
170312514001,41.89328257017749,-87.76809814647294,746.0,0.2185656146056594,3413.162685017717
170318398003,41.83262281281275,-87.64249636156727,857.0,0.1478155568243619,5797.765934869147
170318050014,42.05233330281637,-87.9553664083474,,1.6648520031415837,
170317707001,41.98427425571287,-87.86329777806249,0.0,3.9959369211513622,0.0
170314305001,41.76434958036356,-87.57779648930514,1358.0,0.18891644801116605,7188.3629736661915
170318065022,42.01901483411877,-87.87759714918641,,0.5327795046278262,
170311908004,41.927356515243304,-87.75380404695404,1510.0,0.22299880460980176,6771.336746141594
170311711001,41.94390137983811,-87.78008289532582,1348.0,0.4462919320163038,3020.4444743373833
170318233044,41.6794522729028,-87.71386602423769,,0.5616852559222912,
170318245031,41.64368911796775,-87.74038387594067,,0.554866993264877,
170316604003,41.78067756008452,-87.71041869473305,1357.0,0.2881042608395572,4710.100420054883
170317106002,41.74764318169126,-87.66215635320022,963.0,0.22024112342524454,4372.480420655259
170315609001,41.795983103336,-87.7837504440851,1087.0,0.44765660477627994,2428.2005188848652
170318218006,41.72248355714836,-87.70799128356971,,0.44514456627513466,
170318199003,41.795182966664484,-87.90353528352466,,0.831334409847528,
170318142003,41.8346081153402,-87.75003308860599,,0.2249071825417983,
170313016002,41.838929811014054,-87.71220207701461,2507.0,0.2972315328612406,8434.502140021485
170315907001,41.82682369907726,-87.66908437656937,1649.0,0.2953912442776865,5582.426804938861
170318161006,41.86238457785025,-87.82555130607055,,5.3440427274396045,
170318074001,42.03078578271731,-87.73530313044596,,0.43899680023718496,
170317404001,41.69012587886355,-87.7044309924729,884.0,0.3364202748379168,2627.665649538811
170318112003,41.91629503516765,-87.84057114195619,,3.4442411080666595,
170318198015,41.815569000454445,-87.9030446795524,,0.8958570209613004,
170314302002,41.76798992782068,-87.57819084185542,489.0,0.2195033622874594,2227.7563081681205
170312506004,41.90747108375705,-87.77311731927114,1046.0,0.29265611465517183,3574.1607559864974
170312213003,41.91952908534524,-87.70109655458569,564.0,0.14505359979800947,3888.2178779801616
171635033041,38.507824692466016,-90.02370400518583,,8.224765502292325,
171635033043,38.49178213660825,-89.97746095219715,,8.947412079092873,
171635033044,38.495173591061814,-89.94929308218298,,11.602166195493409,
171635033231,38.5548041558863,-89.95661184362766,,9.273972030806926,
171635033013,38.53042476885362,-89.99747500343462,,2.3208733463168354,
170318153001,41.84145130066344,-87.7906345148449,,0.30080249815643895,
170314503004,41.7387719603871,-87.58314624066263,644.0,0.3067868531712342,2099.1773061427407
170314207003,41.774862864655475,-87.61127553667616,851.0,0.21990410037673774,3869.868722511651
170318415001,41.86442993110558,-87.70804914297625,1497.0,0.31601214756290197,4737.159667895436
170318177002,41.86751586289689,-87.84580065834786,,0.5349382665546928,
170318066002,42.00156674391799,-87.87017439595614,,3.59999160692546,
170318110001,41.92146606351652,-87.8183772429106,,0.29557581923162884,
170318059012,42.03582214713661,-87.87443020178895,,4.188625673341524,
171635033321,38.52164165913707,-89.95619479378156,,2.367531674627363,
171659562003,37.66729610005568,-88.5326599399131,,102.48892837416284,
171659556003,37.8300619357903,-88.55049315708771,,158.63762418254035,
171659551003,37.80913127909127,-88.44957397349967,,2.1200288981951334,
171659557001,37.852732390518554,-88.604116236673,,22.942026857774824,
171659562001,37.67288970809334,-88.43856701324187,,305.2060001117593,
171659557002,37.86915036412792,-88.65620232524894,,120.33652263786948,
171659559002,37.73952707008286,-88.541568827069,,0.7445319538755025,
171659562004,37.63541999779972,-88.63503818858081,,174.7487680967587,
171659556001,37.788828006553395,-88.42684278192495,,100.15980159726271,
170314102001,41.80167086325056,-87.59426506325482,1443.0,0.1167460655154359,12360.159579075578
170318016011,42.14630188118085,-87.8593504431641,,9.12196643449527,
170311201003,41.997715479498076,-87.77373032642586,785.0,2.7796354981966425,282.4111292683117
170311404003,41.97179372760591,-87.73676745796188,1044.0,0.30012945528529006,3478.4989664130726
170310602002,41.95608498217619,-87.67146960932342,1043.0,0.28901716558493945,3608.7821908054525
170312312002,41.89726701900288,-87.7182031946869,1156.0,0.22233074605767567,5199.460805569904
170318080021,42.009941302336365,-87.72619019365516,,0.8804845132642792,
170318135004,41.85723949490929,-87.7769736942204,,0.3311609684410269,
170318052022,42.05794077294152,-87.80843466956706,,0.4477672377855174,
170310629001,41.937614021378174,-87.6552434701447,1301.0,0.18457119634704366,7048.770478540806
170318015001,42.14827434488239,-87.81318142672414,,7.138348303677584,
170316112001,41.80637396879619,-87.66126117021814,1155.0,0.18408171421474678,6274.387463887888
170313017012,41.84159008065483,-87.71776996563709,1413.0,0.18603949273120565,7595.161539391727
170316914003,41.75301290862563,-87.61073164097657,671.0,0.2200112989821681,3049.8433630646605
170311703003,41.94907801080807,-87.79977410707721,902.0,0.29691659123689135,3037.890190785432
171635016021,38.53636687694828,-90.02104779849499,,0.9650462726465195,
171635016022,38.53891896496808,-90.01565053237508,,0.8922153421430533,
171635016023,38.53558009471353,-90.01024938965762,,1.0971290293944482,
171635016024,38.53278525249625,-90.00499433881893,,1.3621913724629513,
171635016025,38.525591242067215,-90.00796746498366,,0.9742633539762223,
171635033322,38.51004426797098,-89.94887510618844,,4.7658342320074585,
171635033323,38.5144112451747,-89.93523690485553,,2.2839793065029617,
171635017003,38.50514683337538,-89.98650172086258,,0.9084643946685976,
171635017001,38.515083194117445,-89.99136525086827,,0.8280531587996991,
171635019001,38.51019419043367,-89.97845299074547,,0.500683436201536,
171635019002,38.51138079754074,-89.97221117858973,,0.6844146950577359,
171635021001,38.65087941319708,-90.12361285084113,,14.227569250925015,
171635021002,38.651455287440406,-90.08817768454502,,2.506129334168441,
171635021003,38.644656233595825,-90.10460750445452,,2.7061139589480367,
171635034041,38.64826084714082,-89.97528538535906,,6.958034616142392,
171635034042,38.60578566768483,-89.95395808946459,,14.035032639668776,
171635034134,38.574785397844046,-89.97547226016823,,2.2650044496394726,
170318439003,41.77171596291616,-87.56744930030223,728.0,0.10258502440645541,7096.552388734323
170318439005,41.77260927085725,-87.56995358079747,880.0,0.09901727145151522,8887.338411772947
170319800001,41.98028727582283,-87.90384159899972,0.0,36.186627625532694,0.0
170310301012,41.991225665014156,-87.6557854279301,507.0,0.027398813054674228,18504.451232550964
170311407022,41.96311953686735,-87.71254215440645,1571.0,0.16178936150988163,9710.156374552773
171635022001,38.63072618496991,-90.08562986378003,,4.40617155301758,
171635023003,38.5722577390315,-90.20568115239232,,16.854706843693812,
171635023004,38.57302593901644,-90.18028680269039,,1.8009798691965682,
171635023005,38.566420730115695,-90.18528656238041,,1.0265821024885788,
171635023006,38.55896270448438,-90.18970607045912,,1.482653722385207,
171635023001,38.55542155448819,-90.19606543768889,,1.3373431707271466,
171635024041,38.64889533115346,-90.06105283724304,,14.335706306825804,
171635034112,38.624208518475754,-90.02263945207557,,6.655873501562894,
171635034121,38.65114622916956,-90.02378798469708,,5.264656935230947,
170699709002,37.43669491257791,-88.33611316750174,,9.541991919725312,
171635026021,38.56775704898503,-90.17227049995847,,0.988189953737271,
171635038001,38.543025132340425,-89.85083655398078,,16.75123935850273,
170898546003,42.04642068782925,-88.29059880684028,,2.4452730206071873,
170898549002,42.01367791534217,-88.29947189633214,,9.601735757191067,
170898529063,41.80055290801928,-88.30482136029082,,13.427068497902782,
171635026024,38.560758018680566,-90.16870476435497,,1.3949941586918864,
171635026031,38.57290216022886,-90.14922383180551,,15.292638349289666,
171635026032,38.5582580753376,-90.12377264899315,,4.713156045987192,
171635026033,38.548160018002214,-90.1367514368347,,4.105973685767472,
171635026034,38.55240426892394,-90.13991510901924,,1.0926464354280239,
171635027001,38.57946549209467,-90.12732979688249,,3.166609751486967,
171635028001,38.56996884298742,-90.105860487832,,5.017480935823195,
171635028002,38.56388570729149,-90.11285266222058,,2.6254250052723807,
170499508004,39.11908878189432,-88.58173841392639,,18.05260448861427,
171635032022,38.538473042428045,-90.04709977029704,,3.866085410526132,
171635032023,38.534798085576824,-90.06434401603542,,9.228727203507283,
171635032024,38.506552709136095,-90.06773747897805,,42.31588466017991,
171379514002,39.78243386520454,-90.44017725412677,,111.17716092910094,
171379515001,39.80126124628766,-90.07316930583946,,356.07141282957355,
171379520001,39.72703298066777,-90.2330169840891,,1.031279397696804,
171379516002,39.73526489875017,-90.22062650007909,,1.6632741213821283,
171379523002,39.574047240034794,-90.05083302780054,,172.71572899293486,
171379518001,39.73889652772131,-90.24282370355655,,1.150148707455568,
171150012001,39.82700690872324,-88.93019251795431,,5.612873767644066,
171379516003,39.730557480505524,-90.2066978326656,,4.031365199931887,
171379516004,39.72550642785105,-90.21873354639389,,1.3019421580788397,
171379517001,39.75058843018297,-90.24060750219779,,3.473610646617094,
171379517002,39.743373366832465,-90.2324129397233,,1.4415466420338396,
171379518002,39.732904326014875,-90.25061295188182,,1.1594726433315754,
171379519002,39.73247913785243,-90.26761027496023,,1.7117284268718738,
171379519004,39.74375982806171,-90.25370169080388,,3.200421197135665,
171379520002,39.71333629408484,-90.20813695570222,,29.319432952497824,
170699709001,37.5478429806089,-88.3501367371951,,206.43901748144964,
170699710001,37.523193580977406,-88.12912667959884,,152.19545555642694,
170699710002,37.53161711244878,-88.22869207755839,,221.07016006541548,
170898505001,42.098111343637036,-88.280671227284,,1.081294217561023,
171379521001,39.71283791057756,-90.22135908897683,,1.3013652798657689,
171379521003,39.700038818109526,-90.26545125334884,,35.603906019404555,
171379521004,39.698872929055476,-90.22430947479359,,3.7933841091341622,
171379522002,39.649701676853205,-90.2769975510986,,133.93092351223027,
171379522003,39.56297854121759,-90.247310835094,,152.67307474566488,
171379523003,39.59562412783184,-89.9654424092747,,9.263233949763862,
170898503021,42.11218613192412,-88.26793852562189,,3.869345501657585,
170898506002,42.091958359481936,-88.33389069089057,,13.874418230782245,
170898520021,41.90367927696392,-88.29210959890926,,1.4172580475717407,
170898516005,42.02795328727243,-88.29635881583161,,0.718792996261141,
170898519043,42.03711694519424,-88.33184683303799,,4.8235865043715735,
170898520014,41.941549514815286,-88.31102058808685,,5.423139104513384,
170898524032,41.903612116504554,-88.58521266712478,,8.575090095144349,
170898530042,41.803179536721856,-88.32712824737008,,1.964649799495298,
170898530043,41.80061842271991,-88.3415391993995,,3.1231218030834613,
170898540011,41.75643759413668,-88.36718466292756,,4.464363343077015,
170898540022,41.73490109639922,-88.33328334900622,,1.7729339790794527,
170898541001,41.75098379649397,-88.32063078768054,,1.0999220957486993,
170898541002,41.742732779761354,-88.32462127972387,,1.217302735766234,
170898541003,41.73677125971955,-88.31847272068201,,0.6063244815823334,
170978608071,42.451785556715016,-88.18100867223755,,34.86305460075896,
170978612014,42.369336396194015,-88.08367264841212,,1.3379545776138946,
170978615081,42.38147854344037,-87.93451725060017,,3.43925272027018,
170978618041,42.387400218329766,-87.8602563842292,,1.5114447341917592,
170978630051,42.30416194315333,-87.8489225292244,,1.8714372586463601,
170438455024,41.78503382595272,-87.95120079219902,,1.0420023463983965,
170438443091,41.84957558229779,-87.998300621987,,1.4926809042852138,
170438415012,41.88929120612978,-88.2307349075094,,21.521851570405758,
170438417054,41.89983854704539,-88.0712740089771,,1.994137330367107,
170438465072,41.772347173647745,-88.228949380115,,6.659376074691759,
170438463134,41.76450585172393,-88.09718984599716,,1.4372347071327551,
170438463132,41.768267472564965,-88.08195946081976,,1.9619760429084943,
170438463133,41.76692635205253,-88.071565727548,,1.790704501639561,
170438413102,41.942401987854836,-88.22849570221335,,8.054908397725676,
170438409073,41.948143234594376,-88.05655691954485,,2.6987334609876825,
170438409043,41.92693223487592,-88.04854031278273,,7.1759978899610415,
170438443092,41.85471053405753,-88.0033555646876,,3.032588845015366,
170438443081,41.84197296086975,-88.00310380770107,,2.3486001693498495,
170438455061,41.76977691235492,-87.98914697358354,,1.1399695432818215,
170438415011,41.874953269048795,-88.20755508526769,,1.5989710347407804,
170438443102,41.84447752835282,-88.01398819001406,,1.5622915197972616,
170438417072,41.89944401562807,-88.09719067139773,,0.819376167852927,
170438403031,41.93398326290715,-87.99865021506743,,0.8573291865728765,
170438412064,41.90790773528327,-88.13294539696827,,1.909731138258328,
170438416031,41.859208341929275,-88.19025100637832,,0.4732102829095444,
170438464113,41.78367974970657,-88.2179632436707,,1.027231862668883,
170438425003,41.86311255022305,-88.10747749331117,,0.9815783425584891,
170438464103,41.7795432041989,-88.219495607188,,1.6310961196633598,
170438425002,41.85726171464274,-88.10810709140762,,0.9129606768064779,
170438443101,41.839591940325306,-88.02110005549285,,1.8238752227494341,
170438417071,41.899272596553146,-88.0873710648597,,1.3204478686093208,
170438417081,41.89116525123682,-88.09236665281902,,1.9444583889326912,
170438417053,41.89753436622179,-88.07843124305509,,0.34664319817040895,
170438435004,41.886790690660334,-88.02531705550368,,0.8616694338208843,
170438417083,41.8926452473488,-88.09911447133179,,0.46074549200972037,
170438417082,41.895359184336954,-88.09753228885,,0.5066640821788575,
170438435002,41.88320073678066,-88.02136279979702,,1.647671887298793,
170438443051,41.83841682974639,-88.02957763764552,,1.3371983167795671,
170438455025,41.77816019029377,-87.95243452945451,,0.22769397264927704,
171919550004,38.44470162984789,-88.59842235057877,,350.59892128478714,
171919549002,38.43568620022244,-88.26051756099467,,327.9130603504901,
171919549004,38.31846945427391,-88.214255697599,,256.71852021608544,
171919550002,38.54719503197291,-88.46119800643332,,277.05594179396115,
171919549001,38.53897559295377,-88.25725493593306,,426.9303587684081,
171919550003,38.54887587531154,-88.61076785766598,,275.2138430022216,
171919549003,38.3151041264207,-88.32204462179412,,160.95789091905306,
171919553004,38.32015512902546,-88.64201411051407,,252.22546391798582,
171919553002,38.34624190726289,-88.54413660746314,,120.37859563288166,
170318264012,41.63944198619185,-87.59444451967086,,4.950638799759887,
170318234001,41.67155492235442,-87.68713030461234,,0.44694200228539893,
171939582002,38.229375386883525,-88.02854721410573,,80.2385596270438,
171939583002,38.19315077222542,-88.31346366216651,,248.51465222903175,
170619740001,39.35322419545657,-90.33109215004357,,171.9056521837619,
170619738002,39.41463453542589,-90.51928013506398,,630.3205544272568,
170619740003,39.282454762600516,-90.44601494997677,,51.156018558014495,
170619740004,39.27832373913914,-90.36015021074452,,73.2672332557384,
170619737001,39.49508524470803,-90.36403328777982,,13.980423328344571,
170619740002,39.33471572531831,-90.43962099694146,,88.51825482730005,
170619736001,39.3252305077151,-90.23009684314971,,104.46980628286995,
170619736003,39.44515271494808,-90.26872380054817,,577.1516415309145,
171610237002,41.48763627698177,-90.59551933377183,,4.291992446861562,
170978637011,42.29803771056888,-87.93428771025782,,6.305105123328044,
170978608072,42.420058186134504,-88.17923152925627,,3.994989941267427,
170978645181,42.175754069125965,-87.95957122879412,,1.7411429476389748,
170978637013,42.294627143925176,-87.94821913982359,,4.168560399207492,
170978641052,42.27331359760045,-88.04851235932038,,7.002636688303885,
170978633002,42.28783177098736,-87.83236569478413,,14.078452030306515,
170313815001,41.81019270916362,-87.62286192225005,237.0,0.19576450171756415,1210.6382818164227
170313817001,41.80555034996112,-87.62744628128952,0.0,0.3544582855149081,0.0
170313818001,41.80448328640941,-87.62178892804825,710.0,0.3370181383646881,2106.711536195442
170313818002,41.8029493676236,-87.6203612019584,478.0,0.23816165151433444,2007.0401635220026
170313819001,41.80392893519497,-87.6126398054328,583.0,0.15917220552617606,3662.6997664119503
170313819002,41.80398377280581,-87.6151973904067,712.0,0.1518477249048225,4688.907920393793
170313901001,41.81384346851246,-87.59063025494083,1268.0,1.5183782813870519,835.1015129389699
170313902001,41.812805430285046,-87.59821177011392,1007.0,0.2523058556273918,3991.1875905375314
170313903002,41.81388009115701,-87.60413506203216,1931.0,0.4761231135065213,4055.6737222410684
170313904001,41.80594144078306,-87.60272463610241,1255.0,0.2649784669728597,4736.233907370831
170314605003,41.74171455257172,-87.56823737034922,1108.0,0.42249169011704835,2622.53678810354
170314605004,41.74430696825541,-87.57299705557462,602.0,0.2788006189505651,2159.24915183471
170314605005,41.74694530191675,-87.57534770437836,777.0,0.28007592693943084,2774.2477137923884
170314605006,41.74888409059539,-87.57626024615215,748.0,0.31429250857893,2379.948549782728
170314605007,41.7506616654614,-87.57786226219568,1081.0,0.41223468822569304,2622.2926669581157
170315501001,41.667578993330274,-87.53150108914443,1058.0,7.886903108701639,134.1464432132691
170315501002,41.648112901198374,-87.53262402766887,813.0,1.772864719073701,458.5798291619126
170315501003,41.64921241611183,-87.54338489028432,1441.0,0.6768075074104302,2129.1134986275315
170316201001,41.80057173251179,-87.71765253485725,1220.0,0.6903700088054027,1767.168307486379
170316120001,41.79965619731633,-87.65319136020833,532.0,0.22010035057548016,2417.079294099345
170316201002,41.79682134712701,-87.71835770235053,1922.0,0.5186135356016836,3706.035165029273
170316201003,41.79419897357605,-87.71831064068952,1147.0,0.2992282488444561,3833.194240281204
170316202001,41.79597756505383,-87.72643598510487,983.0,0.6489546028184919,1514.7438599413683
170316202002,41.794762707955364,-87.73388837980248,1240.0,0.3900613716712844,3178.986923742304
170316203003,41.78951167135111,-87.72918174902134,1092.0,0.29605182538503017,3688.5433777677254
170312515002,41.889474710853484,-87.75792262749992,957.0,0.2852411347812124,3355.056067681279
170312515003,41.893602022745576,-87.7619195001841,1075.0,0.23373574880234377,4599.210884549212
170312516001,41.8931502858631,-87.75064255389918,1377.0,0.29577044407741937,4655.63759859509
170312516002,41.88959990869407,-87.75051174210034,1105.0,0.2825317122874758,3911.06538467322
170312516003,41.89138834215631,-87.75424713435694,1167.0,0.28995016837046583,4024.829530393437
170318314001,41.869475095513856,-87.74731925632392,711.0,1.7629840079668595,403.29350509534817
170312607001,41.87932216723121,-87.72807605038781,747.0,0.2243479689918882,3329.649041873027
170318272004,41.60375717407876,-87.6324091827571,,0.8510651662436953,
170318238011,41.65669710200869,-87.89122644604953,,19.127887602564016,
171379522001,39.62635625445688,-90.15218998261088,,339.50224618673366,
171379514001,39.83141572294706,-90.39271454142326,,263.54371041540753,
171379516001,39.745066811406076,-90.21809669237624,,3.727627616943646,
171379521002,39.712347965154464,-90.23392283318215,,1.1055434372117778,
171379518003,39.73369725757274,-90.23908429482529,,0.6847512144197627,
171379515003,39.72969439452013,-90.31983179394084,,120.4129657965616,
171379515002,39.815360993224544,-90.22401641727824,,294.0395683428254,
171379523001,39.675162429645475,-90.03076529759961,,260.24662705223534,
171978829002,41.50025628721433,-88.12333573298585,,12.37239395746814,
171978838103,41.46396574158055,-87.60001386971719,,2.9719590418101864,
171978811051,41.54850025694939,-87.9392769546906,,14.437684165681114,
170318419002,41.865181967270125,-87.64192652533585,3084.0,3.0810183673226246,1000.9677425843996
170312838001,41.8656259225837,-87.65377984084496,766.0,0.25488921512176216,3005.2271910919303
170312838002,41.86208896264648,-87.65373961950567,2922.0,0.4239702250602128,6891.993416719331
171978809011,41.56673300228347,-88.13661295455974,,1.7603145670669031,
171978840061,41.25947129920689,-88.06423070494395,,118.5969406764778,
171978836061,41.44211895858867,-87.71199195235191,,33.92000143905309,
171978803071,41.71452137786841,-88.19130597098533,,1.259505972540108,
171978833061,41.404681137615356,-88.24611900632898,,3.855938655505124,
171978838032,41.46342573856299,-87.66248113942996,,3.7229588524454145,
170315501005,41.67368609776443,-87.54058155421247,779.0,3.554448150446348,219.16200969260936
170315502001,41.663370767175756,-87.55530866780043,1862.0,1.1299403749100787,1647.8745616539095
170315601001,41.81533864462364,-87.74127306944958,1473.0,1.3384005044805298,1100.5674273648842
170699709003,37.45390542896482,-88.37813476482951,,88.01031962917882,
171978801182,41.71780585385644,-88.1228974683383,,1.1503577976512045,
171978801142,41.68711190527943,-88.0848230056708,,0.5735070132997582,
170316304001,41.799121326990324,-87.69639171777858,1731.0,0.2965226494258226,5837.665363343594
170316203004,41.7913032360852,-87.73229719879734,978.0,0.2222136539072102,4401.169697737762
170316203005,41.78734122612126,-87.73343232051882,822.0,0.335866411294129,2447.401622665234
170316204001,41.79150319505977,-87.71578277841733,1407.0,0.2925617961795074,4809.240366902539
170316204002,41.78786474729477,-87.7156523063889,1389.0,0.29701721388841135,4676.496630669507
170316204003,41.78779506251032,-87.72056005150236,1106.0,0.29663580641590775,3728.477736262551
170316204004,41.791426489171016,-87.72065977269725,1296.0,0.29523246713777024,4389.761101021527
170316303002,41.798835180839,-87.7090584484696,3026.0,1.3280306298911804,2278.561903536782
170316304002,41.795471939393785,-87.69628900942719,1575.0,0.29607635847402186,5319.573667136252
170316304003,41.795384312466,-87.70116963426744,1909.0,0.2961726575025887,6445.564611187359
171179568003,39.03108808061901,-89.87123375669526,,114.91123048792213,
171179568001,39.07713160812017,-89.83579611369143,,63.046220519051374,
171179562003,39.47747165087454,-90.06978667025918,,239.1972820136525,
171179567001,39.10611249634165,-89.97599701089065,,155.7170685565225,
171179565002,39.21550895696542,-90.09679212335956,,161.94499901566684,
171179561003,39.4707213460402,-89.82656453456768,,117.42308729884104,
171179572002,39.0163337209896,-89.78627792052215,,1.2028421589802991,
171179568002,39.13238096031943,-89.88334035483655,,138.1545774657508,
171179561001,39.46760110575926,-89.74114587900269,,124.36970303105,
171179565001,39.30379961643788,-90.02615893185816,,330.2013065956303,
170318386002,41.867850135969015,-87.69838444131622,1023.0,0.2223974470114391,4599.872947045933
170318386001,41.86779637704386,-87.7032673346481,575.0,0.22198518949985327,2590.2628967973565
170318430001,41.868149381869976,-87.71295155422334,1225.0,0.8790484434336912,1393.552322571634
170313904002,41.80591060357154,-87.60515310057966,1679.0,0.32273323458090164,5202.439104792953
171179562001,39.46740850232221,-89.9252550960021,,198.29585012459475,
171179566003,39.044032652491275,-90.14085091733497,,1.658987762707547,
171179566001,39.13557883508756,-90.07951147589006,,129.23021095090422,
171179562004,39.38482131374481,-90.04473210705869,,276.0693486012474,
171179563003,39.27923562521789,-89.78723374732338,,169.60364501733943,
171179570004,39.094695746296686,-89.80464494386248,,2.152083097675585,
171179565003,39.21082487390154,-89.97558293310966,,217.01871368528276,
171179563001,39.212569361484604,-89.80303450758669,,241.778830661707,
171179566002,39.070785535177826,-90.0927680955743,,104.47515609420782,
170313905001,41.80597827542904,-87.59919872941842,1598.0,0.5880996705839223,2717.2264837580183
170313906001,41.80802152746381,-87.59407120341129,812.0,0.24239620678164053,3349.887404514872
170313906002,41.80459957892782,-87.5945481336227,1054.0,0.3422990177434195,3079.1791543791614
170313907002,41.80502753281466,-87.5904383965109,1444.0,0.28091882746166025,5140.274908050002
170318361001,41.80032804228396,-87.61203674576599,934.0,0.6916357001995664,1350.4219052465064
170318361002,41.799383454641365,-87.62404028114673,56.0,0.857882982525077,65.27696800229168
170314801001,41.735320036820944,-87.56959357575062,954.0,0.4435568748670459,2150.7952058818996
170314802001,41.73506684198564,-87.5874546460565,645.0,0.22421184435597927,2876.7436522039347
170314803001,41.72919432849311,-87.58797258125337,901.0,0.7470111539750728,1206.1399554819307
170314804001,41.7316756427502,-87.56889771226078,835.0,0.3684939897260274,2265.9799705846394
170314804002,41.72802497101752,-87.56880442592474,768.0,0.3688705730945798,2082.0310862885826
170314804003,41.72479420526815,-87.57556521694926,1170.0,0.861689078635869,1357.7983393409313
170314804004,41.726984945534205,-87.57862663139554,793.0,0.41222765059257716,1923.6943442781255
170314804005,41.72880785366349,-87.57866735852544,610.0,0.41147235850968517,1482.4811129704158
170315602001,41.81355929269152,-87.74810978889491,295.0,0.4596914040869956,641.734862512617
170315602002,41.809933549710756,-87.74765000540205,0.0,0.7329353748162195,0.0
170315604001,41.80400634893112,-87.74061436949799,1516.0,0.6116852505216561,2478.398814925042
171978810061,41.63756246711691,-87.92436626431015,,2.956162979575823,
171979800001,41.36726170232511,-88.09956343606163,,133.639284445334,
171978833062,41.41600531473125,-88.18479292074235,,121.46778578189188,
171978811053,41.52909758123376,-87.92567295624744,,13.139550208889617,
171978835171,41.521275589023155,-87.89911695634058,,4.2421582204282515,
171978835223,41.52371594492072,-87.8684939910751,,7.118807611005125,
171978835152,41.51390871027816,-87.86064836102823,,4.435043051819136,
171978835151,41.50673669055052,-87.89288953724748,,7.905985695949411,
171978822002,41.52919206676546,-88.05565068254991,,1.9698554505395969,
171978819004,41.53132279059067,-88.08973794919324,,0.39283421240074395,
170438458091,41.73172762366923,-88.01769174731095,,0.9758580677028292,
171519712002,37.43918537196497,-88.61525033537549,,378.0432460418132,
171519713002,37.20289826804587,-88.50091054620448,,259.438370391235,
171978832133,41.513506563165855,-88.23736463092675,,7.115927217419409,
171978816042,41.548004144877886,-88.13907038479626,,0.6338198242380113,
170898503011,42.1349857660609,-88.27003522548803,,1.5209313377348992,
172010006004,42.270674405957074,-89.05310364167202,,0.94418257630262,
171978811151,41.51057209870978,-87.95227314448441,,3.623496737156645,
170898501011,42.13449332782224,-88.25148408440606,,0.9720567437854358,
170898510001,42.062817935572895,-88.3041402398297,,3.23918188849478,
170898519093,42.04775804239468,-88.33052033554416,,2.5608030766049463,
170898519091,42.04674533608372,-88.31951587671193,,1.268830598580561,
171978835101,41.44800197766637,-87.95960548103342,,78.33628329286842,
171978801181,41.72227808625876,-88.10475050410626,,2.096661554869527,
171978801133,41.69203763577791,-88.06634473094375,,0.2236743861702379,
171978811133,41.47630309671622,-87.93363201318758,,12.923764984163855,
171978832131,41.51508960541594,-88.2032050337043,,4.525029190395979,
171978835102,41.43298247335976,-87.98950140330135,,3.188358144782502,
171978814021,41.548576372129325,-88.10467804214404,,0.7248005749182429,
171978811082,41.54072784406005,-88.01458931760367,,8.637269847217222,
170599728001,37.75609987773702,-88.11295005595687,,160.59862062428638,
170599727003,37.80132921153634,-88.32034699133766,,200.23919767896442,
170599728002,37.74454985558961,-88.21541150923441,,51.57400776506572,
170599728003,37.66951006557801,-88.20406694742495,,192.70532730809433,
170599727002,37.86788671931363,-88.25347534361492,,233.93105660232573,
170599728004,37.661336801226255,-88.30857544877993,,280.59109918791535,
170599727001,37.83019491096226,-88.14546334116682,,242.35558451616038,
170539619002,40.503041492110256,-88.37080142515256,,591.2154141273286,
171699703002,40.06657163336814,-90.51207486572673,,435.3298961529585,
171499525003,39.6954391467623,-91.22026285752418,,434.92377665991967,
171978801171,41.71611115998082,-88.03598035284185,,3.6049322981078693,
171978804083,41.63101882890377,-88.1592025551402,,1.6135564874164865,
171978804081,41.62681815477088,-88.15209819319419,,1.2898840990862313,
171978804082,41.63369625147041,-88.14903506755948,,1.387083218140189,
171978805032,41.62722267639441,-88.13198517252418,,1.8527705340638767,
171978810121,41.60699993365159,-87.94199877556854,,3.652594779139481,
171978835161,41.477309769571775,-87.89245632008777,,6.577718520012352,
171978828022,41.515663358134994,-88.13075700832847,,2.0687887577328143,
171978832161,41.52959821068971,-88.21387364874437,,1.9752558241565494,
171978832132,41.51384032364025,-88.2176563524799,,2.27803054193103,
171978805033,41.63525827763297,-88.13187611762218,,1.8489844830332074,
171978801161,41.710158757066665,-88.05385106774118,,1.2350327436635515,
171430036024,40.9150793814231,-89.51671954846022,,8.316814604939772,
171978838112,41.43178763432952,-87.60373273143712,,33.86542448835253,
171978802031,41.65127845731981,-88.08592523107843,,1.2259775935865163,
171978804121,41.56913174443055,-88.15438556349133,,1.8822228254498263,
170190103002,40.29262285450561,-88.13811320032535,,10.272304912998402,
170190102042,40.30750236694346,-88.15512451390802,,1.6641424148562127,
171978813011,41.54077783250913,-88.06215522896812,,0.750066949559221,
171194038024,38.90674403919223,-89.66713835738719,,218.85759523673664,
171194035332,38.71967907931505,-89.94182995102226,,7.826782161237214,
171194040003,38.70398538402542,-90.15004496870658,,0.7039140716624396,
171194001024,38.70600661569482,-90.1295167335807,,0.569742068982675,
171978834021,41.32903365622088,-88.21196868114973,,99.77684147471835,
171978802021,41.6662037561736,-88.05018425562257,,39.86071667151695,
171978823001,41.52595635205189,-88.03363382645324,,2.504731229437651,
170950001004,41.05950635482218,-90.20371301645267,,76.14159423845868,
170950002003,41.02874348316125,-90.26629018417682,,17.60844813252608,
170950003002,40.965384465453155,-90.3587338394224,,0.806617757075723,
170950003003,40.965302313159626,-90.34997537806649,,0.7821285711664538,
170950003004,40.96028031083112,-90.35481156400617,,1.121084489567095,
170950003005,40.957870429477666,-90.36039927680837,,0.7537556714980853,
171978801173,41.716411461991996,-88.04699271760735,,0.45796251423085166,
171978816012,41.5332164088917,-88.13800692126644,,0.7634317275519881,
171978832063,41.525800544302705,-88.14592845237752,,1.2219280391442513,
171978806021,41.59065767079372,-88.05973244143495,,3.0339300288450577,
171978807023,41.564241831743246,-88.05669301642921,,2.954873929918188,
170950003006,40.953574614162946,-90.35909490350382,,0.7194277347122646,
170950004004,40.96532016016788,-90.37403804945176,,1.2103599996240497,
170950005001,40.95932478214682,-90.38713942084543,,0.8227288553887766,
170950005003,40.948493109199994,-90.39431088843295,,0.8846109882592873,
170950005004,40.952988493060616,-90.3890450009292,,0.7094738706309359,
170950005005,40.94843731984322,-90.38774157967703,,0.8112343582869898,
171978827011,41.5285232652566,-88.10820844522323,,0.8589022267369939,
171978801063,41.69434129015973,-88.0920339711211,,1.1293565625288886,
171978801121,41.70167595490075,-88.04022824630157,,1.112571847387855,
171978801052,41.69798284132836,-88.09936052663838,,1.4210699058767633,
171978801051,41.69482105244422,-88.11566858079462,,1.6834999452890542,
171978801061,41.704484426904614,-88.0925513221819,,0.7419514817472042,
171978801062,41.7001455174091,-88.09163584167159,,0.6049564313480559,
171978810011,41.61989165411353,-88.0165948523518,,4.633009186100586,
171978815001,41.540864910187025,-88.12151611025044,,0.9279044532065865,
170950006002,40.95870419445069,-90.37811206171078,,1.2292954470828756,
170950006003,40.95108195075113,-90.37931829684695,,1.0927608266929498,
170950006004,40.95440477090827,-90.3693275650738,,1.0442568925188394,
170950007001,40.95933480652103,-90.33954119470513,,4.478102043504955,
170950007002,40.94999800518539,-90.35379421389523,,0.7648356568703032,
170950010002,40.94422695371608,-90.3585594070661,,0.7267054420874247,
171978801072,41.70616649903639,-88.073558079096,,0.7976894847583772,
171978801073,41.702363251314914,-88.08330048521549,,1.3213497149737896,
171978801091,41.72261690806808,-88.05315672366966,,1.0307979950619184,
171336001021,38.41328117843549,-90.22243758252213,,111.49277258767678,
171336005021,38.26444080868581,-89.9705769432526,,166.91330940901173,
171336004012,38.332147407595755,-90.08508288987497,,61.25498988083949,
171336004021,38.34279179266071,-90.31423608068806,,164.64417540355674,
172010007004,42.27082029831256,-89.06495213413439,,0.7115232462206803,
172010043003,42.244298803516834,-89.33905170231117,,163.2964473405702,
172010037072,42.198542063706164,-89.00993721272376,,11.721476343483172,
172010041002,42.436542178819124,-89.32558541434177,,18.121588769795267,
172010025001,42.27870457115066,-89.12082240778439,,0.7507728261870631,
172010036043,42.30346618313475,-89.09188680589533,,0.7478536261145071,
172010005012,42.24909545778343,-89.00529099358175,,1.5238184005533504,
172010011002,42.262614862562735,-89.08278422517914,,0.572805238522804,
171336005011,38.26761575842426,-90.20410235275823,,147.17534981293747,
171336005012,38.26926786181527,-90.09531159263447,,157.66050372973785,
171978811071,41.52105510110143,-87.9675442026276,,2.2221007011129372,
170950007003,40.94964117471516,-90.34311056640274,,1.0568925457073917,
170950008001,40.94933062114443,-90.36718728470069,,1.02527553370339,
170950008002,40.943627284071056,-90.36993071423915,,1.586921662944984,
170950010003,40.93750220649185,-90.35287213229567,,1.3849463900935401,
170950010004,40.92736380434514,-90.36161060368035,,9.352930349356622,
171194018004,38.88006798991142,-90.08810842260567,,1.9418594799163078,
171978801092,41.72496770742804,-88.0426016815066,,2.057485022555516,
171978801172,41.71081002578673,-88.04556899632396,,1.4108567868842392,
171194019011,38.878951806590024,-90.05210284689497,,13.494533422342215,
171610240002,41.430999280229635,-90.47962681317959,,16.561858477611434,
171610241022,41.41772886566172,-90.72326343877813,,48.503834087066934,
172010039012,42.42414842521842,-89.0417362059356,,7.009637811360184,
172010007002,42.27585338947948,-89.06168741748873,,0.4853595566217449,
172010038013,42.40181466258542,-89.048169800046,,19.636518926170428,
172010014003,42.254942351777274,-89.06249940236458,,0.4567148816791277,
172010038051,42.38713775620243,-89.0352229520379,,8.18383633563613,
172010037052,42.23328432264298,-88.94604806080213,,2.1389156063954107,
171430030002,40.750725254725445,-89.61998484366804,,1.8538346242829626,
170950011001,40.94185818130374,-90.33974183875962,,2.822598006876828,
171978801162,41.70996848047719,-88.06252344550506,,1.2859634898803853,
171978801111,41.702212608223505,-88.06394766204517,,1.0635739968683473,
171978801112,41.70233633054418,-88.05717609857895,,0.605417109058678,
171978801113,41.70251112925703,-88.0511646272203,,0.8125396798911156,
171978801122,41.7045492596929,-88.04192375938474,,0.7513635606144033,
171610244001,41.47498738209464,-90.5845596134424,,0.7921274514939831,
171610244002,41.476256842099474,-90.5971609717204,,5.925374394999523,
171194019012,38.85631064280757,-90.04881416917645,,4.690856033717066,
171610243002,41.45527838544304,-90.59662943566983,,19.28190210609351,
171430030003,40.75126765993685,-89.63915572527104,,2.483389713887726,
171430030004,40.757156580455806,-89.6318124789877,,1.440404106687016,
171430030005,40.75716647929045,-89.62465575522417,,0.6744784412664645,
171430032001,40.76874354164505,-89.60650684416022,,1.1876205697240036,
171819504003,37.43571616435374,-89.24083017148497,,21.48998280172216,
171819501003,37.51446386250206,-89.20207297944698,,124.29175856390951,
171978801132,41.69589856692339,-88.05348737174127,,0.944627309074498,
171978802022,41.671172915671484,-88.07620566419389,,5.948106334336881,
170450704001,39.593875313917984,-87.70808356481415,,23.86757883448502,
172010037092,42.234913937106505,-89.02122897867099,,2.986665424981026,
171978801192,41.71416770223212,-88.13928033097216,,4.454611691765298,
171978801183,41.7168960753276,-88.11149362512667,,3.184359729904512,
171978801184,41.720669016772376,-88.08260025582271,,7.441260417083312,
171978803094,41.68391783122437,-88.19945377898647,,1.2443166685406821,
171670024003,39.77938176791448,-89.61229489732263,,4.702565993936889,
171670031002,39.7430869050463,-89.59872512039573,,15.235120897690566,
171670031005,39.696297289729785,-89.66221734446322,,18.814049000123465,
171194020002,38.913264818756964,-90.15676978138141,,2.268565320257385,
171194021002,38.90351563600751,-90.16307375478338,,2.722912348160002,
171194021003,38.90953307349672,-90.17771225506253,,2.9021058925941574,
171194022001,38.91510281193394,-90.1857871211552,,1.8433916046256078,
172010038012,42.36940331205296,-89.12603582182112,,135.15605613541328,
172010038053,42.37932302405165,-89.03132578999325,,4.1700836309244025,
172010038054,42.373636771360495,-89.04339653430692,,1.380880556154279,
171830002001,40.11982087625719,-87.61472768129221,,1.2402291903539577,
171830003001,40.132238016630296,-87.60741078519295,,1.2390057627193942,
171830003002,40.121412796633656,-87.60662502188207,,2.1683733478468787,
171830102003,40.455896987142154,-87.65076036780023,,14.301109455979882,
171830102004,40.464328847496326,-87.66618601412125,,1.1193209598661409,
171830102005,40.46440535201631,-87.67881391119622,,1.3659753809654405,
171830102006,40.453585791105084,-87.67924569704043,,4.213085146226034,
171830104002,40.25295877664615,-87.6207032917764,,19.960595507519592,
172010038081,42.35861873819933,-89.02109515992005,,3.299754538014133,
171194009522,38.728026718139084,-90.08448533338282,,7.339685805749444,
171194010001,38.844027634842,-90.0602735173678,,11.702803026202584,
171194010002,38.85062205285786,-90.0811844710782,,0.5426546024927607,
171194010003,38.84586791419271,-90.07899804603419,,0.4773122606090025,
171819505003,37.35125695398478,-89.17049948309396,,17.43663882675378,
171830004002,40.14164616045408,-87.60325999424164,,2.6575897255883807,
171830005001,40.14779549198427,-87.62131165616799,,4.180780903285369,
171950015003,41.779132276002315,-89.6928057232686,,1.004795437305267,
171950015004,41.77557456240449,-89.69597309771186,,0.6506898031932764,
170159601002,42.15484253234163,-89.74064673240561,,2.4342181064620037,
170159601003,42.10999790668416,-89.84235009610732,,9.708998144095656,
170159601004,42.110540164275704,-89.81796568088743,,14.069497222212044,
172010038082,42.346689581423504,-89.02334474148091,,2.600229070877355,
172010038091,42.33181992339641,-89.01113497485896,,4.26328165515448,
172010038092,42.322021544349624,-89.00737061418174,,1.9406961635653006,
172010038093,42.32214609372088,-89.02191205804948,,1.6545810461829191,
172010039032,42.42094858089444,-88.9632575581494,,10.995367769363549,
171194013003,38.876035581996156,-90.10294018498821,,0.9637115434693191,
171194013004,38.87917068804482,-90.1141011882571,,6.195298299456375,
171819503002,37.44225686383759,-89.28100094164667,,14.606023839755599,
171819505002,37.360209690146604,-89.25878353884184,,132.35828117583566,
171819501001,37.51405423609026,-89.09294361788469,,230.80943131510804,
171819502002,37.51537168252434,-89.41002983279739,,405.52878141666224,
171819505001,37.404509776973946,-89.30110881102935,,303.5563385913168,
171819505004,37.38805577232008,-89.09944050224875,,190.83510791735986,
171819502001,37.53615519611771,-89.2964610404878,,149.33585458331152,
171819504002,37.466550753206256,-89.24763703287127,,2.5089891092164573,
171819501002,37.572230060969865,-89.18572054657359,,114.10814289826425,
171819501004,37.52997623546188,-89.25468426832892,,2.907828044225933,
171819504001,37.46931516452358,-89.23280947655391,,15.086189095829221,
171830006001,40.14150699411622,-87.62607552032654,,1.2773723715945122,
171830006002,40.140172777659416,-87.63292294260782,,0.9611553906325098,
171830007001,40.15583954103376,-87.66592704499853,,18.16863528783177,
171194014002,38.8900385135958,-90.12602103621332,,0.6873096955176842,
171819503001,37.46346700551987,-89.27133055886307,,8.447517581052981,
171118712011,42.234122927564286,-88.34572119918961,,3.7104852879298647,
171118712013,42.22235028508965,-88.34068321128743,,0.5889090081620719,
171118712014,42.209512042906546,-88.34721450351378,,2.713363361197734,
171830007002,40.151101397472516,-87.63291175145699,,0.9215303979954769,
171830007003,40.149474374015284,-87.63987755194387,,1.118224603331617,
171830005002,40.1551117806661,-87.61035557022859,,2.311172811707853,
171118712021,42.221688677777834,-88.33539947672259,,1.6269319070274901,
171118712022,42.22332169014966,-88.32815696673086,,0.9355589665652215,
171950016001,41.77887341064987,-89.71115432074608,,4.130375749448477,
171950016003,41.769660450022656,-89.69359890653664,,0.8643564683818066,
170159603003,42.088354276599475,-90.12353804220083,,3.36760233615134,
170159604002,42.09699641240167,-89.97627460708624,,0.9024775974592485,
170279004011,38.639975524063246,-89.20343790150113,,343.2985234963275,
170279006025,38.52980202580767,-89.5746392246355,,76.24908191971664,
171118712023,42.216071478850495,-88.3222031856003,,1.340583659649658,
171118712024,42.21608384733288,-88.33084611185522,,0.9468150906670539,
171118712051,42.1825432771061,-88.31114613500223,,2.133500841081676,
171118712052,42.18068735104675,-88.3240850717415,,2.177441007131587,
172010039042,42.43027898225785,-88.99948305129264,,10.060633475080943,
172010040022,42.45620959817758,-89.06525761282768,,2.655168880069577,
172010040023,42.46320107564212,-89.04960958898575,,4.951535029105204,
170999619004,41.551500445723626,-89.11922197008045,,0.9147319353244081,
172010040024,42.44415399962822,-89.0477123152724,,7.229010342243504,
171194014004,38.896286725564224,-90.13698346942108,,0.6122328226089946,
171194015001,38.894714583423024,-90.13975068127841,,0.7665030365989928,
171194015002,38.89139759259621,-90.14334773723722,,0.7504806544003795,
171194015003,38.88309859369553,-90.13562660697283,,4.570756879693041,
171194017212,38.91700211184346,-90.04291240220729,,5.1968898698638455,
171819504004,37.44815472393038,-89.23172694210767,,5.392277095706578,
171194014003,38.894443529015604,-90.12816799193813,,0.6132573064826474,
171118712053,42.18700704080626,-88.32090802466114,,0.7742854236188296,
171118712062,42.16092908285654,-88.32170183870326,,2.6369064623924254,
171118713012,42.23850733002535,-88.32200049729919,,0.805587613647431,
171118713013,42.23153366330326,-88.32321891052725,,2.5742397769972745,
170159606001,41.95252056643884,-90.11630367281623,,59.02369447762296,
170999630004,41.3319971249228,-89.10890919874667,,0.8695459162116704,
170999632001,41.32608973581218,-89.11832951571506,,2.68943800112793,
170999632002,41.32573366670584,-89.13634771526361,,0.549403078735792,
170999633002,41.32069735462356,-89.10218550068426,,4.918660149068168,
170999633003,41.32483153591855,-89.0900706223834,,2.281201018716637,
170999637005,41.15126013890254,-88.69888685700829,,321.5735503991015,
170810511001,38.29982566213518,-88.90766863313628,,4.840265000968513,
172010039043,42.41663562456205,-89.00963279047988,,7.104263527702944,
171610236002,41.49819988176561,-90.59408712561964,,0.9236410296441154,
171950017002,41.765062485709734,-89.70849159975218,,3.4211125868113665,
171950006004,41.73992042525634,-89.91847432145906,,106.84535793226037,
171950009002,41.816784004132,-89.73360370958426,,29.50853086675963,
171950017003,41.7571167540129,-89.67505386903213,,8.62179784122244,
171118713014,42.23380423228142,-88.30147115658968,,7.299698292694489,
171118713042,42.238148026870256,-88.24982112428098,,0.9930362681922643,
171118713071,42.214334777701794,-88.21388185230803,,5.326634599864219,
170999634001,41.30103283194872,-89.05588615482036,,3.454234734707864,
170999634002,41.308559455304106,-89.07870361658615,,9.88023180582578,
170999634003,41.29465942918484,-89.06071678864107,,0.8475693301882016,
170999635001,41.32048311051301,-88.81966468598989,,11.953359980356298,
170999635002,41.329473469349466,-88.84077811962182,,0.7154526874832218,
170999635003,41.315851590180856,-88.84276867980095,,4.182214103220393,
171194017221,38.904004685345875,-90.04923792108515,,1.6137906439075975,
171194017222,38.90606999084936,-90.03532591799694,,2.106086702070911,
171194018001,38.894084976265724,-90.08707063980857,,4.484778994847756,
171194018002,38.895213083976195,-90.06977943295895,,5.129668065543577,
171194018003,38.8768073337896,-90.07100598073659,,7.499648817429703,
171118713072,42.206425191872924,-88.21695385079018,,2.3944303801757663,
171118713073,42.213613575969184,-88.23474267960005,,2.1477277099310808,
171118716001,42.20482587938242,-88.25124321944948,,1.3635731389780272,
170999639004,41.12417718640763,-88.83516050918946,,0.7981720804992111,
170999640002,41.24014777665248,-88.87619035795063,,96.99926950610428,
170999641002,41.148296713342994,-89.10516651640327,,166.25164753561032,
170999642001,41.11612955440542,-88.83345348964514,,0.6432464487544324,
170999642002,41.10933241932895,-88.84065889741875,,1.7601792835541143,
170999642003,41.115878803219616,-88.84478581937809,,2.564234214407536,
171610241034,41.35921607294636,-90.62190275521758,,91.48524078834781,
171610242001,41.43570157579319,-90.55689086439591,,5.010818827663018,
171610242002,41.435241789598905,-90.57720467551131,,4.887920547749924,
171610242003,41.435524951741556,-90.60348482553648,,8.6038380281518,
171610243001,41.45622669592025,-90.56061870444242,,6.320454056037688,
171118713101,42.16115193827732,-88.31099907876124,,2.6819183416388412,
171118714021,42.20031548132838,-88.21184477558221,,3.3074841990762804,
171118714022,42.1955967625515,-88.22734552718853,,1.5152155363016986,
170999643001,41.12072603480725,-88.82048208202865,,1.432369139044971,
170999643002,41.12184645072365,-88.82810755153182,,0.8822374193551039,
170999643003,41.11203413621194,-88.82796344190743,,1.3529067631382812,
170999643004,41.11100240106818,-88.8202933704693,,1.2044625468424628,
171118714024,42.16672270498041,-88.22391803343001,,21.745436196673555,
171118714041,42.16351099283492,-88.27638887773357,,2.716179446572596,
171118714042,42.16024491029976,-88.2654781659695,,3.3716016904992103,
171118706031,42.36737410012575,-88.29430518941233,,12.084469596546159,
171279704001,37.14965781398973,-88.69797050075687,,13.372072348436655,
171279704002,37.15107878817076,-88.7233388585387,,2.439444119793438,
171090111001,40.410793776396346,-90.85485636790922,,186.92449682929717,
171090111004,40.33018589737876,-90.78461542739076,,344.54174421348483,
171090110003,40.33835144006399,-90.5728911305766,,431.50449906063676,
171090102003,40.55123146405382,-90.87201080687234,,8.252446017496275,
171090109001,40.45601012208841,-90.68022626621645,,1.0287886057126372,
171090101001,40.590549303876934,-90.50221673059737,,139.89116875936264,
171090101005,40.54525953365116,-90.49602414432802,,5.191057334071288,
171090102002,40.56160591032712,-90.81769046659034,,450.70626070814205,
171090103002,40.41744750882197,-90.72193143514461,,110.93245243991515,
171090101004,40.55489691353016,-90.49269854485829,,4.865019382628638,
171090110002,40.43466777185084,-90.52313947294451,,285.893408482403,
171090101002,40.56396802625136,-90.51167996612433,,5.8205679576364675,
171090111002,40.435470450505484,-90.79373641248243,,12.791788699400794,
171090103001,40.51133999056084,-90.73758899175827,,156.16712816696838,
171090110001,40.51149449729409,-90.57569016699246,,229.02635258644008,
171090102001,40.59079597857271,-90.62657917239339,,174.97905338346573,
171090107001,40.457841428282414,-90.66240447232494,,0.9336479510991923,
171950010003,41.79087521116674,-89.7085889140779,,0.6579863385637047,
171919552003,38.376231335772836,-88.36315542404087,,2.0075799254709388,
171919552001,38.36902987384083,-88.3439842080839,,18.533595762790366,
170938903024,41.70583617775111,-88.3277556116258,,1.6179493839149435,
171950012001,41.808015214925746,-89.68414131080459,,1.9808923991006566,
170978617023,42.38635775076386,-87.83953757847769,,0.6882067474395118,
170978622001,42.37283336253829,-87.83302386987248,,0.8823358650627448,
170978645134,42.22524036831873,-87.96633625299583,,0.6918325440411802,
170978627003,42.3428063215844,-87.84047941423817,,0.3311957569598151,
170978615071,42.37954678333623,-87.88966763550802,,3.0369363938996816,
170978645131,42.22401045680259,-87.95079711976938,,11.665689805831441,
170978612022,42.37478800783429,-88.07103771211248,,0.8838490518088997,
170318048032,42.00886375056692,-88.07525376343638,,1.0909704874182584,
170318025042,42.13523927859988,-87.93386015384394,,0.6664799661126708,
170312002003,41.925822765094146,-87.7391640187218,1187.0,0.25041834117622724,4740.068137280212
170310206013,41.999390147109466,-87.69908566933209,1519.0,0.22226292683598392,6834.248165556312
170310625001,41.941488052144585,-87.67110725190518,1497.0,0.2912073574858263,5140.666818738816
170318067002,42.051694504773906,-87.7221140744926,,1.0204175121692118,
170310817001,41.89572371083194,-87.63196524265953,1255.0,0.13281164303073872,9449.47273718717
170310314004,41.955414322689506,-87.64703155540201,116.0,0.13967007475751067,830.5286597819493
170310402023,41.98025483250318,-87.69565033003416,1406.0,0.214477588185676,6555.463495714096
170318092003,42.05019946023643,-87.70050588425623,,0.3829627523711457,
170310309002,41.98070700752529,-87.6714420951268,877.0,0.18814581505715797,4661.278273628201
170318283001,41.56935735204622,-87.59634102433155,,8.319524118320588,
170318278043,41.59065677214411,-87.60266968755792,,0.8810442397383519,
170318085002,42.04454312592761,-87.76651252264956,,0.5890115583742137,
171790219005,40.37221168002258,-89.54435356095341,,2.6013302690181663,
171790220003,40.42735456458161,-89.44116204597204,,189.23566653601176,
171790222001,40.696757977594196,-89.43582938636139,,5.353192406373938,
171790222002,40.697587519886525,-89.41909292496442,,2.0679621173307288,
170310308003,41.97899276311339,-87.66412487118835,1053.0,0.25476107893200334,4133.284426390145
170310710002,41.91988418656394,-87.65585251825125,1802.0,0.29329139327615716,6144.0602803617685
170310505001,41.95222873594371,-87.68659363784931,930.0,0.2214728773982632,4199.159783920761
170312411001,41.906654877090936,-87.68835327726975,1748.0,0.29921574357582786,5841.93859290368
170312227001,41.915525701461604,-87.70858349517614,942.0,0.2050797242333915,4593.3356089749495
170318288014,41.53027018712523,-87.64888347267454,,0.4964036707450295,
170318247022,41.624357114518354,-87.70612660843187,,1.0248371324684244,
170318267001,41.642155894904604,-87.62884397228879,,0.5051394887000416,
170318231013,41.69407822054082,-87.79093755112946,,0.3530764356439879,
170316501002,41.78059541557661,-87.71535185699796,1297.0,0.30890725618724113,4198.67119992104
170318304002,41.47657761691464,-87.69188793771727,,0.6791189781648113,
170318060022,42.04919778677027,-87.87094033598318,,2.898091964298888,
170318264022,41.62847558592695,-87.58565232230308,,0.5186135435439277,
170317705002,42.00710578514451,-87.94760849405478,0.0,10.198085551470403,0.0
170316501004,41.78415472937026,-87.7204597188934,1121.0,0.2970135042260029,3774.2391643815995
170317304004,41.71693682180173,-87.65428766488131,882.0,0.45016367670205476,1959.2873562381185
170316716002,41.76676405365492,-87.66142821655306,871.0,0.29228151594550994,2980.0037035608525
170315610005,41.78843129063783,-87.7957309808215,1002.0,0.4487884562219276,2232.6777485214707
170317108005,41.75052375146,-87.65191931468037,961.0,0.22010595830794902,4366.078989354165
170310403001,41.98095012015802,-87.70201552252072,1018.0,0.4413653654866668,2306.4791204844837
170310603002,41.948784575666885,-87.67128951916308,1342.0,0.28990629747445196,4629.081919540792
170312302001,41.91186879846952,-87.71008438298654,2107.0,0.38722666830070374,5441.257466192369
170318255053,41.56839869424032,-87.71801009658617,,0.9461361379484683,
170318279011,41.59168850988987,-87.57316443287205,,3.825231255058894,
170318304001,41.4803700537335,-87.6978181732726,,0.5690488503326777,
170318117011,41.942816316811054,-87.90404069407673,,12.144547786408353,
170318281001,41.567013326456255,-87.52867405236348,,0.7074816233386199,
170318239012,41.678310642534385,-87.83599107649835,,7.710807239442057,
170318235003,41.66199900280222,-87.68345217311764,,0.4808100834629391,
171790222004,40.69379352759517,-89.45780661125433,,7.033705046628422,
171790223001,40.715548875273264,-89.41799821375623,,2.6660691716026808,
171790223003,40.707966314619135,-89.41373233136484,,2.158742721275599,
170317401003,41.69658958207095,-87.69825796484176,694.0,0.35396466688235484,1960.6476717368537
170315609002,41.79593356490648,-87.7867996214497,615.0,0.29912256230862827,2056.013412206118
170316910004,41.76374145792866,-87.62245398442091,619.0,0.29207648924692564,2119.307862115148
170316708001,41.78407370036471,-87.66068493794495,719.0,0.2198832215678772,3269.9175265541903
170318142004,41.83703041863367,-87.75035628258149,,0.30036520625937313,
170317107003,41.74530840645254,-87.65562052142603,985.0,0.22034604567555882,4470.2413287249565
170315807003,41.81564776089364,-87.68771384224826,1900.0,0.21862779705606186,8690.569202930727
170318220005,41.72948012341775,-87.7250895454296,,0.437250296752668,
170316806001,41.78328124527522,-87.65216524687365,479.0,0.5875895934442459,815.1948321485215
170318139005,41.84910005082839,-87.7706080794504,,0.22709308700776842,
170316309001,41.79040046226576,-87.70518343987078,1816.0,0.37013848928113985,4906.271713398202
170318196001,41.81066278694935,-87.8693598564737,,0.5758572625202301,
170314913001,41.69073986212529,-87.62545414980617,903.0,0.2898048343095323,3115.8900511491515
170315806004,41.81347123040719,-87.69150974740845,1680.0,0.22211654834334107,7563.596735724105
170316117002,41.79595707653839,-87.67278334798536,617.0,0.1853832417579031,3328.2404285806842
170313108001,41.85866625737345,-87.66864841485966,1048.0,0.14993665622492375,6989.618325407157
170317114003,41.73414618679286,-87.65450505128848,806.0,0.28562441579719433,2821.887609819375
170316203001,41.7913678261819,-87.72556085470688,1010.0,0.2960523547947628,3411.558745074596
171790224002,40.68823356536495,-89.48799613122371,,1.1004739584198016,
171790215001,40.644242491955694,-89.49651947619418,,8.677615025624466,
171790217023,40.53322278982023,-89.5007192588198,,7.25770824724281,
171790220001,40.43853362431776,-89.32746992519819,,173.2100923905932,
170312521022,41.87569206105387,-87.75979178008396,1475.0,0.29478431045789144,5003.658429815575
170318176003,41.867991335898026,-87.84091006778166,,0.5948866254382135,
170314205002,41.78189696118163,-87.6079934926693,1331.0,0.22192725086380477,5997.460856291261
170314802002,41.73516837869341,-87.59176051885414,584.0,0.2899710055474861,2013.994464368484
170318131002,41.86725396383155,-87.77665118396406,,0.29904154765379015,
170311708002,41.94156579087849,-87.81235343177381,1233.0,0.44261033202173033,2785.746085880943
170317708001,41.961447017346366,-87.86139974246886,,3.7920950461585927,
170318062021,42.03692355740775,-87.8925500666285,,0.5337607569597733,
170318112005,41.92952800442788,-87.85448978595959,,0.3951870982405753,
170318041092,42.08055398339706,-88.03710002952273,,1.7885126389942758,
170311503004,41.95509494318698,-87.75967102946488,1011.0,0.2999885431543463,3370.1287034812963
170318042024,42.08088769095327,-88.13173069900212,,8.884337332852914,
170318183002,41.874194169352485,-87.89652934196309,,2.8501351681548663,
170318182003,41.85994573959324,-87.87306673101774,,0.5904914331100533,
170318398001,41.83623793783055,-87.64501694916154,747.0,0.14762192255535286,5060.224030884722
170314203001,41.78322415194572,-87.5986970157162,2488.0,0.44117888435434693,5639.435812167481
170312513003,41.89659868754322,-87.7707297663888,871.0,0.19707849765019667,4419.558756460466
170314004002,41.78932210318702,-87.6174658658668,659.0,0.19651761583362598,3353.3889427903337
170318109001,41.92159230374343,-87.80928040850868,,0.3652851984658863,
170318051051,42.06305449742451,-88.01561353696233,,0.5149828953615049,
170318035002,42.07270609922665,-87.98642246916766,,0.6578018909535167,
170311906023,41.92753712148451,-87.77219476193493,2023.0,0.2958886753690382,6837.030844377111
170311908005,41.93007472919929,-87.75390907896794,1437.0,0.22263564367048144,6454.492085404236
170317105003,41.747545163420185,-87.6694343188564,709.0,0.21962628871561374,3228.210994896239
170316118002,41.79599702198903,-87.6679199589567,633.0,0.18452479272600814,3430.4333344512183
170316119002,41.797627059815355,-87.65786868984813,671.0,0.6988611562679639,960.1334885791233
170316910002,41.76018859199497,-87.61756339091617,657.0,0.29105328546376624,2257.318617630898
170318172003,41.880405666275784,-87.85540387478157,,0.4830910972660698,
170318363002,41.80161861991783,-87.59902101997073,771.0,0.11174497168804642,6899.639315783865
170318057012,41.99856326085251,-87.8428748338932,,0.4512698461346095,
170318107023,41.925240401955215,-87.82256359497443,,0.48243081372468377,
170318051071,42.04894985367062,-87.97782710882925,,0.5129212819460237,
170312511003,41.89677617425512,-87.75380717466803,996.0,0.2231309781809018,4463.745949217774
170318034002,42.07879803768883,-87.96594237358993,,0.5740700874282512,
170318047163,42.03894669831938,-88.10572064865812,,0.5124430320388682,
170311504022,41.954910440540175,-87.77439358524184,1183.0,0.29709040734914777,3981.952869348993
170318312003,41.91537333557409,-87.728944462501,2014.0,0.28605946158168205,7040.494269492701
170313302001,41.85421335816283,-87.62861233174014,1137.0,0.12520916753822972,9080.804723446814
170318028021,42.078854284955476,-87.93999161162456,,0.7792493230570297,
170910109001,41.237659355365366,-87.58508723233896,,199.34803052557484,
171830008001,40.13837777231187,-87.64286481944866,,0.9367136819711995,
171790216052,40.60967828597526,-89.45454097208518,,1.1221776665794265,
172010037063,42.201845023225935,-89.04537692497807,,5.852592772890868,
172010037064,42.18947287110912,-89.03681141402593,,4.742285885417035,
172010037071,42.20894472530711,-89.02337477536867,,7.44423188252036,
172010037082,42.22175026654725,-89.04317048730681,,1.8287477920280188,
172010037083,42.22662614360072,-89.04199393847476,,0.4727572558939047,
172010037091,42.236036830018726,-89.04097414276097,,0.9133893119855301,
172010038011,42.32801411688989,-89.13610071383955,,4.718677694828448,
172010038052,42.38069027021055,-89.00958572868878,,16.18091232646896,
171990204003,37.80365278184621,-89.0384640917254,,1.6606328627752447,
171790216061,40.59444087339837,-89.42201060158175,,25.978471121832147,
170910113001,41.084791212169335,-87.81990068046363,,3.5206711945481186,
170910113003,41.08515554598918,-87.79940219370991,,5.720788966709924,
171830112002,40.13475160515684,-87.58972636268595,,2.3138126430616115,
171830012002,40.16691797921183,-87.62322475508401,,4.1585771039704404,
171830101001,40.46468806986432,-87.89551602738042,,54.55869347613111,
171830102002,40.47254557591071,-87.66711232827912,,1.1641714259028932,
170910115002,41.12344292997396,-87.84414131754043,,2.9866340645346647,
170910116001,41.12234385605321,-87.8552266317838,,0.8634353071319342,
170910117003,41.13095945689511,-87.8794979268943,,1.5902468826378438,
170910118001,41.13954097218967,-87.88117128927851,,1.9851067312971102,
170910118002,41.140145903937764,-87.86912298386405,,1.2739641501647159,
170910119001,41.14539323016117,-87.86803696971563,,1.2726031156484805,
170910120001,41.16605284682314,-87.88524412332303,,2.4773037208083,
170316811003,41.76693875914599,-87.64991899374027,658.0,0.21976427464296627,2994.117224325932
170317102001,41.75520634221467,-87.64537283304804,733.0,0.2228449761274664,3289.2821401579504
170318194001,41.81137022839643,-87.84314856356602,,0.6106390328138587,
170314913004,41.690682056229896,-87.63026502016587,616.0,0.2904009045631105,2121.205513897184
171990211003,37.724099398124004,-88.92716163428592,,2.4592473439186606,
170910104003,41.1660852103383,-87.98295480342966,,64.94200746001584,
170910106023,41.16584840874589,-87.8626545795386,,2.517657524639252,
170318043063,42.02041161566567,-88.16479714577491,,0.5406026495619245,
170311510012,41.940100563649835,-87.75428473084555,829.0,0.22375564921485339,3704.9343911937717
170312306005,41.90390913110761,-87.7337212072411,1472.0,0.22219335924404862,6624.860459412795
170310611001,41.9491397934812,-87.65680349233156,1379.0,0.3130464540663199,4405.097013837615
170318074005,42.032331035983354,-87.74201748955905,,0.36527184549832753,
170910107021,41.1550504668179,-87.85371058522054,,5.955924658845662,
170910108003,41.17145091701172,-87.67249085384844,,4.629780017357452,
170318168001,41.89737917028538,-87.91136954339873,,5.086507070084976,
170910109002,41.16678142404456,-87.65852354984396,,1.7573054371189583,
170810501003,38.451819404297666,-88.93642738087881,,59.1095059884678,
170810502002,38.32482012076296,-88.76744105047243,,84.1526661102221,
170810503002,38.304287972271126,-89.08369639910062,,212.00647609972285,
170810503005,38.1990375850979,-88.9623628457615,,144.57568965907083,
170810504002,38.1891295894025,-88.75276834274739,,210.42810204012818,
170314908005,41.70902164530353,-87.6211215068008,756.0,0.2948106668853007,2564.357687553178
170313504001,41.841929230402336,-87.6283695000302,389.0,0.3632479337412906,1070.8939098248259
170312521021,41.87750228822425,-87.75986040077234,1779.0,0.2959242259671247,6011.674083748843
170313108002,41.856844669500525,-87.6685952212588,1117.0,0.15039300147846815,7427.207310307731
170318134005,41.861561897937705,-87.76992379399138,,0.2240675343677872,
170316909002,41.760372883754435,-87.60726860118793,618.0,0.2214075604890184,2791.2325967326315
170318109004,41.91066384423416,-87.80888863294406,,0.369929887042262,
170318060025,42.04136868480702,-87.85757526336492,,0.31354675134252274,
170318035001,42.078322274611196,-87.98661165476724,,0.6656064013673939,
170311911006,41.91789091740775,-87.75462078085236,934.0,0.2164792889396781,4314.500498291358
170910110001,41.05836976767719,-87.60684671077408,,27.624677682905997,
170910111001,41.05090540884576,-87.70661821475116,,73.97550647464232,
170910111002,41.020617117788156,-87.73777185088501,,32.078945000393915,
170910113002,41.108679473815585,-87.78941447021293,,27.635159146393878,
170910117002,41.12415531228589,-87.87042826928125,,1.2172022058159016,
170810505002,38.32669919492797,-88.9491735147051,,5.410798099341785,
171950012004,41.79392307239817,-89.67949317436845,,1.5048154295146206,
171790216062,40.58322930818607,-89.44642107046543,,12.381382842926934,
171790218012,40.51296386568353,-89.66728266103719,,39.373369483197955,
171790218013,40.487801567110516,-89.65366472527354,,4.868879188471781,
172010005062,42.29380039977582,-89.018504790392,,0.8792249450322426,
170550405001,38.071524064968926,-88.93758974695163,,99.9695448930864,
170550408002,37.88864415955947,-88.82818159652341,,97.62557962044468,
172010005063,42.29123282855638,-89.01313515879833,,1.2392015220014183,
172010035002,42.292289885585625,-89.06573594001856,,0.6194201188133726,
172010035003,42.29212609184777,-89.07351579141677,,1.256189230889535,
172010036011,42.30108139870136,-89.13002659866928,,12.425236743046908,
172010036012,42.31007323132191,-89.15263008944312,,21.527190314828676,
172010036021,42.31736322961668,-89.10656613911146,,4.662033418358362,
172010036022,42.30564745172011,-89.10044494279839,,1.09813808006563,
170810506003,38.31997243358292,-88.93161927726507,,3.787288850125344,
170810508002,38.32316021837342,-88.863145237466,,6.531465456637787,
170810509001,38.313422486542414,-88.91986986416677,,0.6562129312293669,
170810509003,38.310316792284056,-88.91392303879304,,0.516809148545436,
171359573001,39.29986965652777,-89.27628327178074,,3.931056795189478,
170318205022,41.75186787939687,-87.80458474872154,,0.8195214304532055,
170316720003,41.76207113930115,-87.67285435244176,1111.0,0.3322630736289469,3343.735997701338
170315608003,41.79635448089377,-87.77393041782109,856.0,0.41934549071564603,2041.2762720762032
171118706042,42.36862853480362,-88.27739212194064,,10.558127129986103,
170978621001,42.38268555166584,-87.84063581902713,,0.6660983446963202,
170978621004,42.3714760251703,-87.84265488625796,,0.6290335903738743,
171919551003,38.38255326252061,-88.36054711385661,,1.3146804644773582,
171118706061,42.34280751972505,-88.27137446761196,,1.6037657800504799,
171118707033,42.38819459700825,-88.23883025034466,,3.5254753763046573,
170978611082,42.35140671579855,-88.03829152241804,,2.45249906602244,
172010038061,42.39398102973327,-88.95912310264679,,26.287336666093626,
172010015004,42.2557273286095,-89.05256386434097,,1.1492202995716712,
172010005123,42.278012126030646,-88.97177907193014,,3.795028333732356,
172010033001,42.29818364436738,-89.10170106021329,,0.9717134104314855,
172010019001,42.23344025767064,-89.06892575763297,,0.9751499156288647,
172010040021,42.4612627834645,-89.07633793235587,,6.901364590238269,
170978645101,42.236277082174226,-87.98490361861158,,2.8473188918172303,
170978645102,42.22809778782168,-87.974417730651,,0.7495364846858864,
170978645111,42.21633550601935,-87.99842481486978,,8.029294542819308,
170978645132,42.23595093156639,-87.97005415104805,,1.7554532435766579,
170978645133,42.23117930084798,-87.96546436563385,,0.7068042616163813,
172010037065,42.188503552586084,-89.05938268788718,,4.238558718277036,
172010031004,42.2816705459195,-89.0883899201847,,0.2849794148889127,
172010036042,42.30799383840742,-89.09192444684905,,0.7469321535071483,
172010018004,42.24077973959382,-89.08238781232393,,0.9212753449821377,
172010042001,42.32891438617076,-89.22721764171561,,172.80254584831277,
172010005072,42.27890595249744,-89.00574195386295,,1.2556674193757889,
172010039041,42.430969349651974,-89.02800246484024,,7.510783643449468,
172010038083,42.33362218036162,-89.02434362783096,,2.022441747932581,
171359576003,39.08581931520526,-89.63973968772524,,323.28587870065917,
171359574001,39.252734609045454,-89.35107376802415,,2.5497862628027583,
171359575001,39.39623502435067,-89.56989405380578,,464.5032281594149,
171359579001,39.18308535791782,-89.4760298465336,,22.25823425962821,
171359580002,39.066979700933004,-89.38539571826136,,51.42239025790926,
171359576001,39.189056436798296,-89.54650529753475,,248.39581952867456,
171359579002,39.14925636700395,-89.49621860086339,,1.4676903437336333,
171359574002,39.27726505007224,-89.41527917664443,,272.7808468507867,
171359575004,39.319048166783844,-89.58785082292351,,16.77549509358916,
171359580001,39.094765720010166,-89.29880793216752,,221.35424552079908,
171359575003,39.334810008134866,-89.65718270528245,,179.74102733445017,
171359574003,39.2075408115515,-89.34235190671913,,204.27356044888535,
170978645141,42.20466363044257,-87.94794777141216,,6.155109041648913,
170978645151,42.17404272163981,-87.9961368758539,,11.84278824501981,
170978645152,42.17202708933091,-87.98864730232872,,0.6417858577810298,
170978645161,42.16537751500617,-87.981890538638,,1.1084883525468865,
170978645162,42.16798465571077,-87.97744060766105,,1.0772090354605937,
170978627004,42.34618950844623,-87.84404180256657,,0.43147411684916065,
171739595003,39.25188192867008,-88.62846435722786,,64.82593587457251,
171739595001,39.32052564256568,-88.58160791327829,,163.83381042126464,
171739596003,39.25508362631544,-88.94998409186613,,126.23079756229995,
170978636042,42.286182848528526,-87.96522669546204,,2.4975308234749347,
170978637012,42.284118464218295,-87.93886442397988,,2.4359963673623675,
171359575002,39.47114638259267,-89.67281588694314,,94.32345899176447,
171359576002,39.22818030946412,-89.64795065132535,,159.79598644735432,
171359577001,39.19043448082059,-89.65601294961316,,5.978123490343847,
171359577002,39.188120514376195,-89.63992814596877,,6.655390149169859,
170978645163,42.159057670821596,-87.9732807718292,,3.4060798178340894,
170978649011,42.17829493962586,-87.84422179070759,,4.0170396286619,
170978649031,42.15748348539138,-87.8529126691302,,2.837188504450553,
170978649032,42.16072427353942,-87.86442042481256,,1.347138466546321,
171359578001,39.1722860820927,-89.63247837892233,,5.205732500918746,
171359578002,39.165043017576124,-89.64854992634497,,3.0050052799588256,
171359579004,39.15430979303771,-89.48181717098285,,5.381999751341488,
171359579005,39.147608900759366,-89.46040479143183,,21.481091130647673,
170978645182,42.174693255908004,-87.97726706108475,,1.046089320401993,
170978645183,42.179503331487965,-87.98146705392504,,1.883431433710842,
170978645202,42.16560090885052,-87.94568566798661,,1.739329750994543,
170978645203,42.157041572497356,-87.94466274217626,,2.3526922936762844,
170999631001,41.35062416314088,-89.1464311440718,,16.062320372286166,
170999631002,41.332931319184624,-89.15097620221104,,4.231000405033167,
170999631003,41.33077638625537,-89.13246788102971,,1.2459568601880415,
170978645211,42.184655204040524,-87.92312489997566,,0.668401961236928,
170978645221,42.19475808016279,-87.89654919980748,,3.602001985507968,
170978645222,42.18181756945216,-87.8955445979894,,4.623604812699442,
170978646011,42.21884589898726,-87.88020330611836,,3.3891412443845375,
170978646012,42.22033193246389,-87.86754646140055,,16.34783907714798,
171878704004,40.919540891243,-90.65279444959862,,1.9689765009996696,
171878704005,40.92550761325024,-90.66604449818105,,10.37424245296939,
171878704006,40.92826727551812,-90.6399594290533,,4.154879690144539,
171336004011,38.34030737225839,-90.13499540751643,,5.250277651132671,
171336004013,38.34250188749156,-90.1556640932828,,3.331579368513579,
171336005022,38.18994801518459,-90.20080469916549,,599.4286270349024,
171336001022,38.465256386612566,-90.24531570465088,,66.30410008108231,
172010037114,42.167080196875084,-89.12555954931851,,52.49478371367684,
171310404002,41.20678201688668,-90.58330580828084,,2.1501235441726396,
172010037051,42.23258807663194,-88.9671203992012,,2.762604139484742,
172010037054,42.16691277343094,-89.04897168248678,,27.498202197369274,
172010039031,42.47633798925932,-88.9679295620783,,35.11447274506469,
171950014001,41.785359032373215,-89.67258392341388,,1.7820613819556068,
171950015001,41.7841247736087,-89.68347533043281,,1.6559404979115138,
171950015002,41.77298493895313,-89.68468561213223,,2.272859475284807,
170810505003,38.30255330070973,-88.93821408997707,,8.358162152875547,
170810509002,38.304599082589824,-88.9188144982526,,2.0143413069176046,
170810507004,38.323584049843795,-88.89755287475296,,2.675476590454676,
171950013003,41.79845544161746,-89.67218962066153,,1.417757741881911,
170099704003,39.88515250564704,-90.67138310388098,,261.730038256789,
170099705002,39.974197122962906,-90.75607483119774,,23.668874777364536,
170099705001,39.99171656851706,-90.76385547527988,,2.552666343917813,
170099705003,39.98497218039231,-90.76737867242706,,1.2314243569095387,
170099704002,39.99403951423096,-90.67051769483813,,451.6850684580744,
170099704001,39.970226203835104,-90.84224020557104,,615.6347106280226,
170679538001,40.42422820102029,-91.12263454752977,,8.518871267744174,
170679538002,40.40716310229519,-91.1471891845334,,13.639324053017935,
170679538003,40.40883143880489,-91.12543756585859,,3.176102361894511,
170679540002,40.539717387411656,-91.38056295026084,,22.375335315580212,
170059514001,38.98934834264429,-89.54785842152384,,164.19448964284763,
170059514002,38.869493027794725,-89.51569670918732,,198.42241252007548,
170059512003,38.92069007987666,-89.28481586148453,,23.800429979196174,
170059513003,38.891681940432896,-89.40963542790291,,0.7002152448989456,
170059513005,38.88281356642431,-89.38354944140977,,18.426334914828555,
170059515003,38.8212353148174,-89.39347622509808,,318.16842346497447,
170059512001,38.981892113876356,-89.354536838905,,307.8986571064215,
170059512002,38.922647249186966,-89.39554704645786,,89.51499615371107,
171259565005,40.283577674486246,-90.06747719531661,,5.616702389451372,
170679541001,40.41344659697065,-91.33900511568132,,25.356775147559024,
170679541002,40.39853439299211,-91.35911183472871,,7.89875376642626,
170679541004,40.38801612288022,-91.32440313980335,,7.9815836003934955,
170679542001,40.35694483820365,-91.44180486111173,,4.3953871210988655,
170679537001,40.504191988476684,-91.02273368000549,,334.93684088918974,
170679541003,40.37537224617188,-91.3593978354067,,29.68410459106686,
170059513002,38.893092270412716,-89.40237767532108,,0.8707012199498075,
170059513004,38.888324278493805,-89.41701996999198,,2.0840768567119405,
170059514003,38.924314830753126,-89.55453711308722,,179.1181685301755,
170059515001,38.82463515297402,-89.531176055553,,9.74064646762189,
170059515004,38.79323520751361,-89.31260869742847,,191.85665077210854,
170059513001,38.899459813218236,-89.40060789132342,,3.9776567537792773,
170059515002,38.78087717807438,-89.54070958749273,,130.07067300197878,
170630006002,41.23717652132787,-88.42954720600153,,2.4012918587509566,
170630007003,41.291217478737124,-88.29182837921725,,3.0860489357363297,
170630007004,41.29755656646883,-88.2679993840458,,5.831512858478702,
170630008002,41.28155362066363,-88.28246355210081,,1.672370013088083,
170630008003,41.28042322430264,-88.29541532763854,,4.313230655865418,
170630009001,41.22368809986349,-88.2614815160036,,9.02826372041232,
170630009003,41.19057494379544,-88.30863263482283,,1.479243649321334,
170630009004,41.18521523284658,-88.30837090448506,,1.4609328541856168,
170179601002,39.93486218285058,-90.0738931020289,,330.78029048450554,
170179602001,39.98477648351875,-90.14752298376085,,169.44506590486327,
170179602003,39.91232662736861,-90.306315858835,,162.9741001008412,
170179601001,40.05556372610807,-90.07687755932928,,184.94114637010563,
170179603002,39.940039760885476,-90.44377454095797,,380.4509639594095,
170179603001,40.03390922336559,-90.30785012253706,,373.7107375370881,
170179602002,39.91879225309736,-90.22268029920744,,71.40779969650097,
170630003001,41.380287160794715,-88.41232280256992,,6.5004545100683915,
170630003002,41.36734344813298,-88.40911537786153,,2.0734871785639912,
170630003003,41.36176650128597,-88.41926499936399,,0.5359870286554301,
170630003004,41.36001169832174,-88.41444288084682,,0.6001202749019949,
170630004001,41.36782377572023,-88.42567879325631,,1.1885498578428102,
170630004002,41.3647902193865,-88.4567447506632,,10.30145228515236,
170279001002,38.604251395791685,-89.69662467065392,,13.284640695591195,
170279003001,38.61531977801147,-89.49329076116436,,238.61763824823487,
170630004003,41.36013034453098,-88.4315399609967,,1.1224339051628913,
170630004004,41.3563398579078,-88.43755450461822,,3.3631870945464644,
171259564003,40.273215476407145,-89.97414644306137,,156.12732614465352,
171259567002,40.20419550091173,-89.74671675565443,,502.6031196657209,
171259566003,40.1267576458103,-90.06769342938152,,211.36691672478128,
171259567003,40.221736416606866,-89.888159706824,,238.8452650291207,
171259565003,40.298179591456915,-90.06309370605653,,1.215578809998129,
171259567001,40.27596276869916,-89.65840224838325,,159.32228631862972,
171259568001,40.19331065339197,-89.68553293787987,,6.594721570035168,
171259568002,40.204950056028856,-89.70257240754782,,1.7811653218224224,
171259568003,40.19009257037593,-89.70880966874724,,12.388585979011095,
171239614001,41.03458351293594,-89.38801028021868,,21.051627242262633,
171059606001,40.89676377324284,-88.60828049829186,,14.51851143751819,
171259563003,40.36343664803251,-89.79360411966223,,301.1013606037775,
171259566002,40.13262847162324,-90.20498054795304,,346.9622297433467,
171259564001,40.37208744122867,-89.9293881652501,,233.97366566276617,
171259563001,40.41945419225488,-89.76751158898792,,12.450985583248793,
171259566001,40.20866324874469,-90.0333735137346,,224.40376505855176,
171259565002,40.30714363078696,-90.06279673841321,,2.015525139530829,
171259563002,40.42092992569034,-89.79577291586492,,14.936453874248997,
171259564002,40.329268878238025,-90.00860257397814,,70.1652523507622,
171259565001,40.304817773847816,-90.05194538670459,,2.504948733890361,
171259565004,40.28862638290144,-90.05421446407574,,3.4368562212234135,
171790216051,40.60424203994022,-89.4587749546112,,1.721494891982054,
170419520002,39.76111994672352,-88.11640189012917,,538.273234303381,
170450701003,39.837703883626304,-87.62976602450382,,254.53836729093123,
170679543005,40.2425773054273,-91.1630325757448,,303.881329870493,
170679543004,40.22659517019621,-90.94062364051632,,69.60685415571879,
170679543002,40.39244090835335,-91.00914457110834,,456.36308113754376,
170679543001,40.259651529252196,-90.99446653484522,,210.68687430732493,
170679542002,40.315248736211785,-91.42360014760527,,153.92344907172736,
170679540001,40.5906761467708,-91.31638962397129,,117.75943856125639,
170679539002,40.48457795883513,-91.19187831583632,,299.39552810087514,
170679540003,40.47211353015217,-91.2934075668279,,363.90667273078355,
170679539001,40.60540948372361,-91.18563525292882,,132.63301824597707,
170279005004,38.52866568118648,-89.37088947618086,,198.85481636416702,
170279005002,38.530265238739865,-89.14797485228506,,2.9276728509098096,
170279005005,38.511793716333685,-89.15607650828251,,5.314619454967869,
170279006023,38.52950461931735,-89.69581493439811,,3.289209321094602,
170279006012,38.56677595536128,-89.53589537894301,,17.59495067731054,
172030304004,40.77835237848833,-89.33788871929926,,130.44388972847938,
171670021004,39.77398654131177,-89.67240219169133,,0.9893321212014559,
171670022001,39.78100373020831,-89.65542541222953,,0.3565627932950134,
171670022003,39.77352567306101,-89.66256506981033,,0.5026870045744128,
171670022004,39.777180057801566,-89.66253773712268,,0.5032498107619676,
171670022005,39.78086846449854,-89.66269024950239,,0.506609306170101,
171670023001,39.78555717366507,-89.63825164497926,,0.7467012204092783,
171670023002,39.781147809710916,-89.63896168204509,,0.634652500051517,
171670023003,39.77697070730515,-89.64021289771733,,0.9548461366289773,
171670024001,39.78275546321165,-89.6306956204779,,1.107691068196497,
171670024002,39.786146346596546,-89.6215987649657,,0.982107823267083,
171670025002,39.765607699011575,-89.61113285969648,,2.7774111443705713,
171670025003,39.754417929315785,-89.61409990122463,,1.2070945774445443,
171670025004,39.75604533227723,-89.62310305777682,,0.7712320736572634,
171670025005,39.75000548791002,-89.62559149938933,,1.3636869072893014,
171670026001,39.769793658554754,-89.63526903240175,,1.4975054256389875,
171670026003,39.772974058618715,-89.64403607655552,,0.36278298095563527,
170119649003,41.383518529269,-89.47030469500065,,0.9620108110130327,
171118714025,42.17929329943579,-88.24204102936125,,9.790609588318786,
171279702002,37.16827077977667,-88.7270750830599,,2.768497682470747,
171279703002,37.14933168788219,-88.65081233293272,,39.243377662177714,
171279701004,37.199639020615564,-88.71772163040355,,61.03909971466106,
171279702001,37.16755894758906,-88.73913735971811,,1.9418970813568999,
171279701002,37.24113073850329,-88.8728779574764,,94.58271429573749,
171279703001,37.21372222181842,-88.63392298144741,,182.89970181732104,
171279701003,37.2163981927213,-88.78249152480592,,110.03910036701551,
171279701001,37.29564366588895,-88.7853768722204,,285.97494378193795,
171279703003,37.12925522033444,-88.5469005777522,,192.92620460071092,
171279702003,37.15893640879118,-88.71996023886034,,2.2769792675868996,
171279702004,37.153840339783514,-88.73563548125335,,1.0343035396155937,
171419609001,42.02483014866558,-89.42355926754654,,218.46470242478702,
171419608002,42.073066630699536,-89.59618945539827,,282.69833929301234,
171419615005,41.94443068730436,-89.51232675122414,,174.4339042057813,
171419607002,42.14744483057379,-89.32465808555044,,185.7751583529371,
171790201002,40.67122438957064,-89.56221593348322,,1.7814108146205094,
171419615001,41.97741017189027,-89.61190820091348,,239.14302247577717,
171419608001,42.172338171877286,-89.58521602541039,,210.76497540002055,
171419609002,42.05499520091586,-89.44227048592253,,3.9362290299205083,
171419611001,41.93827148645779,-88.99948500974959,,169.24778397204602,
171419615006,41.94842611886515,-89.4169058774132,,86.18476178976613,
171419612001,41.95040257246762,-89.12955775489593,,90.4192171228229,
171419617003,42.129734215055855,-89.27560569838616,,11.301892149353453,
171419607003,42.13317737338764,-89.39925395502219,,144.0126051138291,
171419607001,42.157906849423,-89.26462740539905,,32.919792121236725,
171419616003,41.90338725640899,-89.1155431874957,,43.98730527126574,
171419617002,42.13022942456801,-89.24858350576909,,4.476946522970028,
171670026004,39.769697429612464,-89.65064990666075,,0.6330868130535139,
171670027001,39.761855826868455,-89.63880559036363,,2.594194381258902,
171670027002,39.762686772635405,-89.65188958468441,,0.817199315539841,
171670028011,39.76929556952248,-89.6621609978453,,1.0366825076733486,
170119656002,41.355823282720905,-89.72421158522764,,12.098603430179168,
170119647001,41.535791095618286,-89.21964352507301,,179.95127220635214,
170119648002,41.53834562628217,-89.66349717083114,,234.2794269802997,
170290003001,39.50633264538279,-88.37170014576141,,6.511060774603143,
170290005004,39.495201419496524,-88.17817826628547,,0.843404661556221,
170290001003,39.58772387013853,-88.16180446130869,,348.33580944471777,
170290002005,39.4326424393594,-88.30667939042422,,133.41750413434121,
170290002004,39.39737710436542,-88.39169172034883,,102.29517049564973,
170290006001,39.42392068297784,-88.21838590749537,,153.20312263868848,
170290010001,39.47629974701426,-88.362255322662,,0.8277879221000486,
170290008001,39.48143513042473,-88.17349282618366,,0.5653773963825647,
170290006002,39.42315621151874,-88.09009621994846,,228.6293866497152,
170290012001,39.48469338347516,-88.38656812959609,,0.8597341622707625,
170290004003,39.48558482389336,-88.36430537370464,,1.6378683911731633,
170290001004,39.627856186744346,-88.01648182329224,,179.17257808394675,
171670028012,39.76779945216473,-89.67293924605228,,0.9776293786203388,
171670028013,39.76754258038808,-89.68217486646724,,1.0298432549210657,
171670028021,39.76223675563449,-89.68127807933597,,0.7232901948708322,
171670028022,39.753948948136276,-89.67156756468681,,8.8905789573266,
171670029001,39.7612753314994,-89.69778533024315,,1.662531971131446,
171670029002,39.75743627098652,-89.69569095060146,,0.8074924379072631,
171239612001,41.128869016165666,-89.3434615990527,,11.393648385480352,
171239612002,41.12286317462971,-89.3616059939463,,6.250731724551097,
171239612003,41.09654490756997,-89.37417457410605,,8.988305419654084,
171219518002,38.609619389083036,-89.1119481678545,,6.745340768071812,
171219523003,38.495802214259925,-89.07579556532636,,67.0997106079712,
171670029003,39.75466489203889,-89.69777593166371,,0.7345129453102784,
171670030003,39.72876594007752,-89.63712266015966,,6.837173638512905,
171670032011,39.70467710812727,-89.69642310768477,,9.651528525432035,
171670032021,39.68852810605947,-89.72655506414158,,10.64793183932194,
171670032022,39.67506242460345,-89.70884881853944,,1.49702418820702,
171670033001,39.62546271137829,-89.56441343777028,,48.178240180571244,
171670033002,39.583183635387,-89.56049170121099,,26.366151991673636,
171670033003,39.58130259672635,-89.59721682229052,,7.953653045589912,
171670034002,39.592260311059846,-89.74368357450167,,1.0668183036134673,
171610245001,41.5156450014658,-90.54160909592945,,14.46927197256039,
171978836021,41.423579205511125,-87.73827145148726,,2.307829372775479,
171978801071,41.71053279672547,-88.07782874294665,,1.9676343704879038,
171670035003,39.71952614562739,-89.90142550657922,,40.43786576251906,
171670036021,39.812350690334114,-89.73693488622625,,16.195217828364065,
171670036041,39.759881893561946,-89.72733028592538,,6.986753625931972,
171670038022,39.85550058457592,-89.54736738069649,,3.8822780698463704,
171670038023,39.84655740144171,-89.53250534231033,,4.894065091361571,
171670039021,39.7830696632578,-89.56501819452824,,30.975453235151623,
171670040001,39.85517409031947,-89.2380933913176,,4.483496150594404,
171670001002,39.85761859861471,-89.62653317073762,,5.4247916188318674,
171670039022,39.74175447160792,-89.4730991134456,,96.30067384198502,
171670040003,39.8891759525069,-89.41075370517773,,195.5234234896981,
171430050003,40.6839646053572,-89.61254357689967,,0.9056522358256573,
171499524002,39.78627908572625,-90.76698683681549,,559.874183432256,
171499528002,39.494488724844544,-90.69439379460802,,498.3114598475052,
170770116001,37.62301646037514,-89.24390598464674,,66.14868811204408,
170770103002,37.792933801293955,-89.56218609567745,,491.0546280582394,
170999617012,41.61812023740612,-88.66781109526225,,7.001469017861777,
170999622002,41.42523945077419,-88.88830893875831,,324.4872309847549,
170999641003,41.059543301014266,-88.99207064729563,,502.54310878031305,
171899503004,38.32986048708387,-89.373620317124,,5.959548661038367,
171239611002,41.066036376303686,-89.15233877926975,,243.98081520898032,
171239613001,41.071776992744965,-89.52893316471992,,599.1984013597826,
171239613002,41.032512235093925,-89.44089809103994,,88.65269870557678,
171239611003,41.06624023502821,-89.31578801069183,,161.92349303496155,
171239615001,40.973181206441325,-89.17375487623757,,386.92713041935735,
171239611001,41.058927697442876,-89.05654911719928,,8.075851992031467,
171194040001,38.69920748807724,-90.13578129541212,,2.796784425167974,
171194006001,38.68544440299389,-90.15998880335466,,1.8896681089935663,
171194006002,38.68582807041074,-90.15423027588375,,0.6439656651129079,
171194006003,38.684255749011484,-90.1502811430429,,1.0244206006969758,
171194037014,38.77954107604528,-89.77687065296787,,23.32908376835008,
171194027213,38.94262832442002,-90.23359173261392,,3.1736025081765935,
171194035024,38.67827438993826,-89.94753687173372,,27.219795734962855,
171194014001,38.89784234400414,-90.12523605270734,,3.105996811552047,
171194008012,38.727424050953275,-90.11973963170888,,0.9893577957204767,
170438451003,41.79311217179296,-87.9506820386619,,1.2271654122583961,
170438451004,41.792544640889524,-87.95988425949494,,1.364960411494489,
170438453001,41.798622276998564,-87.92222259844421,,2.986447471817546,
170438462052,41.77431405975266,-88.1144532290788,,1.1941415147466683,
170438462063,41.74334222336318,-88.13245701139952,,1.1806638706320554,
170438462061,41.736122623013316,-88.13181892027839,,0.7886415478830839,
170438463122,41.78054604525658,-88.07727564196678,,1.8337249670606774,
170438463151,41.78232832373781,-88.06698723411276,,1.8942775578336932,
170438463051,41.762063063045105,-88.05284962848098,,1.219537462769465,
170438463052,41.76143188905558,-88.04439373177148,,1.132881275111403,
170438463081,41.739808014809086,-88.03274775792234,,1.5053731350228552,
170438463111,41.731866531523046,-88.0439752294252,,0.8855266835875673,
171194035342,38.70056558537523,-90.01680289610132,,30.804747936213495,
171194031011,38.79827425763242,-89.99493546481546,,14.73750960238908,
171194024001,38.87814197354695,-90.15590998922526,,13.915562123034617,
171194037013,38.78730076713943,-89.75001720162203,,107.16994675019377,
171194036043,38.74143585802823,-89.67380973681385,,0.8349082300912505,
170438417062,41.862357882511304,-88.03853385925642,,1.0960164968550963,
170438417052,41.89710984212919,-88.05621303980074,,3.252791661457944,
170438419011,41.884683412956065,-88.08564274559843,,1.6070208234486434,
170438463142,41.78072292864941,-88.04312411449659,,2.4096935283543273,
170438464042,41.78078217362627,-88.16850148504344,,1.0421442222623734,
170438464043,41.78895998785921,-88.16012845697013,,1.3978505927484772,
170438464051,41.79291170690044,-88.16820451044104,,2.927470280330078,
170438418011,41.8844792932574,-88.09933097867268,,1.8384619779530267,
170438418013,41.88018812870609,-88.11246299745197,,2.5891463596365627,
170438418021,41.883405350859974,-88.12657309191,,2.9901815321921785,
170438418022,41.8752499923416,-88.1303862062305,,2.0035739577281166,
170438421002,41.87065247303398,-88.04385268667681,,2.9700256636722764,
170438421003,41.863449763404184,-88.05973452635662,,1.9092407044889725,
170438422001,41.87851575380426,-88.07206127793471,,1.4459492647664154,
170438422002,41.869776912056935,-88.06002595700981,,0.9243127923847589,
170438423001,41.87188862435598,-88.0745503419888,,0.9058883001023594,
170438420002,41.884752524495646,-88.07377253922347,,1.3341161074510688,
170438423002,41.86803295709375,-88.07463013510345,,1.1225689859697134,
170438465041,41.776126795806604,-88.15382041761569,,1.4555314787927653,
170438465044,41.774420639624104,-88.18130439396673,,1.4078788151682322,
172010040031,42.48109668317993,-89.07911190416733,,21.74943340457608,
170438418023,41.88168649810875,-88.14115101436158,,1.9561865275452552,
170438424002,41.86229072517241,-88.08561560040967,,0.9520546457318628,
170438424003,41.85872598770984,-88.0920871784908,,1.0550084167995848,
170438424001,41.863377139339164,-88.09700714521232,,1.135545511362689,
170438425001,41.869693292831776,-88.110181441101,,1.6152874971096405,
170438426012,41.82383545142609,-88.13027257578291,,10.90631771226102,
170438426021,41.8474705997048,-88.10688098232686,,2.5170787460522783,
170438426022,41.84256461460746,-88.11848706957926,,3.218099517601615,
171059607003,40.87202900663023,-88.6232483800017,,4.042270395998494,
170438426023,41.837949394691655,-88.13170508769343,,2.7277933814738486,
170438426031,41.86969201159039,-88.1346243492283,,2.598828806324249,
170438426032,41.86609454018626,-88.12459265953997,,2.4416658983175563,
170438426042,41.84480359077418,-88.14216936119851,,1.6914538644621793,
170438426043,41.84955996530663,-88.13162122712885,,1.285622133344759,
170438426051,41.860635422584,-88.12292219197758,,1.494096037070534,
170438426052,41.85243459929726,-88.12063848233656,,1.59241501641004,
170438427023,41.83234502474747,-88.08729781872458,,1.476716375690724,
170438427041,41.852959570417624,-88.08058044780316,,1.4642562530294077,
170438427043,41.84718952270908,-88.0845307495818,,0.8626246440815823,
170438427044,41.83909986450063,-88.0814677059465,,1.4314890013410957,
170438427111,41.82112434574716,-88.09303643831743,,7.541816771619925,
170438427061,41.85264726722965,-88.05720337871598,,2.0286518183672486,
170770102001,37.93454284684599,-89.2317242482728,,47.216657018462925,
170770104003,37.78793090570224,-89.30585734421804,,24.69143528459397,
170770108005,37.73216746505651,-89.22217269718024,,0.659763930648506,
170438428001,41.9039803995982,-87.93426398871068,,0.8352610644126892,
170438428003,41.89388294959314,-87.925479515541,,1.2887834342440359,
171194041002,38.752500120967255,-90.14771353489435,,97.98682457453602,
171450301002,38.17636393373909,-89.35084103309659,,193.01197602714132,
171450302001,38.12098452546108,-89.40021179321033,,63.420188540666445,
171450305001,38.065547245541836,-89.18021700449773,,151.05049911771044,
171450306001,38.027850409184055,-89.23008370872559,,5.900774908432076,
171450302003,38.093023509986175,-89.31533212928689,,117.17566843181825,
171450303001,38.02040549964271,-89.45058749315108,,565.8610250674864,
171450302006,38.0567307583358,-89.39870700786399,,33.459664710340846,
171450301003,38.1660802553124,-89.24817184168381,,83.65536864069117,
171450304001,38.04596248030821,-89.2701570096439,,68.12043976052512,
171450303003,37.97961239480687,-89.58100104351166,,21.422828438359186,
171450301001,38.16342264135468,-89.5118095013719,,262.1534747423938,
171450302002,38.09077607087342,-89.42082644144318,,21.60395333412924,
171450301004,38.15628177723058,-89.18690397148903,,130.57442992920122,
170438429002,41.89726187110797,-87.93485800327068,,1.6193700487810443,
170438429003,41.89589245037268,-87.94443303517751,,1.2651879890838584,
170438430001,41.900701412085525,-87.95509755487255,,1.3624341452244726,
170438430002,41.892875382664066,-87.95261370747055,,1.209578614056487,
170438430003,41.897919578785256,-87.96414793660395,,2.5155972509657847,
170438428004,41.8866503863975,-87.92538592448108,,1.0322422147658303,
170438431001,41.90041244512253,-87.98010709243748,,0.588853197717285,
170438431002,41.9013252439635,-87.97367327845369,,1.3470483884727402,
170438432001,41.902447896256774,-87.98759345431208,,1.0653332308145076,
170438432002,41.89720168893808,-87.98837033238885,,0.8951984239362051,
171450302004,38.07846485093321,-89.38639062612165,,1.3804425728418557,
171450303002,38.02485795844375,-89.57719580195558,,19.594596197181016,
170438432003,41.89323676970081,-87.98665666614409,,0.8526407749313075,
170438432004,41.8880693440105,-87.9845851352391,,1.3416740033502348,
170438433013,41.90293002830733,-88.00071476819983,,0.9944048543363125,
170438434001,41.898789506142734,-88.02156084016407,,1.3957494863684516,
170438434002,41.89074817750687,-88.0266307452833,,1.2134542872985392,
170438434003,41.89909680583395,-88.02878590718025,,1.3476657099665899,
170438463113,41.73210784149652,-88.055062755821,,1.843138003685997,
170438463072,41.76804189167065,-88.03666820304356,,2.985966062051648,
170438463073,41.7690628583074,-88.0346567587436,,0.6868707466615179,
170438413072,41.91277234160254,-88.15937097864771,,3.9399724156744775,
170438414012,41.8834800229951,-88.17232719155551,,7.691983906695812,
171450304002,37.9790343265291,-89.2567785430508,,33.599742662011884,
171450304003,38.01783380560843,-89.2411056432302,,1.7779761914364085,
171450306002,38.01588555207684,-89.22656822223729,,2.0035350533145238,
171450306004,38.009349980760575,-89.22288273624534,,1.4224234817674066,
171719706001,39.74478992678373,-90.48060634302438,,187.81849650851254,
171719707002,39.58568679905642,-90.37780336543939,,319.9287432697271,
170438435001,41.877782353603685,-88.0224627678433,,1.9729212348640603,
170438437001,41.87978397719596,-87.97519309914276,,1.133150319108006,
170438437003,41.87229792802546,-87.97987119763643,,1.1839464343247623,
170438439001,41.887878137421765,-87.95493199537692,,0.8635987762660401,
170438439002,41.881702050851615,-87.94606889994752,,0.8025523206344624,
170438440023,41.888333476253635,-87.93504998757885,,1.33493015591008,
170438465231,41.75579403127606,-88.16138214591977,,2.3650140671962356,
170810510001,38.31073368190913,-88.90465051583777,,1.7074302883707977,
170438400002,41.97624028543329,-87.93810936366488,,21.906971667971273,
170438447021,41.81343083614152,-87.92348784086012,,1.8887232863461068,
171670024004,39.77427478505302,-89.6270974263318,,1.078280933637599,
171670021001,39.77886930968867,-89.68244303505233,,2.296342562055622,
171670021002,39.78159261295864,-89.67566472785677,,0.8346135093695426,
171670021003,39.781009250298574,-89.67024557382565,,0.7962164773093596,
170438440022,41.881261088584715,-87.92877468523992,,1.4772569985427013,
170438440011,41.87629175103931,-87.92938276320592,,1.5543303162961029,
170438441002,41.8692074773574,-87.94676933769533,,1.176071940798759,
170438441003,41.876066871351185,-87.95431443333081,,1.1240729047928406,
170438442011,41.863685535595984,-88.01179296944461,,1.380391517105945,
170438442013,41.87110821562855,-88.02576110936504,,1.9805422483117696,
170438442021,41.87146806741697,-88.00068705500338,,1.7714137281290272,
170438455091,41.77744934956082,-87.9673939563664,,1.7552529547163327,
170438455092,41.78482370327595,-87.96853071992065,,1.539716513832666,
170438455101,41.784464700638246,-87.97985179573459,,1.1864726127522645,
170438455102,41.77719802958153,-87.97952091546203,,1.1741207328631447,
170438455022,41.77599821939977,-87.95049523504025,,0.47562318333274084,
170978601031,42.486275024109226,-87.82097482626591,,1.782513318069081,
170978601032,42.48259842498835,-87.82843881874966,,0.7664095730058292,
170978601033,42.48633027286168,-87.84034640539379,,5.965764348186854,
170978601041,42.47094932259822,-87.83920509209611,,7.857809775716926,
170978602002,42.453532578271464,-87.82569573086454,,1.9524308695771082,
170978603021,42.452986350219064,-87.83662431753841,,1.4652897707368155,
170978603022,42.452109741756644,-87.84228707125403,,0.9764009648248378,
170438442022,41.86437780519589,-87.99965627772806,,1.613298538128893,
170978604003,42.42960030118489,-87.87109703070838,,12.489788527939695,
170978609052,42.3797684042328,-88.1343837820247,,1.9292952875626366,
170978609053,42.3757094592659,-88.15569096602503,,6.230485201048165,
170978609054,42.37303171776936,-88.12884478324375,,3.4823873430051258,
170438455051,41.75764803713841,-87.99003072048106,,1.4778599427586538,
170438455053,41.755274325517306,-87.98005449282442,,1.3700169692362956,
170438455072,41.756886519318485,-87.96487637323851,,2.189225899258026,
170438456011,41.776603425419935,-87.98955312360714,,1.020643749945599,
170438456021,41.792401608697965,-87.98999093053062,,1.4214839098827483,
170438456022,41.783919028754866,-87.9927483251209,,2.187562562078331,
170438456023,41.79152037224751,-87.9994624404024,,1.2794811173126663,
170438457013,41.77667432904459,-88.02478611391764,,1.7883059386544344,
170438457022,41.76843561031671,-88.0055692970403,,1.6052195777409983,
170978609061,42.359579693533284,-88.13507219642588,,2.9503561843906585,
170978610072,42.43338198847649,-88.051253384905,,8.19019729961398,
170978614042,42.35289922863148,-88.08052142881449,,0.5380826155543174,
170438457023,41.76476617479505,-87.99696489192318,,1.8224252780951913,
170438457033,41.754960410692526,-88.01915786482908,,1.6733777963296306,
170438457041,41.75416711854101,-87.99677959949496,,0.5627156193968672,
170438457042,41.75496183847097,-88.00569686853314,,1.46991544454027,
170978605002,42.440768255089026,-87.83100672318602,,0.8967876768732979,
170978605003,42.440790515875634,-87.83558140090355,,0.7513608902392479,
170978605004,42.440792657398816,-87.83995779854096,,0.8255042411461466,
170978605005,42.44080984014287,-87.84364672345191,,0.501644745953019,
170978606001,42.4274456477509,-87.81166277548353,,12.69554683422023,
170978606004,42.417744865507764,-87.83339921934011,,3.092644565892521,
170978660002,42.45526117162008,-87.9655711086092,,101.40207456668898,
170978660003,42.4213958244863,-87.90653808010397,,10.839922830514713,
170978608051,42.48663796887785,-88.1400590559016,,6.668444474082315,
170438444012,41.8355067531024,-87.99937007385051,,2.516245812747337,
170438444013,41.82690295087751,-88.02345397536894,,5.029743232592965,
170438444021,41.83560281738689,-87.98102737836403,,7.24567526973903,
170438444022,41.82437001558872,-88.00139848553393,,4.35696908573725,
170438444023,41.81996038276138,-87.97889312129254,,0.46896918442429614,
170438458021,41.74816189955331,-87.99295328107044,,2.1163459102921025,
170438458101,41.74934458358342,-87.97451625709961,,1.373992144642698,
170438458053,41.73789099533741,-87.96829631999363,,1.7725871810349427,
170438459021,41.75770969348305,-87.93109062241705,,7.9361400122707675,
170438460031,41.791612693613594,-88.06320949561206,,1.4754694448039871,
170978625012,42.35594541374463,-87.85363705238267,,0.5363316600047746,
170978661001,42.384538795174976,-87.85054874815653,,2.332221685809565,
170978621002,42.37787395931278,-87.84203409085441,,0.8000156763627386,
170978621003,42.37517362097438,-87.83881270745741,,0.46906003130943374,
170978639032,42.276481351715034,-87.97377742053644,,2.6145993584532388,
170978645113,42.223160033422694,-87.97574840349051,,0.9824629150162659,
170978653003,42.21053334920832,-87.83350206915908,,3.2350865191672287,
170979900000,42.32691376714042,-87.43180101564987,,4208.348514265828,
171090106001,40.48301874491043,-90.65668687928141,,18.86079041223017,
171090106002,40.46370093273133,-90.64924884744602,,4.248610222993131,
171090107002,40.44605455953694,-90.67245434979675,,2.3243837926228057,
170978608052,42.486871457340705,-88.17316938229908,,13.915423861991021,
170978608061,42.48547952381185,-88.12138394471584,,5.58063774202937,
170978608082,42.42320126451405,-88.15089018585337,,6.52599302791657,
170978608091,42.46822566747546,-88.12001635442549,,8.622567359691255,
171090109002,40.45267035882814,-90.69207586883162,,4.266528273021629,
170978608092,42.451837338756164,-88.11118180031008,,9.736342211824804,
171090109003,40.4381079535716,-90.69714425399755,,13.527561459210446,
171090111003,40.42138984499294,-90.7795254342985,,10.43560208030819,
170579533001,40.58454388002331,-90.03228738142475,,3.558443966195393,
170579533003,40.564359838505986,-90.0345856444155,,1.4127602538605133,
170579534001,40.553267958510894,-90.0318098122711,,1.0972188617552177,
170579535001,40.54782702954802,-90.03166525469142,,0.8333819265244146,
171090101003,40.54955668276121,-90.52772808990173,,7.219148570590035,
170438445012,41.85279665730096,-87.96529533379162,,3.99318008956635,
170438460043,41.80802203723239,-88.08484148685226,,4.355856627259589,
170438460021,41.79734107479583,-88.03535004867153,,1.9771079168531156,
170438460022,41.79092069631047,-88.04844218238328,,4.0280350733730454,
170438460023,41.80724959395895,-88.05152823070382,,9.130773355490044,
170438461052,41.784281609058,-88.14238901489313,,1.1638536170654923,
170438461051,41.790547907280384,-88.13874978236336,,1.5790440284315432,
170438461061,41.80593453101543,-88.13233985840009,,8.189392675249909,
170978641082,42.26702691699448,-88.01147186218678,,1.3260562481607767,
170978654002,42.183736904255795,-87.8022115894965,,0.6099535513338614,
170978645122,42.21351766034914,-87.97726264723815,,5.8641854836168825,
170978620004,42.36188754938316,-87.85038211400769,,0.7131994638028325,
170978613011,42.38272586644962,-88.10164325632589,,2.5134612260803713,
170978609032,42.39502307990393,-88.17644799965439,,1.0934509111427988,
170978603023,42.460471740657766,-87.8422867458995,,0.6022912713727719,
170978662002,42.22471491235305,-87.89264571097031,,7.10015375582463,
170978639034,42.273650384561826,-87.96961117943756,,0.7901105311788332,
170978626051,42.3378600713623,-87.8590884313759,,0.9004165795373598,
170978657002,42.15893146697525,-87.78045059366933,,1.1464315805432745,
170978623001,42.350095541035365,-87.83349063371475,,0.32456126772977595,
170978648012,42.17855074327896,-87.85682144095219,,0.7544481945667801,
171179560002,39.49167136837819,-89.76602759990301,,10.749196010042034,
170579535003,40.5302624502611,-90.05514835760367,,20.513509659318665,
170579535004,40.535723774875976,-90.0137654759794,,16.043301241285143,
170579536002,40.561430604147134,-90.02913523774336,,0.5375587297630167,
170579536004,40.56107667721652,-90.0099573902579,,3.862971134633956,
170579536005,40.55826057268281,-90.02324783805514,,0.6517858226114777,
170579536003,40.553535288207456,-90.02362515373686,,0.5933247948085545,
170438446012,41.8325970355195,-87.9386320071973,,15.889456489280999,
170438446021,41.866548255025016,-87.92697111109715,,1.9226978984189418,
170438446022,41.84791251172561,-87.92412383051462,,4.750110756288791,
170438446023,41.86440086295266,-87.94113917363775,,2.119191643180055,
170438447013,41.80554042977838,-87.97471119078796,,1.560657046333891,
170438447012,41.81340419714812,-87.98683655653684,,0.9196210086470394,
170438447023,41.81258597597807,-87.93298359497345,,1.4796111636611384,
170438461021,41.81004296911915,-88.10507854863611,,3.4513438604245263,
170438461032,41.77489944948383,-88.13765907656637,,1.0536354237848746,
170438461033,41.77794576284087,-88.14247695562129,,0.8999198018614268,
170438461034,41.78014818812134,-88.12112828764988,,2.551513993546503,
170438461041,41.78792015410923,-88.0970615366978,,2.2797570332154575,
170438462011,41.729949908064,-88.1102672619148,,1.4173574106925064,
170438462022,41.76049066093999,-88.10795630970398,,2.063773593702896,
170438462032,41.73982002361579,-88.11108346907243,,1.4273035871112962,
170978627002,42.345883200728025,-87.83889901105195,,0.41162665405124216,
170978655021,42.189008743171804,-87.79837464686592,,0.7255265626460332,
170978603012,42.45732692514303,-87.84996762894801,,1.029978185756792,
170978645201,42.18251486795613,-87.95421149094282,,4.209792730568281,
170978604001,42.42309791667539,-87.85310068150187,,5.249113301953139,
170978640023,42.25758025580444,-87.99663328603,,0.9589024802266127,
170978602003,42.46045491401686,-87.82485486491461,,1.8332513117029348,
170978604002,42.440830462942856,-87.84990569530025,,1.752217503168412,
170978605001,42.44002573371322,-87.82567972442085,,0.8125567964053358,
170978649033,42.16443370917597,-87.8560364145884,,0.9753735412318855,
170978614043,42.35514169386233,-88.07603358707006,,0.34242264040283715,
170438447022,41.813634967915085,-87.94788381967722,,3.2768568995777416,
170438448013,41.80612420539351,-87.99559054382495,,1.2626709945474834,
170438448021,41.8049425917436,-88.02211268249422,,2.4758843503423034,
170438450002,41.79975906176822,-87.96983147133231,,1.0526182624094202,
170438450003,41.79187574876834,-87.98006658368278,,1.2169345086889025,
170438450004,41.798221163598754,-87.98162740029296,,1.1506997904700862,
170438451001,41.80679364060721,-87.95632377211271,,2.3731723956142092,
170978608111,42.46731308285788,-88.09949042620183,,3.885494609820705,
170978608112,42.45615607143615,-88.07758036366168,,11.161384457353968,
170978609034,42.40016986201599,-88.14593314101184,,4.50624538507447,
170978609051,42.38959122792443,-88.1369576524499,,8.759429372034514,
171194007003,38.667185163200784,-90.16653323740417,,4.16893775714682,
170978609033,42.40881555951752,-88.1697390094076,,11.543837539489637,
170810510002,38.31712980890001,-88.90389516948558,,1.6433849678175787,
170810506002,38.30416965247931,-88.92911475792889,,1.0323339733503545,
171830002002,40.130422656356956,-87.6192025933812,,2.5821103189581227,
171830103002,40.24221163799581,-87.86365027246391,,312.90977505801436,
171830112003,40.1261147164533,-87.58924379762057,,4.14588968950175,
171018811004,38.70738097483413,-87.67983781677694,,52.99829030940469,
171018807004,38.75513344868592,-87.69837584064238,,96.72202018591503,
171018808003,38.62155745237406,-87.80545293475139,,348.7097026962617,
171018808002,38.697647200849275,-87.85328223899069,,78.91742081657648,
171018811001,38.72417766076918,-87.67619268204177,,0.6249303488644466,
171018808005,38.583309591403214,-87.65858875684661,,24.878705849802344,
171018807003,38.79042127674045,-87.83456151752345,,278.06917874796335,
171018807001,38.76905222291912,-87.5728224681201,,318.35517583916277,
171018807002,38.814976695842965,-87.69649970043207,,144.56513082545587,
171018808004,38.652221672379824,-87.6597044037737,,172.32689892065233,
171018808001,38.72308332418654,-87.88011831127065,,17.039581290506373,
171018809001,38.71267519729311,-87.74003209056522,,20.97580783406278,
171018809002,38.711758729204654,-87.75882005067652,,1.0556560027280786,
171018809003,38.7080167740706,-87.78327890213697,,31.749311477545028,
171018810001,38.73091513384589,-87.6767760887559,,3.312437813576377,
172010041001,42.45099395059452,-89.39045330607858,,6.7556869606361225,
171018810002,38.7329108357233,-87.69159380430052,,2.205824446200588,
171018811002,38.71980721760577,-87.68431985347928,,0.7725968148705519,
171018811003,38.724370803260676,-87.68964486230823,,0.9283196322766637,
171770003002,42.44756689618852,-89.84950791729005,,317.8648017753538,
171770002003,42.41206420558435,-89.7417093033276,,162.7108837043403,
171770004001,42.279597272085724,-89.78299606136129,,202.3877090788494,
171770010004,42.26984818395855,-89.64777185293799,,11.739740737806448,
171770006002,42.222089534707465,-89.45748211369165,,88.02630940546304,
171770007002,42.294150784953366,-89.58550711792643,,14.214975522815275,
171770001001,42.455045529233054,-89.51323443955091,,207.01837685951972,
171770011001,42.29257816942358,-89.63869881859503,,1.1460503135876772,
171770002004,42.39346793693511,-89.61757320724116,,60.444610530362574,
171770008001,42.310288393374044,-89.6426153414147,,5.074746735199447,
171194008021,38.72012036245036,-90.10930246116249,,1.0551760562371806,
171194009041,38.73859013279477,-90.10829669910083,,2.002028954415513,
171194009042,38.73926001125266,-90.1221996644034,,5.010840284738667,
171770008002,42.30366156096792,-89.62854070949628,,1.0674900796957443,
171635011001,38.60238699036695,-90.1353045918402,,3.681422350874023,
171635012001,38.60684219840395,-90.11959709126971,,3.506935138831735,
170450702001,39.762717649312435,-87.81473905030202,,702.7215215192148,
171770010002,42.291050491458435,-89.66173670079951,,3.373353661117905,
171770010003,42.28630852048343,-89.68246893744464,,5.964883096165321,
171770011002,42.2803419892688,-89.63735730535006,,3.2250876510105053,
171770011003,42.285752070147105,-89.6438411169551,,0.8612928928829579,
171770012001,42.29701949053723,-89.62872104920594,,0.5264373807512731,
171770012002,42.294140229201915,-89.6238101166093,,0.31348843126880416,
171770012004,42.287590755784635,-89.62354756027088,,0.8131936476591252,
170310315021,41.9627224960436,-87.65234865763482,1455.0,0.1469126192863441,9903.846293585522
170399717001,40.1613872736095,-88.9664483776006,,2.517975972865378,
170399717002,40.153369175469685,-88.96549190933453,,0.6612335403034219,
171635032021,38.51913965815965,-90.1128376060813,,51.96060528593038,
171635005003,38.629728799482486,-90.10598462189053,,0.693900586706055,
171430037001,40.94652704933052,-89.55979285417489,,167.15984089581974,
171430039004,40.84396770126511,-89.91862312880126,,198.87123389955232,
171430045001,40.70306439386831,-89.72310093869515,,18.259013154864085,
171430041021,40.73090330245499,-89.66125274497027,,7.375762224551289,
171430039002,40.82624063347099,-89.6902470012102,,107.19615633152948,
171430033002,40.7667111461948,-89.58497476891966,,9.933805752525181,
171430049022,40.716932423691524,-89.82001193768156,,100.16519262822861,
171430046003,40.63236854520342,-89.64683737341706,,28.89246861567032,
171430024002,40.72197633453046,-89.57951773208006,,0.8091521422623146,
171430039003,40.834891367327714,-89.79129217207733,,141.38106399484008,
171430038002,40.92900862473223,-89.86801136207798,,344.4363532955318,
171430045003,40.71333068845388,-89.69705180678531,,15.242108216185978,
171430038001,40.926220830988576,-89.70242443820123,,166.71426862653047,
171430049013,40.55111579205577,-89.8196078911609,,59.7989133146294,
171430046002,40.62602039333367,-89.67563018501146,,5.366262265476557,
171670018001,39.79153496665897,-89.64717121997077,,1.3666414040495556,
171670018002,39.781077450393916,-89.64859478635701,,1.637613375118258,
171670019001,39.7916376798643,-89.66091621276773,,0.7189417782577049,
171670019002,39.79154163499307,-89.65536013825044,,0.9341511393246583,
171670019003,39.78491223445792,-89.65756854990433,,0.7181746261522653,
171939584001,37.97369526850306,-88.15675627952297,,559.1892689370209,
170399718001,40.14466946749571,-88.96038154672634,,1.3043721934501942,
170399716001,40.245325114286736,-89.09096563818247,,132.7621909595974,
171430033001,40.78011194488331,-89.5937870394281,,2.712216536227687,
171430037002,40.8791499602911,-89.58583836215611,,111.5685827244431,
171430049023,40.65459741287725,-89.83139762089486,,106.69100492784727,
171430045002,40.69910246925223,-89.65878686673274,,18.03389546130242,
171430048022,40.661390436494095,-89.66417265363302,,7.046486521827747,
171430028001,40.74412847574841,-89.61630719485184,,0.6545890660629117,
171430049014,40.58632241936023,-89.70951168746149,,89.03642119164478,
171430025002,40.7172796634578,-89.58386927861226,,0.36420617705557445,
171430048011,40.66078505297864,-89.71358001601396,,46.552249948703846,
171430040002,40.661860415479325,-89.93090634279494,,135.5605282356869,
171430046001,40.65055681821184,-89.66680646874067,,4.439079530543236,
171430018001,40.702587750330366,-89.60454025088298,,0.6933465795709246,
171430040001,40.75401833139685,-89.86626738078328,,212.95521776024205,
171430041012,40.749129579624295,-89.73581514611247,,83.904067329023,
171430021003,40.716801097213356,-89.6104063972173,,0.4340869362185237,
171430048012,40.63001967453502,-89.69580099839199,,21.71064082946627,
171310402002,41.262122117989975,-90.9446751034377,,662.7328407399177,
171770001002,42.37401096379477,-89.4606421026027,,161.5955627856099,
171770004002,42.328411659339935,-89.8634436139929,,169.9720739337752,
171770004003,42.24200690377201,-89.87675242438651,,138.91871067269213,
171770005003,42.231623045254935,-89.68654855199111,,121.88625361002138,
171770007001,42.308708670625826,-89.59867645135327,,11.530406099567056,
171770002001,42.48215316533569,-89.61445686441695,,51.93821730311948,
171770002002,42.453757516777884,-89.66510676445475,,175.68041774796797,
171770005002,42.31530079869368,-89.7195733637005,,115.25882465615454,
171770009001,42.30963967339333,-89.65606700437262,,3.5394328989663633,
171430002001,40.67210747572442,-89.63980383640634,,0.8264214952570103,
171430002002,40.67255954676731,-89.63540911752327,,0.8638439983615249,
171430003002,40.674843315376165,-89.62793618055872,,0.9013823469459894,
171430006002,40.68002758107076,-89.62787662888395,,0.7207255435384403,
171430041022,40.720237221274836,-89.65207115210524,,4.575432714288947,
171430049011,40.59434602304747,-89.81478312746819,,95.49002963937436,
171430049021,40.653467205866086,-89.75840360859685,,45.35795596132053,
171430006001,40.68420054752189,-89.62745643627478,,0.617410953263285,
171430006003,40.67960082578299,-89.63745506610842,,0.5634434385570259,
171770008003,42.29799638652676,-89.6187468713957,,1.7170019044738543,
171770009002,42.30378242902228,-89.65740967232625,,1.2660188107476311,
171770009003,42.30175320332705,-89.67824302962727,,8.767434858116188,
171770010001,42.29083124017447,-89.64804027700131,,0.825814706550651,
171559546003,41.16179870624447,-89.27760009181421,,239.41579380659675,
171559546004,41.153427235502065,-89.18800833646993,,65.36276194724485,
171399769002,39.71730839451879,-88.48193683884175,,13.394245762082013,
171399772001,39.60372242305459,-88.61638139951553,,1.0408578024907809,
171399772002,39.60530980468926,-88.59995223155028,,3.467589046411444,
171399772003,39.59819058658402,-88.60705150260728,,1.3781963383048823,
171559545004,41.26598355813569,-89.2559339242672,,74.96717179871106,
171559545003,41.27263566322227,-89.23642250901058,,5.800228471080937,
171559546002,41.188539175145415,-89.40053344306162,,183.1519406049905,
171559545001,41.25185437111558,-89.19886454039597,,132.96024510959276,
171559546001,41.26456429850839,-89.30881275594204,,80.10417574153419,
171559545002,41.26623797736285,-89.21922530950616,,6.587895003402745,
170399718003,40.15846983942778,-88.94519473893186,,4.993210538828089,
171770012005,42.26765820486597,-89.62561900714374,,5.777200359270916,
171770013001,42.289354225878775,-89.60750725380882,,0.7227181860303091,
171770013002,42.28804765834851,-89.61866884894665,,0.6727151715531734,
171770013003,42.28514233416807,-89.61409387474166,,0.7523386488393952,
171770013004,42.274878819647874,-89.60512020218782,,9.923812268261711,
170179605001,40.02542223074566,-90.41825895588174,,5.378059685556219,
170179605003,40.01169139854917,-90.4247072998228,,0.8896321467974646,
171659551001,37.81366802304382,-88.45225664937665,,11.835936632968911,
171659551002,37.81784719780909,-88.44210620310831,,0.8367347162293349,
171659555002,37.806379916875805,-88.42568805912106,,2.3553418341588555,
171659557003,37.76767051085632,-88.65255020854687,,211.84282135546994,
171659558001,37.75289364220218,-88.55489038230805,,10.270398006914737,
171659558002,37.74020351101192,-88.54893093973273,,1.2654251730544255,
171659558003,37.73370129543932,-88.55816137857202,,2.7604711863070346,
171659558004,37.72988525554165,-88.55130905948222,,1.0729134035449361,
171659559001,37.75004783016205,-88.52619807377508,,11.667064046370752,
171659560002,37.71873166839756,-88.5620175175519,,5.027720489216123,
170679542003,40.27025182468083,-91.35341595373393,,467.23545737001257,
171479548004,39.84930980861855,-88.66319023313204,,231.64168358096853,
171479546003,40.03103539172856,-88.57290193645875,,1.2029104850672188,
170898519101,42.06284268130153,-88.33467144822754,,5.426886157195618,
170898522012,41.90235360318801,-88.31173828697877,,0.7749643427977102,
170898524035,41.73980340198032,-88.54198336347356,,71.26184755305451,
170898542003,41.74281893024074,-88.31713144801746,,0.5534687408220104,
170898524034,41.78209389482615,-88.54757367134252,,90.74979583910968,
170898527001,41.85883232160269,-88.30577042872603,,0.8909533727729728,
170898529051,41.77505513244653,-88.31476926326658,,1.4099750529563777,
170898542002,41.74643844575618,-88.31528996525998,,0.531429382333816,
170898511021,42.039937184322675,-88.29405203635558,,0.5993565004042483,
170898520024,41.911780120414605,-88.27903944806486,,10.360234677920964,
171635014002,38.5928940642619,-90.06665554649464,,1.6450682905948764,
170399714002,40.253582498617355,-88.62180470188873,,49.9078413091199,
171239614002,40.9749864905826,-89.36657383782675,,253.37905967262571,
171479547003,39.85491377048762,-88.55863831365066,,170.66623080142196,
170179605002,40.016100608992616,-90.43459910902934,,0.8689618643526852,
170179604001,40.008679438016856,-90.43068412058562,,0.7271816525114553,
170179604002,40.00447701861973,-90.43573351739872,,3.4118219144409383,
170898506001,42.089431668648096,-88.3046678673741,,10.10524150529854,
170898542004,41.73961856655967,-88.31719707005361,,0.482820709845702,
171599780002,38.71908336845246,-88.09418857266296,,5.75464127574222,
170850205004,42.34571874838283,-89.99694908509309,,8.664874600414285,
170850202001,42.501296568757404,-90.63627659595244,,6.3879021965926945,
171359579003,39.1532581649599,-89.50326794500592,,3.9011039721130327,
171359573002,39.30272838886916,-89.31879974722244,,114.14551057334053,
171359580003,39.112063461899766,-89.49493505779711,,34.99664748749132,
170259721002,38.670546777074215,-88.45762269804449,,33.59957652850286,
170259721003,38.68165769734529,-88.48012377042284,,6.69118802454142,
171479548003,39.890743088840445,-88.71652392210936,,72.79341402133599,
171670006003,39.81547293962361,-89.60989045148631,,1.4735074309552656,
171079532004,40.146075576651896,-89.35572565625058,,0.9283507240136554,
171670006004,39.79782214605487,-89.60564647865534,,4.134993739370466,
171670006005,39.80646310004251,-89.61440433347632,,1.0194111428061208,
171670007001,39.81520760066987,-89.6193051681583,,2.3899198152024312,
170399718002,40.14196873113983,-88.94983528984818,,7.420866933069207,
170659732001,37.991909309474615,-88.4310397749834,,309.5879123353126,
170659733001,38.12981269128275,-88.64694886487622,,190.2464542232431,
170659732002,37.99298433682285,-88.53661674021915,,270.88733355405446,
170659733002,38.207368050180605,-88.60886150682668,,238.32833751571366,
170659732003,37.996583377883724,-88.64554863333233,,325.78919909018987,
170659731003,38.09221003454427,-88.56546444157391,,19.012446178862604,
171659561001,37.700240928457134,-88.59036639902801,,34.49553279507328,
170659731002,38.11285883263443,-88.55747817535558,,12.249496952303273,
170659733003,38.17069741054852,-88.45353980138046,,447.1386440202972,
170659731004,38.08429945946239,-88.52132059209282,,8.458823380896249,
170910101001,41.23759653298857,-87.64620438420042,,16.9635639839095,
170399717003,40.14519185516561,-88.97483082007908,,4.708406660532278,
171670005043,39.82549561325133,-89.61919693583516,,0.8341688549375138,
171670006001,39.82289875402251,-89.59847735068288,,1.1799890205205015,
171670006002,39.81106952691248,-89.59958735028167,,3.5052224605547537,
171659561002,37.70027101633866,-88.6422561350282,,49.71959493580281,
171670007002,39.81286002601963,-89.62866743097074,,1.1564917373836896,
171670008001,39.809570701010486,-89.63558013427021,,1.8192117761397906,
171670008002,39.80468421263854,-89.63778589782548,,0.33770868899957074,
171670009001,39.811427314188954,-89.64346358472815,,1.667079322514327,
171670009002,39.81187218786586,-89.64826941244142,,0.7609986552526464,
171670010011,39.80982112690057,-89.70646072045162,,2.627043151473171,
171670039013,39.66757427122276,-89.53523610494702,,75.07830491092813,
171670001001,39.85665251545726,-89.60617452080572,,8.410981349688825,
171670001004,39.85168988036061,-89.67399576653337,,34.61066535296339,
171670002011,39.830467622277716,-89.7013145405351,,6.319996572010973,
171670002012,39.8178352275122,-89.69393088861828,,2.5807428588097046,
171670002013,39.808614128876265,-89.69244947939791,,1.1060293269665051,
171670002021,39.82267531089526,-89.68116603125546,,2.795786306968634,
171059609003,40.75150132556597,-88.40693656281815,,2.228035846943523,
171670034001,39.59228002302788,-89.75372325180045,,1.0585753162459774,
171670036032,39.7342847339389,-89.72889562635135,,32.04318520876858,
171670002022,39.811000302131646,-89.67296774284421,,1.5428826909599138,
171670002023,39.8121327149935,-89.68227776685882,,1.1858236524424721,
171670002024,39.804622420829126,-89.68085706896248,,1.3948176994984651,
171670003001,39.81581476802934,-89.65868654231105,,0.9576909599478656,
171670003002,39.80834613610904,-89.65753731539404,,1.582963058371524,
171194008024,38.71270317581108,-90.11773215070188,,0.9037875698532504,
171990214001,37.621943071429676,-88.92688565964251,,62.113915258406315,
171990209002,37.782210216378445,-88.9053952978611,,28.989059373574957,
171990206001,37.83484107988872,-89.04681770217624,,33.47203609186149,
171990203001,37.78805952913649,-89.05025890073968,,11.02333539280535,
171990209003,37.74431586398892,-88.89923100886179,,22.315151718120223,
171990207001,37.84132228606686,-88.9479770136933,,47.44442767936994,
171990204002,37.807150495353696,-89.03057432993256,,0.7128538062109327,
171990205003,37.79699834688912,-89.0101967746436,,4.563622817508051,
171670004001,39.82746513816262,-89.64074648501986,,0.9663442728098206,
171670004002,39.8266418132127,-89.6492687558098,,1.2868210397711046,
171670004004,39.8162270026277,-89.65081598025986,,0.6584945366369591,
171670005011,39.83646736941388,-89.62397322237025,,1.8849601297654734,
171670005012,39.83830502223163,-89.60658621524924,,5.867907810673698,
171670005031,39.82921541903745,-89.6254740369144,,0.5949745263100753,
171670005032,39.823671014287655,-89.62580087374928,,0.9100440387218521,
171670005034,39.82601900460836,-89.63248117511388,,0.742327084424366,
171670005035,39.822436390882714,-89.63815268197075,,0.8796461148968394,
171059608003,40.75731573064889,-88.51196254884782,,5.807637769796385,
170438457034,41.7542736943535,-88.02830362339,,0.6099477668221076,
170438457024,41.77765298305927,-88.01351657445775,,1.4504472742637078,
171670005041,39.827676055901,-89.60390653683237,,1.959269156341362,
171670005042,39.82686283177054,-89.61419273173452,,0.6844493235357807,
171990201001,37.84209857092313,-89.13316007339093,,24.73505292138586,
171990201002,37.82266132771629,-89.10335244896076,,63.50539431224539,
171990202022,37.75878597412648,-89.10881347931033,,11.722798256195555,
171990207006,37.8088925985782,-88.90924340344611,,10.701089072672856,
171990213002,37.683105651384636,-88.93667946384838,,55.56438911762069,
171990212001,37.720679858580844,-88.96234409278804,,10.565704634089641,
171990213003,37.70169945286701,-88.86548637273003,,77.86819828199093,
171990203003,37.792860656671394,-88.97398121004184,,38.03751873417322,
171990202014,37.77855364463851,-89.07513133070104,,15.115475223695514,
170659731001,38.10329033221342,-88.53134736893479,,3.3075862682529755,
171990201003,37.794178144428415,-89.11684368703446,,10.52668174492195,
171990201004,37.780365064921426,-89.11124306829878,,6.714229222544823,
171990202021,37.760262551995446,-89.13655044543181,,13.694820050097054,
171990202015,37.767085028232806,-89.08649771426057,,4.000410130484853,
171990202011,37.75264843452152,-89.0864619458144,,4.367713899130462,
171990202012,37.75269090785331,-89.07247220607009,,2.2227290156709576,
171194008025,38.719238237891545,-90.11876793852709,,0.9398582729203747,
170312402001,41.91244169977754,-87.67018161626189,1452.0,0.3001350958519517,4837.821434638991
170310511001,41.94136520400027,-87.68082663934402,1556.0,0.29427584315861866,5287.555999495667
171239615002,41.000863950787725,-89.13642991270962,,25.917017851012897,
170010001001,39.9563759700263,-91.35157993361625,,15.489657842037039,
170010001002,39.94458645719402,-91.36288863297283,,1.6555376640220079,
171790216041,40.60163006818526,-89.47985333215257,,16.501203208028812,
170898504001,42.097869141722796,-88.25150166721437,,7.038988170930894,
170898505002,42.08058596351274,-88.25853080233105,,15.906034588703994,
170898505003,42.07788418461223,-88.28196069721336,,6.0425021275495885,
170898505004,42.0937808603461,-88.28437378206999,,0.951747288159053,
170898506003,42.07425916076838,-88.32505907809175,,14.40955888870082,
170230601005,39.2657216255026,-87.71854251431297,,394.7822354031742,
170230602005,39.388000560523324,-87.69078191080195,,0.8785467228377576,
170230604002,39.32739791807986,-87.91565718378419,,627.092219995514,
170230601006,39.21661845103603,-87.6447455301122,,163.5759403769872,
170230602001,39.399281446896765,-87.67462028539138,,30.60680646800358,
170898507032,42.04859159574609,-88.53990850327241,,17.29175475930787,
170898508004,42.047457814695356,-88.26700349658299,,0.7176093426399371,
170898508005,42.05193983368862,-88.27524797606274,,0.6341284540831934,
170898508006,42.05816043670701,-88.27764158554226,,1.4154646466945335,
170898508002,42.051502817744606,-88.28249929831472,,0.9745343066239543,
170898503014,42.13621555904355,-88.26162049075434,,0.9509523875852325,
171179563002,39.36754069198796,-89.81154436545242,,392.5140190743652,
171830001002,40.12094128762372,-87.62509230807687,,2.2447844844585942,
170898510002,42.053299592899144,-88.30408485208334,,3.7463959116445302,
170898546001,42.04133112415275,-88.2804839154823,,0.4486742012082679,
170898513021,42.04534596575706,-88.27222082096806,,0.8224089182017043,
170898513013,42.0386809087369,-88.2723731749109,,0.33602787984811966,
170898513012,42.0338276508009,-88.27274112455999,,0.7357634520170844,
170898513022,42.046218741846936,-88.28108577840452,,0.7500761251447169,
170898514003,42.03047035895519,-88.26608117589934,,0.6396843589929548,
170898514004,42.02871611177876,-88.27115405145919,,0.4343133707060038,
170898514005,42.02500134360114,-88.26775590991687,,0.5293829451711811,
170898514006,42.02228375443046,-88.27117927434514,,0.36090101080780157,
171978839021,41.36411499785113,-87.57195264240968,,65.1626153807402,
171719706002,39.68607117742936,-90.52955779581228,,354.8271034680348,
170898515001,42.02345025644279,-88.27679045236039,,2.3001183038226443,
170898516001,42.03184972076499,-88.28846624743292,,0.8212169613555648,
170898516002,42.02698313101526,-88.28834120526531,,0.5596879149543308,
170898516003,42.023786023201424,-88.28056757524865,,0.5294473351942882,
170898516004,42.02375585779787,-88.29218470630136,,0.8395169071000224,
170898518013,41.989775939717774,-88.2895497444221,,1.1567116937691098,
170898518014,41.99204685252945,-88.30046883413782,,2.284160439830037,
170898518011,41.99153350519901,-88.3111579366193,,2.278686950004739,
170978655011,42.198064859137496,-87.800571133769,,2.3953924685479793,
170550412002,37.98797613159799,-88.75894161750533,,166.54299465499335,
170550404004,37.88228994885705,-89.06267966350967,,23.80581700030144,
170550404005,37.92864055105962,-89.07766902520078,,98.08680965026741,
171610204001,41.55492188883468,-90.40329566714799,,1.2237770004966104,
170550403004,37.9612331778289,-89.06516222357722,,7.4300490201908165,
170550406003,37.98609158701311,-88.92689000534244,,2.5063153023263762,
170550411003,37.89735290540938,-88.90386269149528,,1.0346715562351414,
170550406001,38.00982335421802,-88.94340426459121,,16.39809789378249,
170550408003,37.93020994908979,-88.92445459728184,,95.30778418722772,
171635015021,38.56608733489585,-90.04409385514661,,2.318632594236899,
171635015022,38.558781878490294,-90.03503710183298,,3.3076160464522477,
170898519082,42.02541001486349,-88.32716959829318,,2.35189038391422,
170898519092,42.04458960963812,-88.31416684685797,,0.7121895506032995,
170898519041,42.029324195013864,-88.31563353119887,,1.2784932082893554,
170898519042,42.03738793079728,-88.31765152988834,,1.156274521935816,
170898519044,42.04599303844383,-88.35871144719721,,9.08298569109281,
171579508004,38.190606297192495,-89.94004856244872,,77.46281124456709,
170550407001,38.00438006459327,-88.91717183654548,,0.9236182146433427,
170550402002,38.02354444596836,-89.01539620478457,,53.969082541615926,
170550406002,37.995799268366966,-88.95471512564676,,8.499140235166434,
170550401003,38.080682257988556,-89.04557128294536,,6.296573499536156,
170550402001,38.001096453680326,-89.110039696134,,113.47577353656202,
170550405002,38.05837374682019,-88.88740503673174,,65.98965615002024,
170550401001,38.0894039723741,-89.08955564314479,,79.64796460438481,
170550404001,37.88433025906407,-89.13262031381564,,25.73421629900601,
170550402003,38.002364638889546,-89.06572256791152,,25.673993872562097,
170550402004,37.97893832601649,-89.00711696706104,,37.76561550822035,
170898520011,41.97562547153014,-88.28817897717288,,4.331943505318499,
170898520012,41.95899030996054,-88.28118857051503,,21.7728795649358,
170898520022,41.90382315067498,-88.30140156683142,,1.5331020639768125,
170978656004,42.157875487271724,-87.76764108296076,,2.0608735433556205,
170978656001,42.1612566408874,-87.77623661634821,,1.1245949933233343,
170978656003,42.17232950097816,-87.78638518200147,,1.0165758536940028,
170550401002,38.0824735734975,-89.00631056387567,,106.56528023366936,
171978836032,41.45731461579228,-87.68990031723438,,13.601652303867395,
171150002004,39.84305188451195,-88.9428330396464,,0.5569659078791476,
171150003001,39.83778545797334,-88.94298938546106,,1.0352286421708248,
170898522013,41.899921674145716,-88.31642942400185,,0.8474093651849887,
170978620002,42.37267831727712,-87.86073376761951,,0.7450595450124351,
170898522011,41.90143655781384,-88.33029901183092,,2.01264905905551,
170978649041,42.159442385988235,-87.84293197534411,,1.297784126532761,
170898519083,42.00977985085633,-88.3262085798375,,1.8421812230887578,
170978657003,42.156018366937694,-87.78824699884274,,1.8622027726172055,
170978658011,42.165294917279056,-87.806636489456,,2.637847682575308,
171739591002,39.61742747756024,-88.99151707733346,,15.668780018844556,
171150014002,39.81010666921295,-88.96152115684899,,3.7025180215772306,
171150015001,39.84490042921884,-88.99705025346157,,3.146714493841362,
171150015002,39.838147547511674,-88.98911014184492,,0.8881445117278051,
171739592003,39.379277564133936,-88.96174713458176,,44.80031071468107,
170978658012,42.16499768578868,-87.8126184075695,,3.114057339970551,
170978658013,42.17799563560556,-87.8253967814998,,0.5683826685236923,
170978658021,42.16153590210611,-87.82122172460572,,4.682237070831537,
170978623003,42.35471472221388,-87.83257939508479,,0.5908604444371004,
170978645121,42.202649552099395,-87.97434334310603,,5.994856659872188,
170978649012,42.1716468006168,-87.84514115550908,,1.5727037993272044,
171150028001,39.98756156508208,-89.084249555752,,228.76011576755113,
171150003003,39.83263965507691,-88.93995641399562,,0.4941669884414611,
171150028005,39.84768823565374,-89.04829767653412,,42.519010217396456,
171150011002,39.849884141583466,-88.91524510705952,,7.062342395002478,
171150026011,39.80652367590862,-88.99933326684041,,14.332612586561588,
171150022002,39.91958085733712,-88.80194842452981,,161.92937116565054,
171150025002,39.72113775089523,-88.84857880239845,,245.82114837615052,
171150030002,40.0071700568139,-88.99266473513309,,102.84835750999896,
171150022005,39.90153653257993,-88.85359459824197,,96.61409473896506,
171150023001,39.80116642615315,-88.82877397311108,,31.730091778466566,
171150018012,39.86788895440233,-89.00920286922332,,9.492023387515165,
171150030003,40.004754975427176,-88.91356668455968,,107.12841059778627,
171150015003,39.83035778401794,-89.00187892793618,,24.06054036656175,
171150027001,39.77410219199927,-89.08052052143135,,121.02252136545425,
171150029011,39.93711684019065,-88.94272078951464,,43.748924986467,
171150026021,39.68341431358437,-88.97262242427335,,97.91690844598556,
171150030001,40.04515640164616,-88.93746548165302,,9.123869337696275,
170898524031,41.94093232278926,-88.53601270808682,,167.94979953466398,
170898524033,41.851945440307226,-88.5464394888895,,170.41934502740216,
170898525001,41.87896510528653,-88.27856301730104,,16.127910782545417,
170898525002,41.868944271362494,-88.29682175935149,,4.3147734261559565,
170898525003,41.8846270525273,-88.28790905325589,,1.6366702660299557,
170898545041,41.78632268551178,-88.46310036142646,,35.717019580667305,
170898525005,41.89205809792638,-88.29569822810979,,2.4393767083746924,
171150011003,39.84378609836848,-88.9190500021838,,1.1692678500715368,
171150012003,39.83157644826272,-88.9317889878109,,1.256608354961322,
171150014001,39.82119397300934,-88.95895777244895,,1.03750198113426,
171150028002,39.8718589148428,-89.13967497063331,,256.2816617615698,
171150022003,39.89957494766418,-88.90820561432474,,4.880359564992407,
171150022004,39.93719588862147,-88.87484044675175,,24.29363662080932,
171150024011,39.82941066973527,-88.8898501435593,,4.12508006848489,
170999639002,41.14301009267116,-88.84633177649604,,5.129285236359944,
170999639003,41.12949292374328,-88.84331990434525,,2.5226062013029495,
171150006003,39.8524061913555,-88.96808821834495,,0.6683302210704908,
171150009001,39.85721777721592,-88.93245627522127,,1.5977689136557296,
171150010001,39.8603899388106,-88.90841167987935,,3.8692628705664824,
171150012002,39.83732325526469,-88.92968523045599,,0.6658494649802597,
170898526061,41.86945213554591,-88.31667243681989,,5.317493286930685,
170898527005,41.853571181352685,-88.31707769518454,,0.7845863957384864,
170898527006,41.85699698271804,-88.32649693548436,,2.7332516250197787,
170898526062,41.87162821800845,-88.3320472474871,,5.634518248598093,
170898528062,41.83192795801845,-88.29065391049112,,4.689395760627315,
171150024021,39.82676166551976,-88.91161846442347,,2.147083412451848,
171150028003,39.85239110860068,-89.17935265224122,,9.612425036777688,
171899502003,38.40692155483018,-89.62612124276507,,188.58742177764216,
171899502005,38.3274504432079,-89.59880063575447,,204.52626001837237,
171899503002,38.34332627674653,-89.39328143376588,,3.0699362010104756,
171150019003,39.858016369297054,-88.97106246822422,,0.4227169092230817,
171150024024,39.80175856442741,-88.89267122187343,,12.627119328102065,
171150027002,39.69773373180479,-89.08431525858398,,156.09865922147387,
171150030004,40.012302521872805,-88.81002798863635,,180.45294375898698,
171150002001,39.84262081817273,-88.9264000454815,,0.5373087235426179,
171150002002,39.84398265974265,-88.93354099786114,,0.9471978756934855,
171150002003,39.84293920050817,-88.93838377875186,,0.4274613112192515,
170898530082,41.78431167852476,-88.33523572463736,,0.8419718101163859,
170898529071,41.77301958888321,-88.28660717851751,,1.391157060339438,
170898530053,41.76932113553848,-88.37110806750829,,1.0199239177186807,
171939581002,38.081637341228344,-88.17624637079726,,1.8212075558173577,
171939581003,38.07637037296703,-88.15327242494308,,5.899741087563451,
170978644101,42.19298047377792,-88.0653326394961,,2.0655084685027423,
170978603011,42.450159317960654,-87.84982324304998,,1.2902615148911059,
171150003002,39.834863261052234,-88.94686538739504,,0.5792767603663811,
171150003004,39.82853012598214,-88.93949089004981,,0.6094087808079564,
171150003005,39.82971545690475,-88.94998800305657,,1.422136551619266,
170898539005,41.75962552673351,-88.35377939137159,,1.4250574039922073,
170898529052,41.774858019525894,-88.3252844018572,,1.3819704108688247,
170898529053,41.786504122889234,-88.32355263010501,,3.7440388783834075,
170898530011,41.78466589246682,-88.36161708648217,,0.5334952437894597,
170898530081,41.79150500345407,-88.33940350579974,,2.5050211224841097,
170898530063,41.768695842891404,-88.35236051957945,,0.8151616259930974,
170898530051,41.7761279110793,-88.36687184507485,,2.562698017649103,
170898530052,41.76677477045987,-88.36457620141454,,0.8648938857322246,
170898543023,41.73990767611296,-88.30651298014857,,0.735799195604593,
170898546002,42.03620221785245,-88.2806826297077,,1.1424750209953978,
171150004001,39.834279002468925,-88.96853674014639,,1.6529188594608257,
171150006001,39.85294923436474,-88.96060478851541,,0.3636877101709174,
171150006002,39.8484572457249,-88.96451182775485,,1.0278326446596562,
170898532001,41.76557203303496,-88.31394886100706,,1.177287021734457,
170898532003,41.766007469619936,-88.32674961974949,,1.0668372571889548,
170898533001,41.77059031023719,-88.29571203492812,,1.0961230828549828,
170898533002,41.76560695670161,-88.30656774920676,,1.5725540765281707,
170898533003,41.77478103943269,-88.30086944261899,,0.7427479563841013,
170898535001,41.7668094262815,-88.28629284081522,,0.5404497161788053,
170898535002,41.76346977403914,-88.28646437019034,,0.5361111028322557,
170898535003,41.759869488735,-88.28631404032708,,0.6288197368303495,
170898547001,41.75729343055357,-88.3148980770435,,0.7954184712133663,
171939580002,38.08825625629344,-88.19080302977204,,9.958187317156193,
171939581001,38.08782524277583,-88.17146880370079,,1.287747923895988,
170898539001,41.75962685881762,-88.32575189099762,,0.6556291043838672,
170898539002,41.75745554935313,-88.33578975428702,,0.7981330965510066,
170898539004,41.760148469839734,-88.34310134912565,,0.841011131990232,
170898540012,41.747798363215466,-88.35833270299388,,2.815743227972593,
170898540013,41.74862099629784,-88.34020889689022,,1.0267891559760753,
170898540021,41.73904142562358,-88.33813178146917,,1.629902672737445,
170898540023,41.72783590338997,-88.33035602117448,,3.3458795999774726,
171939581004,38.07038314177802,-88.17430710059622,,10.02373875902746,
170898540024,41.726673769732436,-88.35945414587484,,3.8677467561582906,
170898540025,41.737747941190015,-88.35876718079794,,7.982547309282345,
170550404003,37.9039036408843,-89.07147998343811,,16.324140167364334,
170550407002,38.00591006666298,-88.90735248718369,,1.449291366837919,
170550409001,37.912777778087325,-88.93996105057813,,3.7698919290520916,
170550410002,37.89844516329247,-88.91881895103135,,1.2287750656518768,
170550412001,38.078675605971206,-88.79510323313023,,261.4516901975065,
171579513003,37.912144383951926,-89.82707245015425,,1.237710005211756,
171579509001,38.07516515038113,-90.10161809280508,,147.4781983340248,
171579509002,38.07266932169036,-89.99103003244032,,300.2168316724427,
171579506003,38.125218917956204,-89.70593296002154,,1.1267465890920483,
171579505002,38.16965798050193,-89.63827000000572,,106.82520062125616,
171859573001,38.434923600909606,-87.77379987644923,,7.388292339751533,
171859575003,38.38579634456096,-87.80211022777893,,40.748419831729315,
171859572005,38.32621052801205,-87.8965891882338,,204.2357591443433,
171859572002,38.50279943311857,-87.79094358900434,,171.61198356948037,
171859572003,38.5073122521983,-87.89272254278384,,248.08002086305223,
171859572004,38.40476991111814,-87.89912946296633,,131.62314527210037,
171859574003,38.41114104333493,-87.75869468187459,,0.6647079469529417,
171859572001,38.52762067518864,-87.7019313020534,,107.16057487338131,
170898503012,42.12622086778287,-88.26304385933261,,1.7552076131840835,
170898503013,42.124811774925824,-88.27681515795703,,2.6740454991133986,
170898507031,42.02228552263048,-88.53266694022003,,175.63866358879034,
170898523002,41.90936514285624,-88.31254222694785,,1.3902491340019303,
170898543013,41.74760655428237,-88.29940755653963,,0.5822320567537291,
170898543021,41.73581038901056,-88.30730482480621,,0.7353998882376428,
171739591001,39.63933981305218,-88.99195894838988,,31.46923304329774,
171739591004,39.514191299206146,-88.75486083137558,,64.65479350262193,
171739592004,39.40550912600528,-88.8479249372744,,156.45724913258812,
171739592001,39.48538552646915,-88.88782460987034,,297.44623284420993,
170830104013,39.130872747074235,-90.35126398730971,,12.564494030736608,
170830104014,39.12306246211337,-90.3354070749276,,0.7470056982467324,
170830104011,39.11363205623144,-90.32591515253647,,1.43048823794677,
170830104012,39.10050594128032,-90.33391816577296,,18.509897768657247,
170830103001,38.9784918889931,-90.3638981032229,,31.211398919538787,
171739594002,39.39211446157596,-88.69618686284954,,216.97116722530296,
171859573003,38.42524570235838,-87.80339162815383,,25.979996905556405,
171859574001,38.43385518236354,-87.75002106671984,,16.47555763691505,
171859574002,38.41793750867501,-87.76345558236716,,1.16915221248073,
170898528052,41.81225749386451,-88.3163205113382,,0.4891326290089533,
171899502002,38.43993566710377,-89.55891774926843,,43.33955894305249,
171899502001,38.44697013320345,-89.50741579721654,,64.88453145183131,
171899504003,38.27875908477469,-89.29772664184017,,326.1941379118193,
171899501001,38.438128371171175,-89.1620017739019,,15.96698010897787,
171899504001,38.328541643632754,-89.18764534283139,,51.79704760113501,
171899501004,38.41366734754522,-89.22377744616374,,330.0917000858002,
171899502004,38.37783539744634,-89.47624780539032,,180.4871768605119,
171899504002,38.256771422045716,-89.18203801974914,,102.78800129142166,
171899501003,38.452184945530256,-89.38199460392231,,238.1667792944224,
171899504004,38.274547157350796,-89.4487940158687,,255.15524430841697,
170438413232,41.93944694284209,-88.16993801154548,,0.6197600660923127,
171859573002,38.421638869264584,-87.77419998064177,,1.2554224013321693,
171150016001,39.83909257510413,-88.98221580441614,,0.6618761184478792,
171150024022,39.8239282749957,-88.89543622736745,,1.9665749768610825,
171150024023,39.81264684497961,-88.90269659048346,,6.4248004143874,
171939584002,37.97734850604961,-88.32903390478661,,5.716027013177796,
171430036021,40.91985262961251,-89.47980594686913,,8.30923764760799,
171430036022,40.926590170600974,-89.48985752254,,1.0114938001067215,
171978802023,41.66087760496585,-88.09945694659537,,7.935289453561852,
171978803073,41.72181209243651,-88.19673710284737,,2.2548182332039426,
171150017001,39.85096832875765,-88.97521344272833,,0.5539040960093217,
171150017002,39.85364728554148,-89.00425558012766,,7.435558576617768,
171150018011,39.85967066389642,-88.99236377240794,,1.352008084467671,
171150025001,39.76103925928451,-88.8644973897087,,8.570237240869279,
171978841011,41.598776788803434,-88.12643547054559,,0.8615008176189186,
171978810022,41.63556835311054,-87.96518922890655,,6.952147066454566,
171150026012,39.8117715210911,-88.92495553961032,,6.3684588204448325,
171430036023,40.93006766933477,-89.509084852124,,10.161943514991071,
171430043002,40.73338987149743,-89.57927263270463,,1.2572917236506098,
171430044001,40.69760904040429,-89.63643506796173,,0.44872095891000585,
171430044002,40.70503512822624,-89.63394868201192,,3.329247487582361,
171430044003,40.69788162252772,-89.6276281846489,,0.5961700997937888,
171939583001,38.070087425080054,-88.30431271843308,,121.98391769588885,
171939580003,38.09232699968625,-88.1725752609819,,0.6627963731612119,
171939582001,38.11498370631237,-88.03821585906311,,356.71404674519533,
171939584003,37.97157544168327,-88.3336398367641,,169.02233147206292,
171939583003,38.11667685891634,-88.23564227129022,,192.89498340345824,
171939582003,38.187018466185414,-88.14747742489826,,335.8325945904719,
171939580001,38.09453559190712,-88.16241732382379,,1.9120078429180651,
171150018021,39.87103672705697,-88.98146339871576,,2.917512230381403,
171978804171,41.57994791654644,-88.18240316411182,,6.460638711749228,
171978809051,41.55610452769296,-88.09272510871493,,1.0531169978648773,
171978806012,41.59348561998552,-88.03308505560287,,1.5740501306837607,
171978807021,41.5594339191327,-88.04429149123719,,7.894370573688837,
171978835142,41.550879138254594,-87.82255027225604,,14.520692723454523,
171978816031,41.54053219025976,-88.13619319943814,,1.1773590157272737,
171150018022,39.859916901360855,-88.98002355207556,,2.521901708684198,
171150019001,39.86523794605174,-88.96824343756,,1.2136245429412487,
171150019002,39.857856149194916,-88.96645425305718,,0.530408523820811,
171635033222,38.54862461564991,-89.99235723951955,,3.9764416891394054,
171635043512,38.6010014021522,-89.9064525342145,,2.128691503886483,
171635043551,38.63766136614915,-89.91971666150665,,10.95358806841403,
171635033224,38.56511002988797,-90.01671755805965,,5.82542608842072,
171635033342,38.53676916207209,-89.95203225296764,,1.7085275654487933,
171635033223,38.56788798987716,-89.99250213396789,,1.7991804994354288,
171635034131,38.597172532320535,-89.97606163147597,,2.62756597603434,
171635034124,38.652848846927924,-90.00166783575328,,3.5819323331832997,
170519505001,39.13656126002004,-88.85887434823158,,249.5293139754606,
170519506003,39.006104354255825,-88.96175693026792,,55.35732351950114,
170519506002,39.04071568903127,-89.01769038158686,,247.23845784391398,
170519508003,38.96550446215232,-89.11872402641293,,4.5585626820610585,
170519507003,39.03030755068189,-89.19904544762237,,307.55710704128614,
170519510003,38.87867231585922,-89.05137845537426,,149.99341897894348,
170519507004,39.035615385298705,-89.11941991349882,,79.64396030035142,
170519507001,39.14819089681357,-89.08137501149817,,133.1900050015451,
170519510001,38.91964676510887,-89.11215829754086,,167.66907223121888,
170519511003,38.871782441910305,-88.818351695578,,193.65244619456087,
170519508001,38.972410737755595,-89.09140143195593,,3.3062402732211793,
170519510002,38.833093092799906,-89.19692529023388,,348.3675220317035,
170519511001,38.95520050595052,-88.87245731789973,,226.69961021712393,
170519505003,39.01330533118207,-88.8646410582067,,12.000569915378122,
170370003002,41.91168630578053,-88.87747748885386,,271.6578579563312,
170519507002,39.16890021165406,-89.17780626831738,,232.4436384103079,
170519505002,39.038836676564685,-88.86421058677278,,89.74470507883873,
170519511002,38.88857556708511,-88.96325162609718,,220.60668690314404,
170370018001,41.79900774356391,-88.86376026966782,,277.3236990759244,
170370005002,41.98886301238169,-88.73721589786439,,35.77956949278233,
170370016001,41.903247679707036,-88.6998747242782,,17.97391319896948,
170370018002,41.69895884015868,-88.83487004655572,,406.34136225226933,
171430045004,40.69331654381885,-89.68490232909802,,2.766033159269519,
171430046004,40.64087264241753,-89.67105557996906,,0.804245782219714,
171430048013,40.68095707023776,-89.67744908093002,,6.097177902153545,
171430048021,40.675472561720156,-89.65220167959613,,3.7935462059033003,
171430048023,40.666882880433974,-89.65194411837949,,2.771061908526865,
171150021001,39.870698538662175,-88.90272428586503,,11.134235460953533,
170999636001,41.33601948324795,-88.83203833113959,,1.5300066517906514,
171978836023,41.441136557692595,-87.76223279786589,,45.292007984683174,
171978815003,41.54672900577298,-88.1190738870797,,1.460292674045891,
170999636003,41.33213728389246,-88.8490267325063,,2.0490836053040877,
171978804213,41.58247483557101,-88.23125537127386,,14.296688259844817,
171978828023,41.526057765298965,-88.13280854890803,,1.9401081621789877,
171978832113,41.503269137831765,-88.1813729342975,,17.01392882589355,
171978835071,41.44806045887636,-87.84600281246159,,85.24760080638585,
171978832163,41.532506807810286,-88.20366037215084,,1.0522333716953667,
171978833031,41.45460128634524,-88.23395636566816,,9.449926600280303,
171670003003,39.82323100128701,-89.66737185278748,,4.523098754316667,
170519509001,38.960287684406254,-89.1007392906348,,0.9930529333311187,
170519509002,38.95156630961575,-89.11582059367434,,6.635892744345494,
170519509003,38.945374753482476,-89.10137755977028,,6.451646895242329,
171150021002,39.869936810708644,-88.93833076172693,,5.648410659766228,
171150022001,39.88503504272433,-88.90724629643354,,4.403646241950173,
170999637003,41.326593370226085,-88.70421747653222,,1.0808581982808074,
170999638001,41.132172012629226,-88.82419825842675,,1.8804969260435538,
170999638003,41.1369120754908,-88.81319166202012,,12.253691520462338,
171430049012,40.57433590201587,-89.82109649706891,,5.605605993840371,
170999639001,41.13319776756706,-88.83379789238579,,0.8800507094197316,
171978819002,41.524990992551224,-88.08893781229206,,0.4554966056294106,
171978833041,41.31910060605037,-88.07398108111926,,101.90842004780843,
171978835041,41.511495141809675,-87.8377680078067,,9.55582080958356,
171978816011,41.53340376083367,-88.12996097050043,,1.1777775614019805,
171978838081,41.39624745624435,-87.58606349433889,,30.46451621697887,
171978840051,41.23419336486527,-88.13257123354069,,121.31066906616331,
171978841031,41.5889696336597,-88.11829846644541,,1.9167765701150807,
170310312001,41.970315335843004,-87.65625184188404,1549.0,0.11611800339012615,13339.878010094306
170310313004,41.97063136922708,-87.65265125725398,2380.0,0.2398780378595526,9921.708636759311
170310315013,41.966369046547925,-87.65164467879568,1171.0,0.09776877514688324,11977.239136326954
170310608002,41.95448994699249,-87.64025716155369,0.0,0.2313496861589912,0.0
170310315022,41.96406024624872,-87.65237016555365,1118.0,0.06758115574102967,16543.073105825017
170310321003,41.95683291090793,-87.6547061580076,1722.0,0.1677785755249352,10263.527358080812
171978831003,41.48104496909264,-88.08455855029965,,48.05758307067857,
171978805021,41.621432256180576,-88.04632326659231,,21.710330596652827,
170310404013,41.974577526002975,-87.68538883811307,653.0,0.12174160595336517,5363.819500213763
170310402011,41.97250293770904,-87.69061934705809,1251.0,0.3213817669613419,3892.56681182688
170310609002,41.95122704063487,-87.63827863472976,0.0,1.1945965613651606,0.0
170310621003,41.94141638469348,-87.65185214191922,1540.0,0.23409533358275297,6578.516437858033
170310620001,41.94181171087563,-87.64691908375204,1756.0,0.2915618344480177,6022.736149004014
170310631001,41.93755769770032,-87.64666124524099,1152.0,0.1776370638674011,6485.133084950793
170310315011,41.96642677384338,-87.6539630913304,926.0,0.04872414760652476,19004.950224639684
170310315023,41.96497336548417,-87.65239345576128,1781.0,0.07818479300216835,22779.365802638964
170310321004,41.95785778579592,-87.65128238431532,1496.0,0.05977378148835952,25027.69546697216
170310321002,41.95987720991427,-87.655097671091,1178.0,0.12446405157043057,9464.58021522306
170310608003,41.95377580917192,-87.64585530702779,3397.0,0.041929126180606575,81017.66741733841
170310619012,41.94410596855825,-87.64342193684797,832.0,0.08972960056466184,9272.302504015226
170310619011,41.94545444250344,-87.64422172863281,753.0,0.06067841077440613,12409.685593110686
170310619013,41.942550746571996,-87.64317905715315,772.0,0.07121033546606165,10841.122920533493
170310621002,41.94478485271083,-87.65181259987459,1085.0,0.1026355223675455,10571.388686604367
170310621001,41.94348014729827,-87.6515490643605,811.0,0.10607086515156937,7645.831858174496
170310620002,41.944510764183626,-87.6474816953746,813.0,0.11536985467461613,7046.901482999593
171978805022,41.60050535322858,-88.04358517382448,,1.7874639488502482,
170310632003,41.93964514415345,-87.64204913212247,984.0,0.06989511903405084,14078.236271700522
170310632005,41.93898216650096,-87.64177983794809,834.0,0.03986924764518227,20918.37818015056
170310632001,41.93736382409995,-87.64049343415269,1072.0,0.05775485880463529,18561.208912763603
170310633022,41.934893558267284,-87.64044718510236,845.0,0.043463405773281345,19441.6425718634
170310633012,41.93572703708053,-87.64304883440907,801.0,0.06540650045570531,12246.489177974816
170310633011,41.93419412327535,-87.64277223546115,1042.0,0.05623350337343295,18529.87876427212
170310634002,41.935776089076604,-87.6463003603766,1011.0,0.10163500805513308,9947.359864935233
170318026084,42.091668117198545,-87.94167015283338,,1.1825519282700065,
170318026055,42.10685481977847,-87.91578166322489,,1.6234263301892853,
170318026093,42.104313605097765,-87.90000354048728,,0.30049832608564075,
170318033002,42.08276146662005,-87.98563818028862,,0.5491992776260947,
170318030172,42.11901514343261,-88.00067258954181,,2.073598831003162,
170318036034,42.12496829251301,-88.10976951433021,,5.5321652717973535,
170318237021,41.71212528434337,-87.82372288833946,,2.3507646843640555,
170318238051,41.685664701498844,-87.82255287586268,,1.337566551724036,
170318240053,41.6490481580131,-88.01374354074929,,6.866475927957992,
170312606002,41.875730065763044,-87.73279599559152,1370.0,0.3511366071991739,3901.615416654351
170312607002,41.87568258802288,-87.72794774794379,1285.0,0.3698905855213093,3474.0002862980987
170312705001,41.876240693705405,-87.71779309854819,1689.0,1.0132613746864807,1666.8946850190591
170312718001,41.87149644658868,-87.69848966289115,970.0,0.37175642550965726,2609.2353310912763
170312712001,41.877359847503755,-87.70356215370091,1170.0,0.5953422963769461,1965.255966391483
170312713001,41.87730413456563,-87.70845279419028,1045.0,0.5910156620016482,1768.1426520251603
170312827002,41.8735998926433,-87.68876360961058,1300.0,0.4164542861861161,3121.5911160511428
170317201002,41.730640381848495,-87.6762933103083,1427.0,1.9529535572400336,730.6881388498939
170010006001,39.930742253356485,-91.37271986640371,,1.4545364598954722,
170010006005,39.92902105939556,-91.38230670257596,,0.8481033745575063,
170010007001,39.932990981302474,-91.39995757194477,,0.8090233085424141,
170010007002,39.932831025970536,-91.41129137325768,,1.9051281341266115,
170010008002,39.917672018187645,-91.41436926817119,,4.364936691288895,
170010008003,39.917421071123435,-91.40589831150211,,0.6233050940963503,
170010009001,39.92514878261767,-91.39986007937428,,0.918221836630692,
170317103001,41.7540486186475,-87.66110570108086,1414.0,0.5890657385238991,2400.41120629974
170317104005,41.75458547198165,-87.67381867408128,1437.0,0.4992953179593716,2878.056229073093
170317112004,41.74108908293776,-87.67313436609219,2019.0,0.9889882033211309,2041.4803667222486
170317109002,41.73981462387779,-87.63879925355191,1421.0,1.2039641506583878,1180.2677008471774
170317110002,41.739677556676924,-87.64615246878238,1638.0,0.5883803470091319,2783.913515001509
170317114002,41.73325400347717,-87.64711029928985,944.0,0.6965974914181154,1355.1584833850447
170317202003,41.71252466451624,-87.66873038493453,2021.0,1.6257254616669863,1243.1373240151552
172010037055,42.21419165454504,-88.98206599271609,,11.462722959630453,
170438465142,41.7400350080831,-88.21531770346851,,4.422420266701036,
170438465243,41.73646821382675,-88.18677740760575,,14.136097379981436,
170438465132,41.72872462951235,-88.21538154359517,,2.214508565560681,
170438465131,41.7286691972508,-88.22980675627274,,1.289469540928691,
170438465091,41.75834310725961,-88.21646364658119,,2.0240666235445812,
170438465092,41.75701149975121,-88.2266111786199,,0.8095587000104871,
170438465242,41.73493610776824,-88.15752176223151,,5.746471782887097,
170438420003,41.88671798952967,-88.06440526704971,,1.5022295060792017,
170438411031,41.969622623021635,-88.10704194363919,,1.0446042817436116,
170438409071,41.943179192339414,-88.04706728603946,,3.448303378001496,
170438413221,41.94433335551267,-88.16070957617418,,1.12253174606469,
170438413181,41.95624116295228,-88.17430471963462,,1.702502755473439,
170438413131,41.92642608839004,-88.22988672248034,,12.284193121432823,
170438414033,41.87411053441368,-88.15191641960344,,1.814774764805428,
170318253023,41.583054418844334,-87.7408753868658,,2.9188416724652475,
170318349002,41.774118023695024,-87.65678504421616,1552.0,0.881590508874331,1760.4545243819482
170318348003,41.78524507946133,-87.64252394253221,589.0,0.29024133046832007,2029.34571396023
170318348001,41.78516996284306,-87.64735266565896,513.0,0.2942420844098695,1743.4623637501425
170318348002,41.78177642446555,-87.64524566974467,851.0,0.4951970727780517,1718.5077351647026
170318418001,41.76046138120454,-87.600583038791,685.0,0.589507523121749,1161.9868672287143
170315305033,41.662302697463886,-87.63536755436793,1695.0,0.9586328405314556,1768.1430557504273
171670034005,39.603997030949934,-89.72904526277897,,15.345405214541353,
171635033242,38.553971305937544,-89.94192901746611,,0.48614260899897926,
171635039031,38.49299776545529,-89.8798982428954,,36.371886361701755,
171635034133,38.58204176759818,-89.97551927731097,,2.021225064242944,
171635033241,38.56335782084313,-89.93843139854442,,4.101404226990848,
171635034142,38.589709547430274,-89.95888018842943,,4.535013721779884,
171635043541,38.594361715776635,-89.92060685791762,,2.807616259367221,
170419521001,39.849819275259364,-88.13708223082017,,37.665361408262825,
170010009002,39.911397199742204,-91.399545317468,,2.141708810250958,
170010010011,39.92290108393309,-91.38227566787945,,1.0262039879086016,
170010010013,39.91655110184635,-91.38228915316742,,0.9171133520096734,
170010010021,39.917276120820695,-91.39171440256968,,1.108374371823507,
170010010022,39.906610841669576,-91.38653665594266,,4.126937806992374,
170010011001,39.93042927647086,-91.34881368082674,,2.8799565581804627,
170010011003,39.90504308319505,-91.35920511755606,,9.501571142624657,
170010101001,40.08983727931449,-91.28859578912312,,26.208943425801273,
170759504002,40.77472642741273,-87.7336304305246,,1.0201886761618972,
170759504003,40.78231549808211,-87.74502148604708,,3.8219748776071882,
170759505001,40.77038088696664,-87.72724334121861,,0.8040282035822874,
170759505002,40.766250312896815,-87.74032637662862,,3.646232403265902,
170759505003,40.7782511729474,-87.55729292877174,,33.09232547486194,
171579513004,37.86104825358334,-89.76587849053104,,35.62759630023098,
171579505003,38.0862171147843,-89.658091524893,,174.02124261487543,
171579511001,38.009476537421534,-89.60975915529578,,35.84733902379468,
171579510003,37.90858398232917,-89.68577183911486,,270.5491354089802,
171579510001,37.99876796637125,-89.87936623049251,,120.03011164936612,
171579510002,38.01415868307593,-89.7534365064396,,206.2939082250437,
171579509003,38.05801921722614,-89.88400250782296,,182.81316447904751,
171579511004,37.991365753275765,-89.63898171028153,,25.606577353592698,
171579511003,38.002816477312216,-89.66311052780466,,1.622875212727079,
171579511002,38.02173668352611,-89.67141231065837,,39.85248963067928,
170910106021,41.199345516219985,-87.86304510054761,,6.561364809868419,
170910124003,41.11241513821069,-87.84565070244092,,0.9331808573108146,
170910120002,41.15381307975839,-87.87084276822996,,1.8572215201735174,
170910107011,41.16637974932561,-87.84406834189217,,1.7212046491579673,
170910123004,41.11572561491303,-87.85763774043836,,0.7193545158262343,
170910107023,41.140699241308496,-87.8438039036685,,3.358213707510743,
170910120003,41.159806155380664,-87.8779426525318,,1.62640199465642,
170010102003,40.043966898314274,-91.05870946133358,,46.596786802664404,
170010102004,40.029310071215505,-90.95315707405119,,27.487274366341456,
170010105001,39.97347124707607,-91.39454228152138,,9.917685086446532,
170010001003,39.94519622763624,-91.37264446908353,,1.5681386843036973,
170010008001,39.92519456715737,-91.40588228235009,,0.6928155724243149,
170010101004,40.051249978303865,-91.25817534838274,,204.7002660492052,
170310630002,41.933881873135164,-87.65147571450619,1229.0,0.19324286275391467,6359.872662231626
170310634001,41.93404827581756,-87.64696525843898,1169.0,0.18561914376364513,6297.841786666819
170310633023,41.93361487427456,-87.64035568925141,701.0,0.048314296565925646,14509.162915028144
170310701011,41.93011038871537,-87.64023974450426,1367.0,0.03756197019368834,36393.19218217423
170310714002,41.92204159152458,-87.62815422685736,1699.0,2.0825362264250287,815.8321466112388
170310714004,41.9234346032664,-87.63747240982501,595.0,0.1484453578525726,4008.2088696294554
170310702002,41.9268379817754,-87.64674028526323,1097.0,0.20097177788618972,5458.477859618831
170310718001,41.91459885459111,-87.64536757034972,2110.0,0.4396336436300593,4799.450703039261
170310801005,41.907910223755096,-87.62633953383249,1074.0,0.14548607774628938,7382.149664333722
170310715005,41.91199463361535,-87.63341945244433,629.0,0.0760470929483285,8271.190595377326
170310803004,41.90941401204454,-87.63441270143782,1078.0,0.1438272390449803,7495.10320268936
170317003013,41.74560191222765,-87.73631004962752,2237.0,1.180688415032883,1894.6573638885905
170310810003,41.90119750227282,-87.63141483606486,1057.0,0.0648211692112439,16306.401332493282
170310803002,41.90492646683742,-87.6359417481552,1687.0,0.18853763805615914,8947.815499298333
170310702003,41.92850433544793,-87.64505269514002,1018.0,0.12342346327446674,8248.026533951579
170310701022,41.93211596867614,-87.64290145084163,596.0,0.06682248282381077,8919.153776004685
170310701023,41.93134601350023,-87.64252304358101,774.0,0.03388646119396181,22840.98051932074
170310714003,41.92489843901317,-87.63805794837583,1467.0,0.07557258589431659,19411.801020696916
170310714001,41.920242833883016,-87.63813805747917,809.0,0.08652389491829261,9350.018289906686
170310715001,41.91296899900485,-87.63574443104659,1100.0,0.1184583877563453,9285.961263144725
170310803003,41.90937944082887,-87.6370940498125,847.0,0.16889501187683784,5014.949764281091
170310803001,41.906749218974234,-87.63549339333485,703.0,0.15190526321419254,4627.884413779276
170310802012,41.91040859519388,-87.63068105990513,1386.0,0.10105041557426782,13715.925779457562
170310801004,41.91034884621303,-87.62690178669143,1102.0,0.11538696809441079,9550.471931096521
170310801006,41.90676631343487,-87.6281414042332,789.0,0.04123121816012739,19135.985673181047
170310801001,41.90497670377362,-87.6279768436007,504.0,0.042638866325376445,11820.201694716383
170310802021,41.90483372780428,-87.63188695261529,533.0,0.07157559598746521,7446.672188288065
170310810004,41.90301147875533,-87.63359621595161,1376.0,0.038423190417881184,35811.706030523805
170310810006,41.90322312328179,-87.63114065918677,1310.0,0.05426339137114319,24141.50621438392
170310811002,41.89756823995955,-87.62900691309335,1158.0,0.047320721443929036,24471.309072752196
170310811001,41.90017216287806,-87.62908812949337,1051.0,0.08940128312210606,11755.98339639626
170318030121,42.14328254007815,-87.99523208288937,,2.676933922336343,
170318036054,42.12927705246176,-88.01796888796409,,0.4923852035363231,
170318036051,42.13438663026299,-88.0286797468531,,1.7444955461819838,
170318241132,41.622337779847086,-87.9016910923907,,4.608105281581209,
170318245071,41.59640552335115,-87.7861865313821,,3.324811571142438,
170318245072,41.594665449537295,-87.76842236605269,,5.8878946648675,
170318253041,41.56967750809408,-87.80514302128627,,1.8264292399705813,
170318241223,41.56689023572845,-87.8170913995493,,2.811519646668021,
170318434001,41.8493274042811,-87.7320217116782,1451.0,1.1835096201221678,1226.0145378879308
170312801001,41.88380388452949,-87.6420730660802,3700.0,0.5151599083308513,7182.235923576079
170318382001,41.871569463672955,-87.6794414414278,753.0,0.7013726739979657,1073.6089783876926
170310206011,42.00292398173544,-87.70129490199028,1826.0,0.4781523705497984,3818.866354046082
170312832001,41.869579078928126,-87.65920235085889,1664.0,0.42688894196274146,3897.969322768807
170313103001,41.85614405825973,-87.64897823633056,1697.0,0.5746753240142585,2952.9717548093213
170312924002,41.85464749104071,-87.72300720862364,1263.0,0.3975177632166562,3177.21650921958
170311913012,41.91840582532829,-87.77924641182362,1545.0,0.527848162098522,2926.9780799419136
170317203003,41.70990948542552,-87.67777699069447,1373.0,0.9473289907342468,1449.3381005217925
170317205002,41.70244473111037,-87.68447420269918,1423.0,0.7069927609188505,2012.7504532727933
170317307002,41.70302226302746,-87.65190704018275,1355.0,1.3336537491909608,1016.0058417126548
170317207002,41.702806884072416,-87.6605978626625,875.0,0.6979578822919287,1253.657308270102
170317501003,41.69634206399622,-87.65829611481344,861.0,0.6666860065025562,1291.4625349897738
170317304003,41.71578592686104,-87.64772903354272,660.0,0.5297933042962606,1245.7688586243962
170317306002,41.71026066011146,-87.65097888768132,1480.0,0.7498438183362555,1973.7443502352348
170317305004,41.716981257483496,-87.64006424199943,1703.0,0.9178347992647206,1855.4537280175878
170759506002,40.71793774250833,-88.01239268692248,,13.883979034740904,
170759506003,40.7301388140292,-87.93416260232695,,140.44651003791736,
170759507002,40.52597959956561,-88.04558015762184,,121.95135797898295,
170759509002,40.630099079512036,-87.64218471617171,,426.06462385751234,
170438465183,41.75323882356761,-88.24409883548232,,1.4113815271426398,
170438465181,41.74552976675599,-88.25754436014873,,0.9180407155236249,
170438465182,41.74307308848163,-88.25352145451821,,2.259612646764031,
170438465173,41.75480076488831,-88.2568261872039,,1.9345541859863264,
170438465113,41.728930115773174,-88.25680667264895,,1.2367030798455605,
170438465111,41.73429953311331,-88.25068511183385,,1.2770602208634707,
170438416041,41.8266007047582,-88.2370347985313,,25.365281015339015,
170438464112,41.791113993132925,-88.22458535425822,,3.4884950430031902,
170438464121,41.78741179560689,-88.18928734427205,,1.0713500359793762,
170438453002,41.79901623444498,-87.93016749223915,,1.8824868986874865,
170438459022,41.74067380363705,-87.9304901911035,,8.061337451776065,
170318285041,41.48220453874479,-87.54124390287147,,12.810004715253353,
170318287023,41.54969560077755,-87.5955711778916,,6.8838676948525634,
170318293023,41.50055541327761,-87.66269803919876,,0.7366474086713903,
170318294023,41.49322290437865,-87.65972117864895,,1.6271653176757233,
170313018023,41.84330105797676,-87.72795019280372,1337.0,0.2097824546462483,6373.268928779362
170313018022,41.84670556099372,-87.72802264093708,1372.0,0.2647586308348831,5182.078467748418
170318044044,42.04302661375679,-88.2560428617226,,1.733415488684163,
170318030131,42.143085275712394,-87.96316462863047,,1.2703147627770812,
170318030161,42.12081747741286,-87.9865233243551,,1.8730348199078994,
170318043091,42.01354235667879,-88.16634508511274,,1.405310766086788,
171079531002,40.1609698831819,-89.36333662981748,,1.893958779185737,
170318047133,42.05660558888444,-88.09474720662548,,0.6132798661208598,
171079531004,40.17029248271924,-89.38918139305598,,19.60245032205432,
171079532001,40.17059170584506,-89.34521483983494,,7.645940463608674,
171635034122,38.64133102113644,-90.0011122871373,,7.6003579711564955,
171635043542,38.57630958001067,-89.91902616712719,,4.045146506552469,
171635039051,38.44026718423556,-89.93564834986434,,17.65810533056127,
171635034141,38.582684788401345,-89.93857443804436,,7.097849904096108,
171635043511,38.601881563952915,-89.89724728079398,,3.0734907480771385,
171635033341,38.53122156094849,-89.95312616729596,,1.0306042619535996,
170759504001,40.7827575172183,-87.71521844280083,,14.706553663351714,
170759501004,40.838837865200574,-87.70596075823502,,193.25154744249616,
170759502001,40.943401758105004,-87.96429690188201,,515.7447232474734,
170759502003,40.93711237788939,-87.93414523644557,,3.134107235705188,
170759505004,40.731505867714866,-87.6109424640006,,223.1607748104914,
170759502002,40.98316402875893,-87.84044154484972,,118.7443940912937,
170759505005,40.72762039767787,-87.72805804452446,,109.00538390949023,
170759506001,40.77505949171703,-88.02095825321321,,141.88493044581696,
170759503003,40.78799451702265,-87.82107489397781,,120.65315299827975,
170759503001,40.84089101556869,-87.98203107895795,,443.8796397254097,
170759501001,40.94407810549157,-87.70964116719917,,165.37826521853842,
170759508002,40.53866908285501,-87.94071641002198,,170.1318682417026,
170759508003,40.541629634671224,-87.82894694829257,,240.46090812474444,
170759507001,40.66383731390629,-88.015348024827,,366.20155347693543,
170759507003,40.60452304478312,-88.07323047147759,,180.66571423862774,
170759501003,40.839861985331396,-87.5905742277357,,216.92249813043543,
170759508001,40.66967708758701,-87.82720626172356,,368.0652764972294,
170759503002,40.87933724255502,-87.86315034937314,,134.20986109239388,
170759501002,40.95288841252762,-87.59681406058338,,268.32567896155257,
171079531003,40.16141547674821,-89.37414597392991,,0.8235033230145521,
171079535003,39.974014290797534,-89.40657096347384,,282.04406597126854,
171079533002,40.14504788335257,-89.37671317707454,,0.7485683897298868,
171079535001,40.07381075297804,-89.39343260267295,,310.44939490534676,
171079530002,40.21640269642834,-89.55545075809687,,242.22550961351703,
171079530003,40.20930127720668,-89.42806388714523,,199.9381024713946,
171079529001,40.269165721545356,-89.225653106438,,7.282849047883088,
171079529002,40.27244474031583,-89.24669766273408,,7.840133875453413,
171079536002,40.03268291930781,-89.28540980413244,,42.84339482349333,
171079536001,40.09200763354418,-89.22951435522826,,247.11786193444757,
171079529003,40.24054030531861,-89.3119354517919,,274.8629293615243,
171079536004,39.97353670505401,-89.21493285136744,,281.5113316665337,
171079530001,40.283962046738274,-89.46498644646098,,217.4493761363709,
171079529004,40.2007330872685,-89.20719362449996,,271.28346126261505,
171079531001,40.15696136810132,-89.36050184866833,,0.8979069161140051,
171579508002,38.20861548663859,-89.99527905318416,,0.7466326315700084,
171950005001,41.87424413447343,-90.15650564505115,,6.379495755977687,
170910105003,41.15787946323661,-87.89959610478824,,3.6516217436420706,
170910106011,41.193833012581116,-87.92030602098514,,42.303365896313316,
170910124002,41.105160819380146,-87.84307323907007,,2.3824962833652803,
170910107024,41.141300176941215,-87.85627555938225,,2.2899858605541734,
170910106022,41.18050039047954,-87.8636457815631,,9.188500543506926,
171950012002,41.79973468796672,-89.68498268970053,,0.6012073529833826,
171950013002,41.80339488270426,-89.66220934005015,,2.943120474628133,
171950014002,41.77064986643917,-89.65672804043275,,18.88539551757017,
171950001001,41.88726614554365,-89.6877121602524,,167.07339825478022,
171950001003,41.82100507689738,-89.81751410710253,,100.52159296834795,
171950002002,41.870841926180724,-89.92202230968122,,251.20343395911456,
171950003001,41.809037136160896,-89.96819359556716,,0.65570999549331,
171950003002,41.78692545416554,-89.97013521187833,,6.628266174181426,
171950004003,41.80535803659537,-90.08328247177246,,151.51666676082093,
170310810005,41.899042601450695,-87.63330428084508,2125.0,0.1705609217202176,12458.891395332505
170310306043,41.986431019684794,-87.65598535171085,796.0,0.04352689032638556,18287.545791376528
170310301023,41.99346913300895,-87.65655577008926,1177.0,0.07995844884611157,14720.145487880338
170310812011,41.899957995140234,-87.62625408406977,816.0,0.10697137446122777,7628.208986842201
170310816001,41.890806252866305,-87.62884126395319,2641.0,0.17141040056088622,15407.466474368908
170310815001,41.89458036571499,-87.6274721484463,1367.0,0.09458608962386628,14452.442271755297
170310813006,41.897591248510345,-87.62275847560703,624.0,0.07172934743632049,8699.368142920463
170310813004,41.89776256940654,-87.61906481133087,1556.0,0.1404437187217532,11079.171173776336
170310814012,41.89501363960707,-87.61772869784076,1296.0,0.28698204670545785,4515.96193865793
170310814011,41.89506184363254,-87.62228895725207,983.0,0.22196567677643955,4428.612631808217
170311003002,41.98639835452744,-87.80943586573397,1320.0,0.6100312953863646,2163.823413623354
170317608033,41.97609822480324,-87.83909148101986,1604.0,0.22255004372765488,7207.36771439547
170311105014,41.97702608194609,-87.76351358854227,347.0,0.47093161421517654,736.8373443738476
170311403011,41.96923205614646,-87.72072453696725,1331.0,0.14847631772161166,8964.392574010237
170310633031,41.93508075098673,-87.63515180062556,428.0,0.2757641538189071,1552.0508886773782
170310812013,41.90115311690095,-87.62622638968519,1094.0,0.058683241165776424,18642.46040721438
170310813005,41.89946301638328,-87.62104882776839,607.0,0.0328400891910302,18483.506438398876
170310813001,41.89840166357746,-87.62101610779695,772.0,0.025702953134629565,30035.459192425835
170310813002,41.899544118983115,-87.61899710005454,544.0,0.0343122829281161,15854.380809917975
170310814033,41.892189368480125,-87.62100207217377,1958.0,0.08754564453686255,22365.475865284785
170318390003,41.87096932566086,-87.62902145771872,1147.0,0.13621064493995771,8420.78091991711
170314307002,41.764382419832216,-87.56491593233112,1052.0,0.18506198098843665,5684.58196751786
170314314004,41.76280446011019,-87.5604653350778,144.0,0.17357466291339477,829.6141705419813
170314101002,41.80148221612975,-87.57783381357729,1154.0,0.7620466081186142,1514.3430699718795
170314109002,41.79732052144426,-87.58639324031915,570.0,0.13503889216555887,4221.006192061876
170313903001,41.8103397771788,-87.60451985562271,812.0,0.11306374331074674,7181.789459847286
170313511002,41.82696639363919,-87.61485282156549,50.0,0.4262572450576962,117.30005901303151
170318036115,42.146138041210584,-88.01158070799536,,0.3986127226448422,
170318046083,42.03266745848367,-88.07234322477309,,2.6535403261753028,
170318046081,42.03664500149355,-88.06504777371451,,1.4767356855265314,
170318036033,42.1141793107437,-88.10834447217691,,3.2252226013714775,
170318241221,41.58105456234947,-87.81839644113764,,1.9422458061109438,
170318255034,41.567446518217686,-87.69002132317371,,1.2972044472616753,
170318255035,41.56257209173823,-87.68599849276173,,1.9332942694071777,
170318255013,41.57992650304801,-87.70737978272906,,2.6473550550950664,
170318255012,41.577678504055974,-87.69983921435315,,2.0193816200343333,
170318258034,41.61731654584321,-87.56808186299095,,0.6511470177187586,
170313018012,41.84198820553711,-87.73523587726704,2755.0,1.08565875429179,2537.629793071742
170315702001,41.814380411921114,-87.73071817044118,1943.0,3.177801717847764,611.4289601794096
170313105001,41.85524811338325,-87.65473996355318,1700.0,0.29211946385082566,5819.5369031216815
170313106003,41.85425743933816,-87.65999111772142,1975.0,0.44540501751232847,4434.166482970375
170316006002,41.844304825972756,-87.65704731861234,914.0,0.4079799542694468,2240.306148464237
171579508003,38.183780878712575,-90.00697628575669,,60.32290523601566,
171579513001,37.907555126539584,-89.78718239946137,,27.277086625115718,
170313204001,41.877706589901635,-87.61736165909261,2518.0,2.624304176049808,959.492433453419
170313302002,41.86203165268859,-87.63071607076925,2669.0,1.3027596250900817,2048.727906973205
170312206012,41.925977497084176,-87.71492308348046,1035.0,0.2040801549260538,5071.53672229924
170630001031,41.42462305590399,-88.28000153565752,,4.012178637889563,
171150029025,39.897514469468945,-88.98510302709707,,7.639606352462737,
171150025004,39.770427761581296,-88.9020723563347,,26.64545806561548,
171150026022,39.749910977357246,-88.98105234483184,,127.0053483300947,
170317402004,41.70427612462835,-87.7073958906575,1522.0,0.7444247670675068,2044.5316536089672
170317402003,41.70062965874527,-87.70603939930194,1274.0,0.5947508987832933,2142.0732656415903
170317403002,41.69517458073141,-87.70402850356102,1171.0,0.746138221617201,1569.4143069925324
170317404004,41.68233583105379,-87.70840114611126,758.0,0.36514640917249575,2075.8796498034835
170317506004,41.68864645896369,-87.65938009580532,860.0,0.5978752636710712,1438.4271306349615
170317505003,41.68830551367648,-87.66721190451267,2016.0,1.333113481827527,1512.249352723013
170317505004,41.680877277054684,-87.66799543504118,1342.0,1.6109585917150073,833.0443792297124
170438413143,41.973967996689204,-88.15815875511124,,0.8914177042366457,
170438402023,41.94956818197832,-88.01605996330801,,1.5626535853024779,
170438433011,41.89899548049557,-88.00077513886862,,0.9369430764526454,
170438408021,41.947719587963896,-87.94753183324757,,0.728568562645858,
170438413241,41.92615670723365,-88.1502927136568,,1.2386387097671183,
170438416061,41.81732733878029,-88.15985894992885,,3.1021944909549384,
170438426011,41.834179677426306,-88.10860822404699,,2.093526123704133,
171579508001,38.21739014899838,-89.98191051576059,,3.6662012986599595,
171579509004,38.08771484770435,-89.92773039271927,,10.231843706730945,
170438465112,41.72739248144229,-88.24673647064292,,1.2226691698543597,
170438461022,41.80175467601857,-88.10835815715913,,3.1528803099648575,
170438465102,41.75086588917138,-88.21557547535976,,2.5169370023287603,
170438465172,41.76133345840563,-88.23988874582149,,2.693184163207478,
170438465171,41.76218932369565,-88.25397448174469,,1.4342725785825594,
170438465151,41.74281890453227,-88.24648747031495,,0.5335081699627383,
171579513002,37.9184453720007,-89.82170608379253,,0.6482905255832614,
171579507002,38.15776353285082,-89.7722752748586,,240.46747315486238,
170438465152,41.73842860081589,-88.2429469497828,,1.0794278222245968,
170438436013,41.878842780170885,-87.99766845323703,,0.7162170483642603,
170438426053,41.8561332002495,-88.12262409026074,,0.9397630776773124,
170438427063,41.82329047556506,-88.05169542134801,,9.545778660619211,
170438439003,41.88216617628499,-87.95370102094498,,1.053985872986963,
170438438001,41.8859039680444,-87.96915726599738,,2.2406382295668448,
170438433021,41.89350572557326,-88.00095276348598,,1.7509785672840141,
170438461042,41.79107335382022,-88.113090293223,,4.249678049548794,
170438435003,41.88923417633596,-88.01436965070721,,0.49478527251813786,
170438465071,41.768694749568134,-88.25694856051042,,1.303100436494828,
170318206032,41.754719473560336,-87.8440707948014,,2.1438989796642014,
170310209021,41.99494603289602,-87.6780479306255,2272.0,0.6752804280895462,3364.5281360038457
170310203013,42.008404647817414,-87.70215049615028,1842.0,0.5715941242275413,3222.566366456792
170310203023,42.008222344753484,-87.69313529678703,2320.0,0.6901829375609434,3361.4276356913606
170318319002,41.945133160579694,-87.6712141711382,1274.0,0.29199176756989825,4363.136709650639
170318320001,41.94629408386149,-87.65429818359978,1798.0,0.30315791063557407,5930.902466739107
170310701013,41.93062432362816,-87.63207154812169,1194.0,2.0360766536336876,586.4219295816422
170318325001,41.92355828119295,-87.66793619580078,1255.0,0.5430600723529425,2310.9782211798433
170318253042,41.576662991753984,-87.80308788362534,,2.351074736602231,
170318241163,41.61391143458069,-87.86302709878407,,1.166228751275842,
170318279021,41.581740711812266,-87.54129641030922,,0.5090510708123597,
171635004001,38.63652932238179,-90.11917115592165,,1.3366929464527069,
171635004002,38.62805546233348,-90.12007220396437,,3.5280507123079317,
171635016052,38.54517992929063,-90.04258944380585,,1.8768899784874558,
171635012003,38.613282448092434,-90.13126557704064,,1.246920280554882,
171635009004,38.61139035010352,-90.14397601613406,,1.7108896862924512,
171130014031,40.49252604460973,-89.0148420757543,,2.203301560038437,
171130011052,40.49192796672407,-88.93442591526741,,2.077126795581648,
170910107022,41.149049120812826,-87.80475928526427,,33.0095821147981,
170910104002,41.09923151949232,-87.96815352215506,,85.74068175364116,
170910116002,41.12988115357057,-87.85672055161797,,2.3656449332508718,
170318011003,42.07077575344635,-87.71564372627167,,0.8286915079802628,
170318013001,42.07267666423693,-87.6877042616971,,1.0227908068799179,
170318049011,42.06459204314172,-87.93038274329766,,1.0454075613299778,
170318049012,42.06094089846516,-87.92719388296605,,0.8166761287933559,
170318049013,42.0548600490292,-87.92629003642928,,0.9821670730879847,
170311406022,41.96378181273125,-87.71934084227189,1886.0,0.22282390027695526,8464.083061358444
170311406011,41.96464729623252,-87.72589086908519,2786.0,0.4925526814919381,5656.247757217012
170311606012,41.959399617307746,-87.70330004322257,734.0,0.14841470275579666,4945.601657860896
170311504014,41.96226208150673,-87.77457855943811,1052.0,0.28840672047198573,3647.6265125804707
170311505022,41.956800008577886,-87.77810706062142,1246.0,0.30713014621614837,4056.912078969627
170312105011,41.93748863549837,-87.71889458300996,1222.0,0.18555168144246442,6585.766243131113
170312105021,41.93314329423836,-87.72116236663625,2045.0,0.2645364590398837,7730.503415000648
170312207011,41.92615595350126,-87.7207029346418,1001.0,0.13041052490065808,7675.760838801353
170312106012,41.93658115845673,-87.70999230756699,881.0,0.14729791760525918,5981.075729535938
170312212001,41.91945133029187,-87.70459862340155,1211.0,0.33085024344596803,3660.266310784116
170312206021,41.93010893124267,-87.70908231903232,624.0,0.19372763956250935,3221.016894693833
170312209012,41.91909762882987,-87.71805065686587,1239.0,0.1492032201129128,8304.110320557154
170313511001,41.82943623453398,-87.612772849806,1910.0,0.19963197439074737,9567.60561943591
170313501002,41.8434193413368,-87.61325293994766,1265.0,0.4984680419759764,2537.7755311763126
170313012003,41.84870106889404,-87.6927949323531,1991.0,0.22900896046727096,8693.982960044683
170313007003,41.84714630632906,-87.7124295178077,1507.0,0.14719556853855273,10238.079956906407
170313009003,41.84897915767542,-87.70219903021585,1073.0,0.10564371875144747,10156.77990780023
170312105023,41.933665168686126,-87.72553023533312,1116.0,0.18074147903002064,6174.56494208856
170312420003,41.9024823214026,-87.66507562612253,1071.0,0.14392818753020148,7441.210914820034
170310816002,41.895363511091354,-87.62895523046357,904.0,0.06841496288912798,13213.483744265208
170310812021,41.90658292313583,-87.62118220503805,558.0,1.173172476231042,475.6333883596061
170318045061,42.00035103567211,-88.19474538470192,,3.4604733217416106,
170318037012,42.11999677694535,-88.05525067350514,,1.9042844271923316,
170318037024,42.113606284285304,-88.05718717175142,,1.4274606868743511,
170318041082,42.07156194438694,-88.04853287218295,,0.535178022001147,
170318043092,42.01198110914753,-88.15220654592002,,2.2974461451302712,
170318240061,41.65435508886937,-87.93741602904628,,18.18114914197318,
170318300071,41.48879354587269,-87.72255830364806,,2.219251674346796,
170318300073,41.47936953451126,-87.71844787047417,,2.1939992194760825,
170313406001,41.82728656574745,-87.63265160252469,907.0,0.8949849323850354,1013.4248825652805
170313514001,41.82740203702989,-87.6240909216335,1437.0,0.5838747747159438,2461.1441737641485
170313801001,41.82020206609375,-87.61009736477362,1924.0,0.7893203267016596,2437.540165777609
170313812002,41.80913509432088,-87.61380699982884,1516.0,0.347268883889226,4365.493340553895
170311505013,41.962150116167486,-87.78063809206276,1358.0,0.4070265649774712,3336.391569614541
170313814001,41.807620254001584,-87.62142974496957,1612.0,0.5704292607141845,2825.9419896899326
170313907001,41.806903321418865,-87.58715989361613,1450.0,0.6589772947624154,2200.379302177287
170314003001,41.79310455281686,-87.61318314071158,1567.0,2.636781278107523,594.2851661646623
170630002004,41.37543928519683,-88.44430577902949,,3.9297559614605424,
170317707002,41.98647528316373,-87.87488606500457,0.0,4.475714797845208,0.0
170310802022,41.90679281879373,-87.63156842120718,1236.0,0.1019339343986186,12125.500769611715
170311504023,41.958622844824994,-87.7721372893506,1843.0,0.6043753853796294,3049.429286142001
170311407021,41.963001687602286,-87.7098429134258,1581.0,0.20320591502578364,7780.285331750289
170311605022,41.955518570466225,-87.71048024607154,1450.0,0.26552229445981007,5460.935033534348
170311606023,41.95719908240789,-87.69786020819281,1382.0,0.6937383720816568,1992.1054616787596
170311913021,41.919902236969385,-87.77258626981514,2569.0,0.6191470244274236,4149.256797891851
170312209021,41.92267995886635,-87.72428144920083,1627.0,0.2989081075086547,5443.144428435723
170312209022,41.92274254866281,-87.71938396828826,1744.0,0.29817177191200556,5848.9775501440745
170318048093,42.00942662728642,-88.10663422364223,,0.9851588336674117,
170318048101,42.024117338688924,-88.08527970082413,,1.1079188816855154,
170318048102,42.01863514113983,-88.08596997038853,,0.9630634526949913,
170318048103,42.0151067481951,-88.07745313351256,,2.049590425379671,
170318048104,42.0096634049427,-88.08718830329413,,1.398340843196377,
170438465101,41.75059182502407,-88.22929053166541,,1.0959776045847187,
170438464044,41.783032425707304,-88.15608115805607,,1.6319481478017885,
170438449022,41.79836934826361,-88.02494581628322,,1.5992837573416077,
170438462053,41.75765297392709,-88.11867774427978,,1.5346591397223812,
170438413201,41.954856349959115,-88.15148134792277,,0.7561218115900282,
170438415041,41.87922026555824,-88.20053207729111,,0.8219584314252897,
170438459012,41.71829783534418,-87.9315635557282,,7.893329995849897,
170438458081,41.72268612800526,-88.01672021144348,,3.5550920423322716,
170438402012,41.98443151010146,-88.01851153746765,,7.371798625347577,
170438417042,41.895276862676425,-88.11233570808629,,4.073517912880451,
170318049015,42.062054845175915,-87.94091136055795,,0.8582023959068004,
170318107022,41.924262293186985,-87.81362106623344,,0.3255775441369839,
170438465154,41.747331872866745,-88.23911088078484,,1.5400216789693115,
170438465153,41.737833642238144,-88.23714513014716,,1.061888900082755,
170438443062,41.849861868039646,-87.98605313793513,,2.0302895531377385,
170438443061,41.85571712760344,-87.98140078777305,,0.6277081560302766,
170438465222,41.749890970319505,-88.19117377767869,,2.7202649526055516,
170438446013,41.867082964132344,-87.95695091568686,,1.7986899191861885,
170438446011,41.85397572698322,-87.94564350919177,,5.98421065776527,
170438436012,41.878607367671606,-87.99164625926139,,0.7217118357855975,
170438443073,41.862393142815115,-87.98425611648842,,2.820868392806915,
170438443063,41.85527756211241,-87.9752923775233,,0.8534480572870085,
170438445011,41.8681065689198,-87.96691765381232,,3.133218521970319,
170438452003,41.79214712819813,-87.93893307938963,,1.5749799195697651,
170438452002,41.79768492043407,-87.940220315891,,1.1128051046411953,
170438455082,41.76452832793957,-87.94987856930885,,1.7732790383809727,
170438455052,41.76262700310822,-87.98151525238266,,1.8306367975895512,
170318116002,41.95230024052229,-87.88336628602454,,1.7414457752479133,
170318116003,41.94955612749049,-87.86877634894033,,1.211525361297548,
170438460042,41.78979650787034,-88.08550690793197,,2.256785415293033,
170438457043,41.7632003197556,-88.01087457138618,,2.4279911486506114,
170318325002,41.92083856615658,-87.66173089010047,2351.0,0.8696627424427411,2703.346809357871
170318326002,41.91494098869315,-87.65671601157798,1050.0,0.7164688098960096,1465.5208789233968
170318323001,41.91921049671793,-87.6714481724963,1870.0,1.5193728223034437,1230.770994814155
170318383002,41.90139650101806,-87.63587020576853,688.0,0.24086006954540637,2856.430297053866
170479570001,38.38203037612211,-88.07359728903545,,166.4794383851359,
170479569003,38.45455146862546,-88.03697597372005,,217.35448125184502,
170479569002,38.525414863383695,-88.0837730843289,,194.16400181398618,
170318318005,41.97888584258272,-87.71813843005008,1808.0,2.374890484253811,761.2982627988728
170318011004,42.07613972979943,-87.71797734914385,,1.1535754422127222,
170318012001,42.084589860173104,-87.70513197156761,,0.9522213883368504,
170318012002,42.08182919006164,-87.70212582537306,,0.6924608620526815,
170318108003,41.93267846048015,-87.82041850783428,,0.4628479775304108,
170318108004,41.93027369369556,-87.821714283074,,0.38793716403222595,
170318108001,41.927765749855965,-87.82029106284261,,0.35202437488427507,
170318109002,41.91796967053222,-87.80911793093387,,0.372318582021926,
171635024042,38.598862939396135,-90.04225124341187,,7.205004793126914,
171635016043,38.549576141216036,-90.0240341763497,,3.1123233409112214,
171635032113,38.563747157822554,-90.0669224937605,,8.930114627033825,
171635017002,38.51733733124093,-89.98556348629607,,1.747528016337299,
171635023002,38.59280158409256,-90.17714957350819,,12.27866982010388,
170318109003,41.914310723787025,-87.8090006708177,,0.37229061173065525,
170318109005,41.91789479436678,-87.81339336288205,,0.4461927998551042,
170318115001,41.94124078540739,-87.86018671975167,,2.420434610706597,
170318115002,41.94303004181569,-87.87067321740822,,0.8788563781917224,
171635025001,38.5863779598666,-90.11484411842146,,6.7964765542887475,
170318115003,41.93826239068819,-87.87794052737706,,0.7921478438539858,
170318116004,41.95173783322599,-87.874733358324,,1.0307731498411488,
170318117012,41.933369364755535,-87.8896308731878,,0.9511636839639067,
170279006011,38.52508237179468,-89.50744415447426,,113.33221620365886,
170279005003,38.52854085777967,-89.1589537247953,,5.579819765856556,
171130011062,40.492408094365324,-88.94803811343057,,1.2906934673386745,
171130018002,40.48208888308018,-88.96387578510553,,4.460390067169015,
170318117021,41.92585773912325,-87.91559720928264,,1.4890887910277553,
170318117022,41.92655540068588,-87.90535391018688,,1.8669032728126203,
170318117023,41.92687716727274,-87.89324517799264,,1.565799519215024,
170318118001,41.91756027816518,-87.89614699383607,,0.6790579536519769,
171130051023,40.70924661838392,-88.89188900690958,,245.05718487819544,
171130060003,40.3621109097575,-89.14758900633927,,584.624186354511,
170318005005,42.10653796808614,-87.74414522351344,,0.8888336864633779,
170318006001,42.08957555366404,-87.71161611847671,,2.016629448557798,
170318006002,42.08673338023777,-87.72134854040509,,0.7812362969255761,
170312209011,41.9190685528894,-87.72049773682599,1023.0,0.1492164419718375,6855.812847977415
170317003012,41.743823003799456,-87.72630762332689,1721.0,0.5454443710996613,3155.225521037683
170312420001,41.90021716456773,-87.66494488828413,1555.0,0.22411094454317562,6938.52771523358
170310105031,41.99939140630072,-87.66321186433407,1482.0,0.19938501066845862,7432.855634590803
170311105022,41.97110872729578,-87.75840446767691,1733.0,0.7084172795234788,2446.2983189310585
170312519002,41.88379782876062,-87.7568297464334,1530.0,0.37503028044654213,4079.670575341957
170312519004,41.88227139205633,-87.76255904822149,2133.0,0.3146422228999102,6779.128307514284
170312819003,41.88068580017173,-87.64236823278334,1939.0,0.28327229131421844,6845.004116019147
170310812024,41.9028099872819,-87.62655429478596,759.0,0.05214201521359669,14556.399419753941
170310718002,41.91454541525539,-87.64778337341491,536.0,0.1447595791056933,3702.6910641170793
170312519003,41.88577835342694,-87.76265326427513,1244.0,0.24036637303111738,5175.43275422704
170312519001,41.88389267951326,-87.75931022026312,824.0,0.21183397705508802,3889.8386909183905
170317608012,41.982195041000985,-87.8391837784594,1783.0,0.7927496556428837,2249.1337426745
170317608032,41.97640696812988,-87.84789440070801,1746.0,0.659298987445567,2648.267376785791
170317608031,41.97600139456973,-87.84343659096409,1518.0,0.19178467988288916,7915.126489388762
170310632002,41.93715398640622,-87.638244462071,540.0,0.04579209730116009,11792.427773041087
170310619024,41.94144616529614,-87.63929501003419,0.0,0.04115423998464733,0.0
170310619022,41.942108437843174,-87.64103905343794,1622.0,0.07606954219807668,21322.594472522145
170312212002,41.923109818556235,-87.70471356896319,1649.0,0.2664103353369653,6189.699802428033
170318087022,42.05300111492382,-87.67456688983636,,0.6493266439971411,
170318047142,42.06290469242645,-88.08875455312776,,2.009888322493417,
170318254002,41.56778885758648,-87.78585009860073,,2.584708767771809,
170318044062,42.025130951043366,-88.24306728115855,,2.07235415144402,
170318048044,41.99587487530463,-88.11766646523938,,3.822096790555089,
170318048031,41.996481225834245,-88.09708504340014,,5.73450694950552,
170318300072,41.476999916866546,-87.72724032383103,,2.3870087344406716,
170479571003,38.38061255655833,-88.07458973106726,,13.660251129847184,
170479569001,38.5335040192991,-87.9806121702849,,62.86393640057202,
170479571001,38.381623899071826,-88.03877526369081,,14.045749924966048,
170479571002,38.37759607131998,-88.05735539033965,,1.0679389425838886,
170318300082,41.48373483884685,-87.76887964739203,,11.808918285312336,
170318300083,41.48096250869309,-87.7377997105191,,1.246677137763471,
170318300081,41.47642573662638,-87.75367168804061,,8.099991121256139,
170318303004,41.49024604110538,-87.68012899035334,,0.9393039676866849,
170318302011,41.47595663025182,-87.71161282151921,,1.6073270390461794,
170314004001,41.792030592501064,-87.61874969726537,1296.0,0.39207603215179765,3305.481319241253
170314201001,41.78340853844153,-87.57739375784064,1441.0,2.4912982529226118,578.413282435984
170314202001,41.78346812333043,-87.59352075553366,1723.0,0.49903404059582207,3452.670278650376
170318115004,41.942699286412605,-87.87989222519207,,1.0185897926587288,
170318116001,41.950790424686346,-87.8586372499426,,1.3200369434153876,
170318418002,41.76776274634232,-87.59913061774108,1820.0,2.3667719403352128,768.979878873428
170314309002,41.75973040753316,-87.58116371196508,704.0,0.30252526464091395,2327.078370911009
170314312002,41.757116737567166,-87.5712214775306,1494.0,0.5894089914941456,2534.7424650118173
170314312001,41.753484443256376,-87.57114717603446,1584.0,0.5890097472742855,2689.2594007656976
170314313023,41.75629377385154,-87.56168600266251,1657.0,0.27795695827538425,5961.354629439918
170318007004,42.082502759753886,-87.75702933605044,,2.8975776163610285,
170318008001,42.09458619720016,-87.75929435571648,,7.7180182944446765,
170318009001,42.07574690449469,-87.74695878776524,,1.1788859048732077,
170318009002,42.06780633837336,-87.7507748674022,,0.7839369176550155,
170318009003,42.074051849879055,-87.75436099407565,,0.8947193773300987,
170318009004,42.074838665916026,-87.7596235509745,,1.0152844817140438,
170312522025,41.87492191376694,-87.74714384814793,1126.0,0.25352900029899955,4441.306511965303
170318391002,41.87701283053583,-87.63371440277936,1783.0,0.6218949990236876,2867.0434764697097
170315401022,41.65788651386433,-87.59608833125708,1502.0,1.1814915581859324,1271.2744239207072
170316503013,41.77655366422491,-87.72553482890045,1444.0,0.40641722220101906,3552.999039213401
170316503014,41.7730656451327,-87.72655756899245,1150.0,0.40600639919987175,2832.46767111636
170314909012,41.69586964599351,-87.62077284863702,1299.0,0.5186178962227499,2504.734235862294
170317003023,41.740186927240366,-87.73649739388871,1294.0,0.5628465579803067,2299.0280062177717
170850204022,42.23096369550114,-90.19050177905139,,166.2858934408679,
170850202002,42.446203591576385,-90.55594687444342,,90.63559958967923,
170850203005,42.413213645431405,-90.43935197469301,,157.76659588723638,
170850205002,42.25880799796788,-90.00133704609125,,359.69700224755593,
170317003024,41.738525795736976,-87.72529629088011,1839.0,0.9025956280027305,2037.45724325006
170438413151,41.97908604279306,-88.14928839074348,,1.5586259210991424,
170438465042,41.766822491277736,-88.15615391721666,,3.924571139101157,
170438408025,41.95312925587419,-87.9460922095112,,1.03622491173121,
170438401045,41.93921258674763,-87.99274169569884,,0.5555973689418153,
170438401044,41.93537328604093,-87.9915679808703,,0.4769833205099942,
170850203001,42.41512234654097,-90.44047057963189,,5.745557773466006,
170850202005,42.48431364297985,-90.51405378903593,,115.52826288493854,
170438443052,41.848930061638676,-88.0216521255277,,1.2254655362028326,
170438443042,41.85583346832544,-88.01591077342425,,1.1988289101490401,
170438465221,41.755148261660835,-88.19225446474816,,1.0342215157124317,
170438465212,41.76368094955738,-88.17282628073382,,2.1406545983352463,
170438464082,41.777729218477944,-88.2526525649766,,2.847632932966691,
170438464092,41.79114731697055,-88.25146398514435,,6.676819910006051,
170438427091,41.85423242649037,-88.03640549808084,,1.201471769110858,
170438413242,41.91949448495878,-88.1507780708701,,0.9162114202022658,
170318010003,42.06831717364486,-87.73587507589335,,1.7175057400793032,
170318010004,42.07368486333217,-87.73873439338043,,1.6900431231647672,
170438462082,41.757125630195496,-88.1304876293071,,2.594353315848151,
170438463131,41.761242825988155,-88.08724475281977,,3.124831501712502,
170438462081,41.76956349823468,-88.12442949332714,,1.7746035375504916,
170438407051,41.92205298655479,-87.95298003128804,,7.79136795928496,
170438410042,41.97779744483426,-88.07387643739573,,2.2973318422256144,
170438407061,41.919813667043236,-87.92627814330045,,4.732904600190282,
170438407032,41.94374952887504,-87.92991374906784,,1.5449008604703254,
170318011001,42.08185236578019,-87.71731015651011,,0.5031374717758438,
170318011002,42.07430360426674,-87.70929275473982,,0.9167863221810547,
170318317001,41.9526543858866,-87.74525466405007,2075.0,0.9634739958735267,2153.6647682107046
170311510022,41.943512336896326,-87.74473594075607,1027.0,0.4092943053554562,2509.196894660165
170311906022,41.927592762289144,-87.76854909679953,2135.0,0.5914817601681349,3609.57876265382
170312207022,41.9290838846541,-87.72721685583464,851.0,0.5728061224342152,1485.6684778150818
170318421001,41.89964991815889,-87.7382077719805,1317.0,0.6590042811139357,1998.4695665008933
170318367001,41.891840072844886,-87.70888638256378,1370.0,0.5997339139836969,2284.3463877169397
170318367002,41.89165372388242,-87.69968639608578,1027.0,1.617631331569363,634.8788997574896
170318366001,41.89737110898143,-87.70796501868766,1326.0,0.7239901064265886,1831.5167406703426
171635026022,38.556935808244866,-90.15736117987336,,3.5053782830811535,
171635026023,38.55357231084783,-90.1774954348771,,5.084240822516805,
171635034111,38.63687274833484,-90.03694280479601,,5.865628267779232,
171635043522,38.588962853589905,-89.90670255108682,,1.128909552938985,
171635046002,38.624523741878846,-90.14170932783753,,1.7424697937367668,
171635046001,38.63267684493,-90.13794075237927,,3.3789661716630723,
170318382002,41.8698266077078,-87.67292686734048,825.0,1.376385407695622,599.3960669644378
170310209022,41.99227483699064,-87.68052014817779,2014.0,0.2339817984630049,8607.507136152026
170318390002,41.86951746212552,-87.6318822991311,2028.0,0.4771237926063712,4250.4692313114365
170310307061,41.98010681060499,-87.65112220292195,2212.0,0.9410591001359873,2350.5431270792196
170319801001,41.7859817624228,-87.75089991130393,0.0,5.3672268557119915,0.0
170313011001,41.848200653388986,-87.69834272601591,1264.0,0.21515964329121423,5874.707638779646
170313009001,41.84777280757959,-87.70106452291509,1977.0,0.18868782325888003,10477.62365294528
170310102022,42.01431385814729,-87.67303537403406,1553.0,0.30407834264441114,5107.2364657553935
170313012002,41.845985939812195,-87.69260093129081,674.0,0.18048574055147576,3734.3670360915335
170318061034,42.061739915763326,-87.90457543474841,,1.1648088371649603,
170318061043,42.05924738922376,-87.86103901170792,,1.4699380493696512,
170318111001,41.93413094556713,-87.8354099188595,,2.360442349387453,
170318044051,42.03426564205129,-88.23757725120885,,1.87846614986878,
170318044063,42.03030826440699,-88.2554484548417,,2.08182568732343,
170318044052,42.03558202519298,-88.25176714982321,,1.158603298660157,
170318045062,41.991289133646525,-88.19909734478433,,2.3095131628815677,
170318045102,41.99908193951907,-88.14713895621513,,0.5681030392405851,
170318047132,42.054345777945954,-88.08660034959105,,0.6906652543701977,
170318047131,42.052413063071924,-88.08353355292464,,0.7923012792809689,
170318236021,41.65391911606834,-87.74501987287593,,2.228343224080203,
170318236023,41.657643373274155,-87.76086388146514,,2.0436023366704554,
170318302013,41.47861981101004,-87.70544585168187,,1.424783440703245,
170318298004,41.531822772897996,-87.6845158866291,,2.402084355314579,
170318298005,41.53904766690406,-87.68581867644633,,1.8163575864366388,
170318303001,41.488329952551,-87.67677099534507,,0.6350472251757271,
170318030133,42.142980160794814,-87.98133453851362,,0.9918705098253161,
170316915002,41.75510875108797,-87.59842085738842,776.0,0.7694025986428804,1008.5747063614764
170314402021,41.74402897059191,-87.61070867886968,1107.0,0.37403602472638003,2959.607970408219
170314403002,41.74375899811372,-87.61635004598482,1371.0,0.7788261918316828,1760.3414142706383
170316913002,41.7528568332853,-87.61979861308488,1187.0,0.5812880076421809,2042.0170111795471
170314701001,41.725656780841724,-87.59918141970086,1411.0,1.0396488851008012,1357.1889704505322
170314503001,41.74532831029474,-87.58271034027833,1277.0,0.9402328421575623,1358.1742125383055
170314601001,41.7460584746478,-87.53467692939286,1224.0,9.18938761517547,133.19712381907485
170317004011,41.74630997377861,-87.70818147372397,2042.0,0.9785561655076768,2086.7478760819076
170313018033,41.838522382147254,-87.73034208247539,1069.0,0.1300606100016478,8219.244858120044
170313018031,41.84144526595446,-87.72781665280131,1746.0,0.20493897031076963,8519.60950790552
170317005016,41.74347099497006,-87.68917958515203,954.0,0.4280246031401037,2228.8438398194853
170310307033,41.979996914313716,-87.65752896600594,1480.0,0.17016011891580085,8697.690207494143
170315805013,41.81856602006237,-87.70150531203849,1630.0,0.257421807538445,6332.019868816147
170310814031,41.892117057621235,-87.60920920270432,2757.0,3.005777965974572,917.2334188384037
170318104003,41.983255901492356,-87.83015357276726,281.0,2.210611134939569,127.1141701761498
170438467022,41.91099825090616,-87.97561318238198,,3.0707202614658784,
170438402024,41.94468345610096,-88.00846732487584,,1.5170127514825429,
170438409062,41.941163968843064,-88.03458619435042,,1.6628977458502185,
170438409061,41.9431912469856,-88.03945742090922,,1.6548347941875532,
170318007001,42.0895910850814,-87.73412163874532,,2.253648866218708,
170318007002,42.082600743723546,-87.72821325258212,,1.3120371212596291,
170318007003,42.08230214915763,-87.73749209187618,,0.7753559821556484,
170438409072,41.93800339370988,-88.05933775406557,,0.9941081576761136,
170438410031,41.98561442175076,-88.05846112224931,,3.547393469488012,
170438458093,41.74366219690399,-88.02163167919994,,4.450973770792735,
170438403032,41.93593868095813,-88.00912328511532,,1.8053316709874059,
170438464091,41.80655784102823,-88.24602938408775,,6.475988837087863,
170438467023,41.914889812367065,-87.9801946666418,,1.2006430082641792,
170438455021,41.78170040760767,-87.95842322446215,,1.3885856657097222,
170438412042,41.93419709319902,-88.08375695477021,,0.7443300928397225,
170438454011,41.77725558517514,-87.9246708382475,,3.3774658718750343,
170438455081,41.77014104491989,-87.96007796853391,,2.397283529495935,
170438455023,41.78032010096555,-87.95089073152938,,0.3176526210878822,
170438455071,41.763393588809336,-87.96528208542054,,1.9969547564071393,
170318049014,42.057120969830464,-87.93275006358901,,0.8123186540458378,
170438407042,41.93836522738402,-87.94656293948422,,3.3884570629191892,
170438409102,41.91345015985671,-88.06922814322151,,1.452747803678563,
170438464101,41.79219294263805,-88.2116540669982,,1.4799931141043519,
170438449012,41.80019534781562,-87.99993865954966,,1.3146305747980023,
170438448022,41.81219094365987,-88.02248515164777,,2.9473986079362233,
170438436011,41.885852141283955,-87.99434247483279,,1.3767088467536532,
170438465241,41.74569870312707,-88.15806326464403,,1.2876351107573816,
170438436021,41.886103259583805,-88.00583172429812,,1.5855867739961826,
170438436022,41.87857525938558,-88.00658680135261,,1.4057150162966392,
170438443071,41.87002121318947,-87.9869013596875,,1.4243563262675232,
170438440012,41.87398388280086,-87.93644823867086,,1.4054648706944302,
170318330002,41.88524130555287,-87.6607330974023,1150.0,1.5232955616385042,754.9421326764874
170318330001,41.88536729223265,-87.65097395865665,1618.0,0.8458498723289267,1912.8690006715592
170318313001,41.90776664660329,-87.7442594694863,1280.0,1.0410595767695776,1229.5165700044352
170318430002,41.867756632392116,-87.73099511207762,1153.0,1.044385484266212,1103.9984922905176
170318378001,41.88464202993718,-87.68659401816589,1731.0,1.2107251707154336,1429.7216592739449
170318374001,41.87984493481278,-87.69473047149954,1045.0,0.3279100081549448,3186.8499710634455
171194031211,38.759133203248474,-89.99485638517086,,9.144475861188555,
171194030023,38.78514943335266,-89.9403292979045,,2.7306017141774115,
171194027014,38.935389418111875,-90.16225821609467,,3.703024471264729,
170318010001,42.077973840555224,-87.72902631921318,,0.5201943978456802,
170318010002,42.074662334959775,-87.72708828874357,,0.6740738861409592,
170978629021,42.33062700070642,-87.84501527765823,,0.6546745681338679,
170978643052,42.216386147340145,-88.15827975969387,,2.0817149582855548,
170978644033,42.16114218619603,-88.03016483854113,,13.808473878486064,
170978617011,42.400485079749046,-87.81869679056827,,20.050259760417536,
170978630061,42.30034107597583,-87.85383524945289,,0.37912522432533174,
170313018011,41.83953080620417,-87.73385087745001,1250.0,0.16738898627505777,7467.635881048761
170310814021,41.89309466713957,-87.60811496754637,1928.0,0.9563106637277915,2016.0812517602485
170313515001,41.82552168109734,-87.62773366787965,0.0,0.15701607269251913,0.0
170313501001,41.841179550069285,-87.60677167994496,879.0,1.4608268131666873,601.7140376103583
170313510002,41.83236199512876,-87.61403532396747,731.0,0.24768139760488053,2951.3722349312025
170314101001,41.80163391755372,-87.58947320022412,648.0,0.11355297531201897,5706.5875924381235
170310206024,42.00310125169937,-87.69551258425858,949.0,0.2235298539292697,4245.517917710834
170314109003,41.79787284010137,-87.57542866544767,1532.0,1.5257914862578352,1004.0690446880077
170314301011,41.7689166042461,-87.57392570512839,707.0,0.14815187968079568,4772.129800332499
170314301012,41.76711956799549,-87.57387591981416,816.0,0.14406395466859992,5664.151049282939
170318439004,41.77078408650723,-87.56990074567028,635.0,0.09909636834874383,6407.903847346686
170310102021,42.017632242458525,-87.67359098256303,1265.0,0.3327201120622596,3801.9943915001127
170318133012,41.86038563000803,-87.75068894699298,,0.14332814167211863,
170318133013,41.863975592037995,-87.75080244167694,,0.14886830603575488,
170318137021,41.85398479267577,-87.74680698857235,,0.14903943588377624,
170318137022,41.852187812368534,-87.74675071443389,,0.14440948776196355,
170318128011,41.88326265222643,-87.8017816317273,,0.3869724801184051,
170318137023,41.857690123967934,-87.7463498118681,,0.19586144852906137,
170318137024,41.85581942223288,-87.74624485134406,,0.18672596330572666,
170318025053,42.116831098105166,-87.90143043432322,,3.5982703977498223,
170318025052,42.12502457095383,-87.91654759328507,,5.454148817345209,
170318046062,42.002670788610935,-88.05448864132295,,2.077172090953143,
170318047161,42.04179426195908,-88.11066669975932,,1.7491263449036192,
170318047162,42.04305857024316,-88.1197091936253,,1.905091798041381,
170318047151,42.04432156956221,-88.09475459938933,,0.7042832169738595,
170318047152,42.04561398020564,-88.10018315970204,,0.8363914753996707,
170318030152,42.12061242440784,-87.95125643867357,,1.2055061609105302,
170318036083,42.14983365754488,-88.02887850060787,,1.4541803684298749,
170314805003,41.730644109453294,-87.55991268766397,1125.0,0.9094156639834367,1237.0580852679152
170314610001,41.72742497506284,-87.5464855058522,1496.0,1.1165958721710156,1339.7864323923236
170314701002,41.729689801285424,-87.59494792082134,1505.0,1.815497807043471,828.9737361076105
170315103002,41.7211965697777,-87.57593723612527,1130.0,0.8832814784491295,1279.320383785314
170314801002,41.735193585542724,-87.57939742039342,1079.0,0.7418971790678939,1454.379434837097
170314805002,41.72451044623544,-87.55668897604549,971.0,1.0969446943698073,885.1859213903557
170318061042,42.059909786527506,-87.88347047955857,,6.7486934397739,
170318108002,41.936030136557825,-87.82131243748289,,0.5869855982263152,
170318044043,42.04283815437424,-88.23355130141397,,2.564782711595889,
170318137012,41.85302929467137,-87.75168374840628,,0.2936058398000907,
170318137011,41.85548130825228,-87.75500487460971,,0.9105258340920669,
170318025062,42.1340216959242,-87.91011252587833,,0.7798512422322345,
170438403043,41.94346569413733,-88.02769628574961,,1.6134756434861974,
170438403042,41.93440256483457,-88.0266892902658,,1.2897791494188517,
170438409042,41.93212263125338,-88.07051895902632,,1.8627301621374857,
170438457012,41.78332068416361,-88.02561983139636,,1.3005157540834722,
170438457021,41.78560901283052,-88.01350604397261,,1.2055615823452541,
170438456013,41.77679819709704,-88.00137572160928,,1.7678923077512174,
170438411111,41.95750812367826,-88.10001545827757,,1.8905018925725194,
170438411032,41.96608400183038,-88.09195225108229,,3.530473632052844,
170438460041,41.79533975044702,-88.0822574148359,,1.801937926972587,
170438458023,41.742901581208116,-87.99669996919629,,1.0723492697834283,
170438460033,41.79275394624541,-88.07171223701943,,1.4669190259641087,
170438458103,41.75143782894476,-87.95782403821401,,1.079024971948485,
170438463071,41.76199120807797,-88.04234068660148,,2.190949655655173,
170438463141,41.775761983135915,-88.05331600708337,,1.943729002446504,
170438448012,41.812971668861955,-88.00094969023237,,2.513682480055985,
170438454022,41.77589296520021,-87.94116165022292,,4.564732626723882,
170419524002,39.68807210858505,-88.29468746582887,,5.124543182777402,
170419523001,39.82433954669174,-88.38581010871394,,251.30984003099525,
170419523002,39.76839984089333,-88.44565041990896,,53.599490210089584,
170419522001,39.81270561101267,-88.28360167681892,,4.10352070073378,
170419521003,39.83660793133168,-88.18957092352649,,51.057174922831514,
170419521004,39.817126302647075,-88.22511919431557,,200.73892513623483,
170419522003,39.79843301550281,-88.2828006730634,,1.1908290830832797,
170419523005,39.6890969519541,-88.40662907862834,,123.968797752418,
170419520001,39.835825398971174,-87.96361073522023,,73.75103827672427,
170419520003,39.72045880567144,-88.03057322892576,,178.3017708730741,
170419521002,39.87246025666697,-88.18299528938225,,16.333164732226724,
170419523003,39.72508925384563,-88.44665278270386,,20.908774822837355,
170419524001,39.73217784420148,-88.30196192910955,,215.40690360095348,
170438458111,41.7419662269351,-87.96117361048609,,1.6728551145792758,
170438460032,41.80509844506942,-88.06867594067319,,1.9185658958750806,
170438462091,41.762453420708795,-88.1393121032962,,2.0802831319870303,
170438463153,41.76787086991588,-88.0623849527837,,1.8855475562573398,
170438463102,41.748200345322914,-88.04504788631036,,1.5223494539050122,
170438466033,41.92259526023793,-87.99200044494972,,0.5018231187676406,
170318371001,41.88551602104708,-87.7037924799564,629.0,0.44164627993177313,1424.2166833085741
170318370002,41.88104986593896,-87.69874609268071,903.0,0.298448562212189,3025.6470103481047
170318368001,41.88486955978197,-87.71604897053243,932.0,1.0352782512872698,900.2410693368154
170318374002,41.87425946227149,-87.69338935974667,1234.0,0.7396821621466997,1668.2841132990081
170318370001,41.87650019637117,-87.69862558803699,1182.0,0.4462647081695334,2648.652197589788
170318373001,41.87144008597094,-87.70338840466982,1156.0,0.3712654045268226,3113.675515964976
170318331003,41.88039176374545,-87.65455148353362,2396.0,0.2202349374201836,10879.29112458983
171194035312,38.724488524426626,-89.89953605723052,,7.111709205076327,
171194030024,38.793168470104966,-89.94069835483494,,2.8791895096129734,
171194031222,38.75860787299719,-89.94555283535195,,10.574329618725663,
171194009513,38.73927673757228,-90.09699887661549,,3.4317210029436844,
171194027214,38.937692813653456,-90.21645587493309,,4.12208740478378,
171194035333,38.73427713427255,-89.97135366427273,,9.49507770599188,
170419522004,39.787774803716026,-88.27681286184456,,9.17895061038157,
170419523004,39.7043476416103,-88.44797130190216,,14.498326593375467,
170419524003,39.67544528382617,-88.33378907905765,,33.57245688476274,
170419522002,39.802408208880664,-88.27689358557885,,2.298603782277161,
170314307001,41.765438798847654,-87.55702476889488,1158.0,0.4765194470273829,2430.1211781047336
170314314001,41.76112084852543,-87.55860483768903,2880.0,0.19338255426320702,14892.760161188691
170314401021,41.74062732793806,-87.59926324735586,942.0,0.573417400280679,1642.7823772681218
170314401024,41.744906482207746,-87.60321537990299,778.0,0.11161362805747461,6970.474963858129
170310619023,41.94529572015128,-87.63518593078885,1475.0,1.4054166174210942,1049.5108580020844
170315305021,41.66480518002244,-87.62667363591258,1667.0,1.448907920015048,1150.521697736794
170315401023,41.654669075485025,-87.60952417557078,786.0,0.35965063056726965,2185.4542525346283
170315805023,41.815785038045554,-87.69852969730866,2647.0,0.4453462267167549,5943.690192492685
170318016072,42.08087486565018,-87.8586116472397,,4.953370596615209,
170318020041,42.06965928733221,-87.8601414901759,,0.35234572281949184,
170318020042,42.071169327092676,-87.85316211293005,,0.4783161309775011,
170318020044,42.06756953435579,-87.85796220624546,,0.3292554152856411,
170318030151,42.113720061679565,-87.95649782376435,,2.4504406887882975,
170318030141,42.1198463135695,-87.93210548467378,,1.4287905318864693,
170318026083,42.10255703064441,-87.94160459999028,,2.3414657176838025,
170318050022,42.043962525452294,-87.9434057684513,,0.5134026065213061,
170317702021,42.00780421537477,-88.00395269110678,,1.4617770719919148,
170318030173,42.12948951266463,-88.00905012228911,,1.1111052201823974,
170318045063,42.01171038233939,-88.19436165338244,,3.3315536696928163,
170318043081,42.024530089715164,-88.15208729102483,,1.4200625521035057,
170310202003,42.01741625100296,-87.7041656766301,1678.0,0.550768212097695,3046.653679610611
170310401001,41.98438560172562,-87.68183427867643,1410.0,3.0841120418441914,457.1818341453215
170310305003,41.985907022613915,-87.66234926560924,1665.0,0.2807879123273471,5929.742438694853
170314906001,41.71797356599658,-87.62833016485449,1562.0,1.2270262735408415,1272.996376428454
170314905002,41.71810059676215,-87.61947691529082,1188.0,0.8366059586925827,1420.0233546705347
170314908003,41.712762224378416,-87.61935612831064,1080.0,0.5751183710921826,1877.8742851650147
170314909021,41.70128372383344,-87.61052880503345,829.0,0.44721702557843807,1853.6861357810726
170314910004,41.70499366546762,-87.62837624291664,1389.0,0.6315490886544908,2199.3539773119633
170799774004,38.98098102614282,-88.15615041583074,,2.033304925790588,
170799773004,39.04077341881943,-88.11664264164224,,176.61265027591088,
170630001021,41.45529611489383,-88.26164331972295,,4.692246838268668,
170318020031,42.07959957682622,-87.84564059617533,,3.1103287708995455,
170318204002,41.78213591576746,-87.80670214959797,,0.8475616020217466,
170318030153,42.1170652163744,-87.94164320372712,,2.3567128735548395,
170318217003,41.72026774954857,-87.71336458861654,,0.9264822167524623,
170317706021,42.01751312099938,-87.90980423194718,,4.629345668413075,
170438411112,41.95588919668296,-88.07879468998908,,2.161152342209482,
170438467013,41.92171508299332,-87.9826956628191,,0.7148059878071557,
170438412045,41.934421391670604,-88.09228447286917,,1.746454727254649,
170438410041,41.975239096839985,-88.0599925958407,,2.191019588225215,
170438467021,41.9120726705608,-88.01003209299174,,10.895403839799648,
170438409081,41.91202053319308,-88.04611370595403,,6.697479056196855,
170438409101,41.90741173232785,-88.07353837940728,,1.741745582097552,
170438409041,41.92929031824274,-88.0753076714444,,0.7388015783598084,
170438458072,41.73655190666321,-87.99360009551374,,2.428476260089559,
170438458075,41.73944013824435,-87.97662333069337,,1.8144268537924726,
170438458073,41.730674033810736,-87.98947538065684,,2.855749099852018,
170438459011,41.73251261257739,-87.92303931350821,,3.251927197648117,
170438413071,41.926904340209184,-88.16087069805461,,1.0284972328987352,
170438462033,41.746952050355894,-88.12247435014964,,2.4200139543409263,
170438460034,41.79970876442993,-88.06867152786076,,1.165077374911568,
170316308002,41.79087480170663,-87.69859805029161,1920.0,0.29514090629589207,6505.36729759552
170316308003,41.78905569567164,-87.6985485368713,1698.0,0.29508106682201857,5754.350891730263
170318351002,41.79057650717297,-87.68944303477627,1407.0,0.29563890532752024,4759.184175848814
170316308001,41.79269406796119,-87.69864867029364,1756.0,0.29521540148075953,5948.199149475764
170370010022,41.94411805062318,-88.77701648777034,,0.787007408698044,
170370015003,41.8826824619935,-88.7368307276979,,66.92438273942567,
170370017001,41.792649102163686,-88.67878921974751,,370.0268291833224,
170318381002,41.879748044043644,-87.67171902360643,404.0,1.1295772752573001,357.65592036009673
170318378002,41.88496761769361,-87.67918636741734,1065.0,0.6044912657744633,1761.8120563504606
170318380002,41.87593151718713,-87.68050489599699,1657.0,0.5604335903067824,2956.6393390034937
170318380001,41.879322535922405,-87.68085268694614,904.0,0.411257884690297,2198.134148068112
170318331001,41.87777332952572,-87.65564368597317,3018.0,0.5026723002947568,6003.911491105251
170318333001,41.87169475901609,-87.65412374200557,2278.0,0.8614911949559894,2644.252214459807
170318390001,41.87333583390163,-87.63274514083452,2696.0,0.23923417989203494,11269.292712340226
170316403006,41.78110059820756,-87.77648446155762,1205.0,0.6247122083803187,1928.888188569556
170316403003,41.78228693261435,-87.77991111197939,816.0,0.29733334003100886,2744.394557014358
170316404001,41.78130508279336,-87.78384233805747,1427.0,0.5956331251198329,2395.7700467261757
170316405002,41.77559461158932,-87.79588597209484,1651.0,0.5962973547952,2768.7528490999944
170316406001,41.776180226084655,-87.76409255550968,939.0,0.29629156880417834,3169.1755651022027
171150026013,39.79316106266853,-88.9532097552351,,28.32066272352614,
171194031012,38.80191118896953,-90.0173837725726,,45.50345960279622,
171194007002,38.68287664018737,-90.16658445486038,,1.4219845032525424,
171194020003,38.906414297021186,-90.1414116428811,,2.9918251737530555,
171194017012,38.916887549679274,-90.08122063555204,,3.1886170814823616,
171194025001,38.89691616921712,-90.16952751808752,,1.2456644654615285,
171194022003,38.90632114534155,-90.18979320013138,,2.4752371515209255,
170316403005,41.779697069777605,-87.77156318886648,883.0,0.2981191309701486,2961.9031731593805
170316308004,41.787236118031934,-87.69849452767203,1733.0,0.2951754594611536,5871.084280392458
170950014001,40.87228261781212,-90.38038762370543,,179.64117192480538,
170316309003,41.790972456190744,-87.70996413954995,1750.0,0.4846316764870132,3610.9897163251053
170316401001,41.78191975319776,-87.73986077501921,1211.0,0.5497567319926545,2202.792488980709
170316403001,41.78077786191267,-87.76305427683724,885.0,0.223704170023291,3956.117581124474
170316403002,41.77979187828955,-87.76668041119704,1188.0,0.2980554272613509,3985.8358256241318
170316309002,41.78746700598809,-87.70957607032234,1797.0,0.33293933838235656,5397.379620957487
170318314002,41.86880963559815,-87.76368676385773,2253.0,2.034507386612963,1107.3933743493467
170316103003,41.81496055967765,-87.67910616182252,1640.0,2.263341535955701,724.592366616692
170310207024,41.992121984497196,-87.70677538394035,1023.0,0.28501458220733533,3589.290035889509
170317003022,41.73794228405694,-87.73055416959598,908.0,0.38713907464363095,2345.4103692215303
170310609003,41.95107421117673,-87.6461012865599,1347.0,0.08337627491855068,16155.674996464746
170310404024,41.971315385145985,-87.68154477312207,597.0,0.18567929695704816,3215.2211354941724
170310404022,41.97458597788607,-87.68099730665682,577.0,0.2926389954984619,1971.712618194224
170310633032,41.93409728980365,-87.63377188943906,773.0,0.1520740094745584,5083.051355526474
170310314003,41.95908532845597,-87.64734509998777,1073.0,0.13934725395176048,7700.1876217198605
170311403021,41.971001131756616,-87.72566030932458,941.0,0.1484115800079937,6340.475587884153
170318241073,41.60583929103692,-87.81969137927756,,2.4392191412119257,
170318241212,41.59795559124813,-87.8280875692392,,1.235372390779677,
170318241063,41.609080304032545,-87.84519724780431,,3.846440023854145,
170317705001,42.012510861130345,-87.93043695588567,,2.0427237274096317,
170318241133,41.633220266754456,-87.90206922803354,,2.3077439885238817,
170318060044,42.04375435244271,-87.82888573529007,,0.7203973309989921,
170318060041,42.05151958467782,-87.83046703192234,,1.1313642350358615,
170318087021,42.05158527657671,-87.67922343879299,,0.3976604377136595,
170318070004,42.0461725880675,-87.75384998285178,,0.3976269493457776,
170310404014,41.97038054273236,-87.68421243970627,976.0,0.21328557660146596,4576.024387357901
170310501002,41.95679604297423,-87.67697779390384,1507.0,0.34737302488507166,4338.275836180978
170310502002,41.95816943298543,-87.681130042736,2110.0,0.5170763321372271,4080.6354281944314
170310502003,41.95619080023307,-87.6856973083387,1771.0,0.4419286354120393,4007.434364032056
170310703001,41.9303711254221,-87.65163033286277,1855.0,0.33861531014409846,5478.192935843926
170318422001,41.9048781076157,-87.64979233630712,2603.0,2.790792114754499,932.7101027118179
170310818002,41.8897571915763,-87.6374782115939,2150.0,0.4490876564925009,4787.484066678867
170310817002,41.891164672046216,-87.63184419475797,1847.0,0.538210838364471,3431.740627172636
170311001002,41.99084275638936,-87.78046682234971,1604.0,0.6956280280293234,2305.83003468685
170314914003,41.689383817930846,-87.61631967335501,1179.0,0.7353188080914597,1603.386159889106
170314914002,41.68828020474938,-87.62065208409,849.0,0.4675879134817518,1815.7013376975008
170315003002,41.688825440409744,-87.60892834948982,1009.0,0.4336376177202668,2326.827652325336
170315202003,41.71731159922499,-87.53923319403002,1636.0,1.0446158330783506,1566.1259844960564
170316305001,41.799290382680105,-87.6866243585826,1863.0,0.2967473399045139,6278.068071644612
170316305002,41.795647681548374,-87.68652936140113,1360.0,0.2957799299126787,4598.0131255068745
170315101002,41.7113380035134,-87.54990056603945,2033.0,3.472941947540923,585.3826613599174
170315102003,41.71040413007485,-87.55935559061255,1127.0,1.209212062481916,932.0118736550021
170315206001,41.68952078265276,-87.5403999576392,2544.0,1.955048081681168,1301.2467692418008
170316305003,41.795559113180005,-87.6914109582861,1665.0,0.2956026051820888,5632.561996449163
170316305004,41.799205659344345,-87.69151028706789,1476.0,0.296080582898802,4985.12933725372
170318351003,41.787407060520074,-87.68812675036234,1170.0,0.2592221555379161,4513.503089935018
171790205003,40.61336861972691,-89.58813294634056,,9.834839933040238,
171790211021,40.548631294001126,-89.61410508702406,,2.744794153504874,
171790211024,40.55132588267585,-89.62385102410886,,2.55888159598738,
171790221001,40.72630790513462,-89.36692626342919,,52.51250408416392,
170318001002,42.135622576248565,-87.7445306647748,,8.246286886431813,
170318012003,42.08449921679487,-87.68976915514051,,8.238584439432122,
170318026101,42.097700301412395,-87.89548928490777,,2.3286584536951396,
170318025032,42.13624463686529,-87.9538491048827,,1.2632746112007895,
171659561003,37.68910531983383,-88.62822158844536,,2.6509057144613406,
170318026092,42.10795566377799,-87.89904551246147,,0.2402662791983892,
170438411081,41.97350832857273,-88.1384537730697,,1.3156073700695716,
170438411022,41.98458597269102,-88.131805371677,,3.008899062670849,
170438467012,41.91856590889461,-87.98123557708305,,0.7285597594301306,
170438407052,41.92741076276113,-87.93615967805187,,1.0160771217743587,
170438408012,41.9506065578508,-87.929110779896,,2.21855294329276,
170438458092,41.73302052312319,-88.02449033752893,,1.3561566361545834,
170438458082,41.7151694755923,-88.0240644877194,,2.977112210428774,
170438408024,41.950749500984124,-87.95544448385141,,1.2140305247635084,
170799773003,39.09812684364407,-88.00497245658734,,291.50584362036045,
170799775004,38.98244234305964,-88.04530714182077,,174.3550831995854,
170799774001,38.992900534013486,-88.16299650893721,,2.9408567838401467,
170799773002,39.11947699990221,-88.14700007775897,,215.36112809262363,
170799775005,38.90150830819891,-88.0086750813723,,213.77247141174587,
170799773001,39.114888161930814,-88.27540089703228,,264.25125469269057,
170799775002,38.91917603135697,-88.29374517619219,,280.727958212094,
170799775003,38.90562891912725,-88.15548554555777,,299.0601399302238,
170799775001,39.02333181014591,-88.29052304778853,,215.1850904617888,
170438413273,41.962108610999934,-88.1908975333639,,1.6342191728207247,
170438413271,41.94861759505729,-88.19375951673929,,9.686234769097835,
170799774002,38.98905725540932,-88.1673348577567,,2.088828867202696,
170799774003,38.98286222396593,-88.16856858338394,,2.270148966523389,
170438463121,41.77771343023317,-88.0829386599274,,0.868262337300485,
170438463123,41.77657384667325,-88.09006607127303,,1.63711274061751,
170438461031,41.785620844342766,-88.10711692162182,,1.5548516566768127,
170438462023,41.775763325755705,-88.0989904612499,,1.8220179931905647,
170438463044,41.75363661818455,-88.08272576183846,,5.405068690108894,
170318071002,42.04357432919401,-87.71574042715858,,1.1568131259901189,
170318079003,42.002186007821145,-87.75419529774662,0.0,1.3724005671109383,0.0
170318098002,42.03644110079235,-87.6847395686169,,0.6949576330932501,
170318118004,41.90973357108992,-87.89670173380107,,1.0872094183159928,
170318118003,41.917212250902594,-87.90173740689366,,1.0529066023041211,
170318113014,41.91265046997622,-87.88378754996366,,2.938616203576699,
170318429001,41.86313874181295,-87.67293710658564,522.0,3.984651136196271,131.00268559477925
170318412002,41.85609006128269,-87.68473121073424,1831.0,0.7165058708869718,2555.457079135139
170318387001,41.8637727972384,-87.7185575201956,1913.0,0.46113279316079925,4148.479631837694
170318417001,41.85313014476357,-87.70418178551502,1442.0,0.4812344462228684,2996.4604805786985
170318407003,41.85404282907837,-87.69154957417544,2142.0,0.5124755352700296,4179.71171808495
171150025005,39.779512423420805,-88.8608553483153,,7.016680487156056,
171150025003,39.783492325459214,-88.88051748168543,,3.896268696875711,
171194032002,38.687423518346655,-89.9798244246965,,1.1665511750405302,
171194035334,38.715221412958684,-89.9703286999795,,8.22011856566457,
171194040004,38.694996353691714,-90.15176167025899,,3.513683762279424,
170311403022,41.972147730117705,-87.72093445635797,1647.0,0.2908162955520823,5663.369024329789
170311406024,41.96228381757626,-87.72203704037341,988.0,0.13444235349743563,7348.874623939436
170311510023,41.94426872281187,-87.7494819345488,1578.0,0.30013210282118075,5257.6848166761265
170311907021,41.92697581710023,-87.76363440138739,1357.0,0.1869809975259142,7257.421973117507
170311907022,41.92718644019339,-87.75861291087683,1483.0,0.2050692209753907,7231.704460309854
170311906021,41.92750898885501,-87.7743931999991,1358.0,0.23599530761349144,5754.351701874116
170312004022,41.919867537896465,-87.73000584273916,1431.0,0.20531396032549637,6969.813439531102
170312004023,41.921690750724856,-87.73009153146194,1293.0,0.2027923359921594,6375.980599434446
170312207023,41.92944921590239,-87.7230760806131,851.0,0.13185461906418466,6454.078029573975
170312207024,41.92983929754351,-87.71835995853677,996.0,0.16743014058649638,5948.749708452014
170312105022,41.9348454983257,-87.71987186650685,1325.0,0.18028900328167508,7349.311249615608
170312206011,41.925599733715174,-87.70986368619674,731.0,0.13781701838311727,5304.134486264204
170312522022,41.877664567400736,-87.74724737351484,981.0,0.12488976624358449,7854.927024898595
170318241211,41.58777141760177,-87.82718272834241,,1.8767800471994884,
170317702012,41.99748435879667,-88.02807247064149,,1.1828408102627346,
170318046092,42.02421373350242,-88.0396291960688,,1.4173177977970557,
170318046091,42.03432702374514,-88.05315363128634,,2.8954164941033436,
170318100001,42.03298740727823,-87.67631938589905,,0.23218893392570258,
170318237024,41.715246604296766,-87.83320763394471,,0.852376108905448,
170318238053,41.691261109053144,-87.82199351506586,,0.7092762410833279,
170318238062,41.68819164871198,-87.81278061788944,,1.6146505277228007,
170318238012,41.655784293524704,-87.8639526130417,,2.409377457305733,
170318123011,41.89115084178041,-87.8010512409584,,0.18471672101093245,
170318123023,41.893088431234354,-87.80141856921185,,0.29989875964513807,
170311006004,41.98080523966274,-87.79949839580665,1618.0,0.9552398719395453,1693.815393943689
170311004003,41.98610435264115,-87.81669808388968,1336.0,0.9377619883373187,1424.6685370226721
170311005004,41.980305499020105,-87.82119966161139,1308.0,0.7227566014815565,1809.7378803856943
170311005005,41.9759176152615,-87.82788436778615,1832.0,1.222519289563343,1498.5448619418921
170311502002,41.9640985644091,-87.75090213136012,1553.0,0.7892075733601379,1967.7966259091154
170315201001,41.72030050411815,-87.53048609993456,2075.0,5.575130556424755,372.18859343280843
170315203004,41.69823437639456,-87.54176395690548,1637.0,0.6242143865202706,2622.4964296731096
170315205002,41.69544246051201,-87.52814189163658,2131.0,0.8463149720840718,2517.975068729269
170315301002,41.68031816050235,-87.6196947827355,1047.0,0.4535419159263674,2308.4966642200734
170315301001,41.68282884475454,-87.61682226744254,1324.0,0.7125894213977523,1858.012426570912
170315302005,41.68155912349544,-87.6323850095261,1424.0,0.5827295640239736,2443.6721386962554
170315302004,41.683161865017105,-87.63676857549147,1499.0,0.7252522391885905,2066.8671105063745
170315501006,41.657137391879736,-87.54667809568666,1742.0,0.6658157169044552,2616.33956029004
171790207003,40.57968863350559,-89.63228910976267,,1.3727189889631173,
171790209001,40.55786566639862,-89.66030865508495,,4.881821959735095,
170318026071,42.09887844243084,-87.93194580087264,,3.5157674348613805,
170318031002,42.09375075974946,-87.98653841837213,,1.3291897766924095,
170318036122,42.149018340702334,-88.00745153575411,,0.8904386691016786,
170318036043,42.13397202860683,-88.03819045518763,,1.4482200519216217,
170318030083,42.12071003509824,-87.9734789290784,,1.8294505762783588,
170318047095,42.03528221933621,-88.08699844164289,,1.1806379123492008,
170438410032,41.98698076173343,-88.07272333978449,,1.639590608516689,
170438409104,41.905192982875015,-88.06733780383041,,0.5258860385789789,
170438409112,41.92286506590292,-88.07295971696504,,1.664081925519746,
170438412083,41.90980806860926,-88.0871143254109,,1.7889837829964814,
170438412071,41.91934213697328,-88.09614256034526,,0.7472157856593291,
170438409111,41.91953492671205,-88.07372183937696,,0.7505601963540618,
170438412091,41.93454324106726,-88.11851136251231,,5.283544122283366,
170438450001,41.792615749423284,-87.97060975512768,,1.384484357499593,
170438412103,41.9165241633349,-88.12482617239276,,0.7829806959660827,
170438413122,41.90928139951255,-88.23606082036879,,18.347418427721042,
170438413252,41.93361200659562,-88.1705202940214,,1.0095382585868158,
170438413074,41.92025800303804,-88.16391252105166,,1.9681690663611355,
170438416052,41.86186986272789,-88.23962118150982,,25.1762422580857,
170438414013,41.892884326286094,-88.1896259435311,,2.3845890629367794,
170438445022,41.82426973808393,-87.96383035573147,,4.789752333208174,
170438462051,41.76681025285307,-88.1166308071054,,1.1015885477540794,
170438462024,41.769019672517615,-88.10670955744477,,1.1355046282354337,
170438462021,41.77631372809043,-88.10665229603975,,0.6727158156997463,
170438462031,41.74825538414053,-88.10988583172832,,2.4580148012832668,
170438462012,41.735474610691035,-88.10828239062889,,1.1058385235538373,
170438462013,41.732221033185475,-88.12536528370468,,1.5977070607756663,
170318162003,41.90264589258804,-87.8478453054835,,1.1533454447338125,
170318167002,41.90451546219657,-87.90050227867131,,1.306166771697781,
170318143002,41.833041848538016,-87.75907238605039,,1.1964820442610455,
170318183003,41.879872183519566,-87.89405147804432,,1.3861020318443877,
170318177003,41.873981460399754,-87.84843191057749,,0.9461120572386654,
170318176001,41.87377303628873,-87.83843188049175,,0.6736012457458401,
170318435001,41.8382171257071,-87.69675398136398,11309.0,3.666001192497655,3084.8326026580344
170318413002,41.84493902918773,-87.68575333241223,1640.0,0.8898348868726241,1843.0385504032936
170318305003,41.830981265280066,-87.71492059918778,1123.0,3.1626799991957357,355.07860431203187
170318402001,41.844705464381185,-87.64931673902038,2338.0,1.5560018519562002,1502.5689057250636
170318404001,41.83445476163724,-87.6666940376087,1429.0,1.3792940295374756,1036.0372548550743
171150029021,39.90297783281765,-88.9554248880561,,2.411744964132671,
171150029023,39.895429093207355,-88.96310148768649,,1.5342783673637719,
171150009002,39.856483728486985,-88.94112003052287,,1.7124042791050025,
171150016002,39.842187207072186,-88.97552824967303,,1.5017885343229311,
171150013001,39.81359361356649,-88.94536809010546,,4.893545887034415,
171194002005,38.69195266625059,-90.17649562953628,,8.146945748887402,
170312522024,41.879520022171604,-87.74731205167248,568.0,0.13086737069481752,4340.272116604031
170312521024,41.879359249123056,-87.75993198022226,1251.0,0.31005430599797107,4034.7770561463717
170317608011,41.9841426298427,-87.84772594690821,2264.0,1.5617803320565533,1449.627680365755
170314402013,41.74636220610291,-87.60691724356428,728.0,0.13811063157659004,5271.136564141215
170315305013,41.672473421686014,-87.63091574976988,1048.0,0.4368152962286474,2399.183382652042
170315305014,41.67435342721361,-87.62495420285188,1486.0,0.5818687320553748,2553.8406141036317
170314909013,41.69610794936912,-87.6159029175195,1026.0,0.5523738283453914,1857.4377484055183
170314909011,41.69621574269405,-87.6114870489112,1566.0,0.44660099410857435,3506.4857012371217
170317004014,41.74382174794074,-87.70466047347715,771.0,0.3689246975163851,2089.857375205295
170315805012,41.81874009871892,-87.69657961914223,768.0,0.18719015173035455,4102.779942751988
170314401012,41.746731704108264,-87.60326305781008,792.0,0.11224424605628675,7056.0409805135
170317702011,41.99812006943797,-88.01056311073732,,2.624803447933352,
170317702013,41.99810119637545,-88.02131937444507,,1.3151449307588987,
170318046102,42.01814000678837,-88.05336638327927,,0.9115760524657601,
170318046113,42.02270301941949,-88.06511739455152,,1.663910836109679,
170318046101,42.02400246055975,-88.05226885030874,,2.1001561960605426,
170317703004,42.00225818370709,-87.99240334867258,,0.8753805254427195,
170318047141,42.05891819053393,-88.08528814977821,,0.5514195284038867,
170318237031,41.72549781103665,-87.80706001703824,,1.4953116812994178,
170318186003,41.83737960014618,-87.8692449568198,,0.8781395469894362,
170318186001,41.84295189369627,-87.87305249453924,,1.4825378568310323,
170318185003,41.839923819713235,-87.90781517663623,,5.342004023082619,
170318185004,41.841728392846896,-87.89610365897259,,0.8248829851525536,
170311502004,41.963561049334345,-87.7546963189332,1932.0,0.5625513493133665,3434.3531525755684
170311301003,41.99373472737217,-87.71512702115149,1935.0,1.1831722544563485,1635.4338877639639
170311303003,41.98760275889349,-87.71288699882464,1787.0,0.48792306310583006,3662.4626608650415
170311404005,41.97177200111614,-87.74427589433152,1863.0,0.8757530140094594,2127.3121190535544
170311407011,41.9667976986252,-87.71090340985288,1495.0,0.2650905971510381,5639.581396197951
170311606013,41.959413697528426,-87.70024248250424,1185.0,0.2232045234072205,5309.032191243065
170311502001,41.956553162188925,-87.75232608034663,1255.0,0.44971916754752383,2790.630443536473
170311510011,41.94375039416956,-87.75439343393694,1990.0,0.3733778814145824,5329.721172718294
170311607003,41.94848668391001,-87.7011436295911,1774.0,0.37218212227755243,4766.483648231365
170315603002,41.80208254545843,-87.74794018302137,1480.0,0.5888333999924181,2513.4443800556433
170315703004,41.804077948180556,-87.73446300065117,2175.0,0.8821136248121831,2465.6687515319745
170315607002,41.797786389355956,-87.75769078661182,2140.0,0.7562290261945177,2829.8305485163273
170316404002,41.78113664932743,-87.79368839290771,1763.0,1.8069193891882829,975.6937750233492
170316403004,41.7835250033468,-87.7684082754982,1486.0,0.6421289666991653,2314.1768664302986
170315807002,41.81984745756248,-87.68672712871428,3017.0,0.5529328956625967,5456.358309781216
170315907002,41.826802989025246,-87.66255063404066,1451.0,1.2950244949349152,1120.442127291904
170318039023,42.08325349627132,-88.0213350812548,,1.7345676507861834,
170318254003,41.56245735242382,-87.79656415675707,,3.9477928986892925,
170318041052,42.09427024451455,-88.10302708969952,,1.3568166673592768,
170318044031,42.05047197179983,-88.25930063014711,,1.091337224656654,
170318043052,42.03557008167977,-88.15003029431648,,1.2901970760280743,
170438412081,41.90957612568035,-88.10625669211795,,7.025799132042279,
170438412101,41.923725711173404,-88.11217204860756,,4.706211676277982,
170438412063,41.9035607557134,-88.13496191595593,,1.759264956386141,
170438458022,41.74476005761076,-88.0083335540055,,1.9314297653800017,
170438458071,41.7290748764261,-88.00469829848599,,3.434381311636212,
170438409103,41.915455342349325,-88.07566790833381,,0.923761671050665,
170438412092,41.93618910271176,-88.14014287919731,,1.4662515590783365,
170438413142,41.98268150302449,-88.169445977662,,1.3610112572626547,
170438413144,41.97569891854467,-88.16714944037668,,0.9462190128493135,
170438413145,41.97619194872368,-88.1764874221313,,1.0406341643796604,
170438413141,41.982668320433625,-88.17930408898283,,1.53516190495031,
170438413231,41.94716973430491,-88.17066708353448,,1.641432247106351,
170438413152,41.983667523743186,-88.15704531115867,,2.51740573679713,
170438413253,41.93696094368115,-88.15627085790726,,1.4862260701641847,
170438414014,41.88173581123471,-88.18917439452265,,1.2087202704566646,
170438427082,41.851762278422925,-88.04759923918618,,2.5945825557969924,
170438421001,41.878403937551745,-88.04791202831981,,1.383530082552881,
170438454013,41.78649658889529,-87.92397926639742,,1.2192028808456752,
170438454012,41.78485694617772,-87.93216754476235,,0.8806101648890372,
170438462074,41.73695252296071,-88.14233059864183,,1.221406907979946,
170438462072,41.73081856503797,-88.14386690953485,,0.9990118437670722,
170438463053,41.751826468591844,-88.0591450371577,,3.3456776019447996,
170438462092,41.76958824151862,-88.13727223001064,,2.0605141164234237,
170318197002,41.81670473643683,-87.88249913451766,,1.3410778102441843,
170318206042,41.75178772209753,-87.82815516510989,,4.202130700786732,
170318205015,41.7380775321948,-87.81422989292383,,1.5321918725219688,
170318133021,41.8604350893961,-87.74460760242427,,0.5753202906077703,
170318244001,41.63996081122429,-87.72620965945744,,5.608574917238286,
170318391001,41.882672411906015,-87.63234921266718,2567.0,1.5190026684451963,1689.924615226319
170318410001,41.8484447261153,-87.61739340635393,849.0,2.43610318979303,348.5074045948483
170318411003,41.84874071095274,-87.63772996189395,1779.0,0.7827735399903654,2272.687960328726
170318355001,41.82008754964897,-87.63260165136005,765.0,0.8088794014314551,945.7528509765451
170318395001,41.8340976628289,-87.6192918372807,1545.0,0.472554183490282,3269.4663468824683
170318396002,41.82741012538858,-87.61996357882478,1124.0,0.41568865788076764,2703.9467608529217
170950011002,40.927029616263745,-90.33247181746269,,8.13491311147583,
170010011002,39.92268533065407,-91.36671062132768,,5.29928211007273,
170010011004,39.91889480950479,-91.3489725109302,,4.172564058347338,
170999623001,41.53009708718284,-88.66781106856148,,24.714980730662997,
170950004003,40.968936851814796,-90.38400329106128,,4.109058221204429,
170950014002,40.80033007676285,-90.27326379046592,,336.86255792070125,
170950004001,40.9904668918542,-90.40619656426516,,47.13014558675883,
170950016004,40.75936520780267,-90.16577700217984,,181.85291764795517,
170950004002,40.975144768426546,-90.36775889658819,,2.3618779049008807,
170950006001,40.959941878093645,-90.36841915391574,,0.5771170492684473,
170950016001,40.92066019133977,-90.06259976986472,,174.58493632253746,
170950013003,40.893063435604574,-90.29172647676164,,32.09847339729825,
170950001001,41.045444790396076,-90.06156954859856,,438.85555740103655,
170950001002,41.11403269762017,-90.14538054083009,,153.85519897475615,
170950002004,40.95333007703509,-90.16589478731893,,138.2640538578646,
170950002002,41.02693392708811,-90.28113871520084,,200.58856628711246,
170950012001,40.94613507162572,-90.26585971194443,,109.68261814403229,
170950012002,40.93782592503353,-90.31495719951835,,8.63171582578719,
170950001003,41.117754649632126,-90.32189592580924,,252.89739425912757,
170950002001,41.04768677337883,-90.39920614299389,,106.02320355455598,
170950016002,40.82114503731555,-90.08542921549758,,449.2676811772873,
170950013002,40.91606476059665,-90.29887985672744,,7.664609569193131,
170950003001,40.987943225726156,-90.34644698017875,,21.17703981389237,
170950010001,40.94259168517428,-90.351476587927,,0.6515279164777408,
170950015005,40.76371550125765,-90.38255834844439,,143.78697217117224,
170950009002,40.92786692261825,-90.40300025704119,,17.312814515707107,
170950009001,40.938729250664416,-90.37828164681504,,2.417618035093799,
170310804002,41.90496793651172,-87.64066967865038,584.0,0.18487440432599472,3158.901320759443
170310804003,41.90829607354166,-87.64207824471953,1168.0,0.2208309979683471,5289.11253739575
170310810002,41.89887007353119,-87.63119087361686,1301.0,0.16256097208111508,8003.150961417872
170317113001,41.7348174527382,-87.6675896847609,682.0,0.276466271618839,2466.8470262450887
170317113002,41.73247482055557,-87.6670470598337,944.0,0.3525456683423331,2677.6672776570495
170317114001,41.73406818833768,-87.65997765688658,904.0,0.35689839700172116,2532.93376376706
170317115001,41.732438153042814,-87.63624783889432,1186.0,0.5781483499982812,2051.376606027719
170317115002,41.73244239189032,-87.64108613907328,1353.0,0.5886529085095435,2298.46821520982
170317201003,41.72421469332654,-87.66882135991753,928.0,0.830192591075168,1117.8129147095415
170317706022,42.00572311454611,-87.89913917587428,0.0,3.646453724718561,0.0
170317706011,42.030496143474885,-87.91497163445878,,2.892371791286021,
170318022001,42.07132707028607,-87.77953418959702,,3.5362651542207746,
170316904001,41.771109627906775,-87.61783085484069,786.0,0.2931336919238468,2681.3703837366975
170317104003,41.75210678557801,-87.66894099566225,944.0,0.21992832055322123,4292.3075919708945
170317703001,42.03108043486602,-87.99940148079777,,14.201541874145244,
170318017024,42.12071023671285,-87.8332187786914,,0.6679585675337885,
170318019011,42.094500594723414,-87.80562319503836,,4.402335473303198,
170318028015,42.077214471383776,-87.95139462510392,,1.1772635444976942,
170318036081,42.14391186395548,-88.09389012078715,,19.636770643913913,
170318042023,42.102452495084954,-88.13077993765995,,5.172228228026559,
170318049016,42.055617178364756,-87.93806694724246,,0.6776659721436457,
170318050025,42.03859573918778,-87.95313198634231,,0.25504376202558915,
170312315004,41.89356561353716,-87.72236204972593,960.0,0.44814599063155275,2142.1590733125013
170317201001,41.7234989644127,-87.67723335534467,945.0,0.7480483594393234,1263.287310339529
170317202001,41.71714426005547,-87.66459701052922,933.0,0.632284373085033,1475.6018647870728
170317202002,41.71069225890367,-87.66145699987045,1062.0,0.745664970591402,1424.2321174852914
170730308003,41.23580889237861,-89.8856928996214,,27.770352071047867,
170730302022,41.30132004004187,-90.30588655373104,,67.0366344351219,
170730312002,41.21321170705479,-90.35159328106607,,295.5077554580236,
170730302025,41.28590046099947,-90.1769363735907,,24.222535220625623,
170730302031,41.47423105635508,-90.26785098934486,,120.29108996006073,
170730302012,41.407614810661336,-90.40295530969232,,110.83665353224248,
170730310002,41.17895511183054,-89.9309620521812,,105.0187236168742,
170730309002,41.24024671228321,-89.92495724098855,,0.7943544409587369,
170317708002,41.96546548334967,-87.87217355420401,0.0,3.3122865554738636,0.0
170317709013,41.970857045557175,-87.80956743096341,,0.5950233260095672,
170317709014,41.97072435868664,-87.81449002676518,,0.595490433441226,
170317709011,41.970110564747834,-87.81973930452261,,0.4490010010547127,
170317709012,41.97042457168954,-87.82424628064481,,0.6036341597660236,
170317709021,41.97069479915848,-87.83267198901459,,1.3282898147346325,
170317709022,41.96897478640548,-87.8421824890592,196.0,0.7764762557929773,252.42239996100687
170318057013,42.00707539059167,-87.8499136337219,,1.1135944281568462,
170318051061,42.061755373268134,-88.00535200504967,,0.5077449152964671,
170318068011,42.063617617439824,-87.73963092951985,,0.5375143492797418,
170318071001,42.04438694971356,-87.73011324134673,,0.5839337275261316,
170318081001,42.01322406361954,-87.78604436785987,,6.405968379209434,
170318101001,42.03210440802694,-87.68142581027644,,0.20563655779052303,
170730301005,41.477609646070896,-90.37308506214026,,3.5524514079552327,
170730302014,41.307015313310956,-90.38347320883533,,121.23396110802119,
170730312001,41.21282654801194,-90.17645220379006,,344.16721707017984,
170730305003,41.27076913385706,-90.02298797104342,,377.3659762282356,
170730305002,41.363772894810026,-90.01511484751194,,426.5102497983096,
170730304002,41.51555063850614,-90.06894386253619,,416.44996009916764,
170730302033,41.5167140559037,-90.1792447135717,,51.7580383771842,
170318110002,41.91783146390196,-87.81704204249176,,0.44424991851368456,
170318120002,41.88881555149067,-87.80989769654589,,0.6110639848767939,
170318128012,41.88303253833908,-87.80373149293855,,0.1860271455073751,
170318138011,41.84803896732203,-87.74784665313338,,0.2654391691178147,
170318151002,41.847966627876716,-87.78530744503743,,0.33826802986336524,
170318164014,41.8922010237637,-87.85938659814056,,0.29514149197416917,
170730302011,41.39462774860377,-90.34895629853935,,60.323411480516434,
170730302021,41.382285413427425,-90.24920088428372,,283.9621739907843,
170730305001,41.3908898404226,-89.90483009068033,,21.185936463056837,
170730306002,41.26747342086962,-89.94574861777264,,24.068108390290902,
170730311001,41.17668124510615,-90.01242062335822,,22.905530375200275,
170730301006,41.47629525857893,-90.32952989121723,,4.713733812584016,
170730301003,41.471100574487096,-90.36715847797349,,5.578677126210116,
170730301002,41.48338770121208,-90.34283572985306,,1.742073756549497,
170730301004,41.47083228920623,-90.36226105470355,,0.9758073245878107,
170312408002,41.91204060563136,-87.70053067516784,921.0,0.17214829934331347,5350.03833040058
170312411002,41.90662592158374,-87.69080993485647,1934.0,0.29848323558988055,6479.425875218461
170312412001,41.90672808515792,-87.6834649766586,908.0,0.29609922527646887,3066.5396005416674
170312412002,41.9066862952675,-87.6859039113699,788.0,0.29673567312760224,2655.562075481044
170312414002,41.90631258534502,-87.67470087340237,965.0,0.18400142483686702,5244.524605478218
170312414003,41.9044598191285,-87.671063405456,976.0,0.22631587749441764,4312.556462257378
170312415002,41.90722238766995,-87.66939587384313,687.0,0.1485219532937101,4625.578810167011
170312416001,41.90861751027953,-87.66560844877894,1403.0,0.2347691477518073,5976.083371411393
170312416002,41.90519819411801,-87.66510533823975,2074.0,0.296294806982119,6999.78518396768
170318255011,41.57807985204749,-87.72698718360705,,6.112661546143628,
170318255031,41.58180585990414,-87.68515174705487,,2.4899649463274183,
170318255032,41.57439744668747,-87.68953393019866,,0.8492020090503741,
170318255033,41.569015853988994,-87.6787212440747,,2.586676079476592,
170318273002,41.60901833028036,-87.64863709922096,,0.7316032113953826,
170318273003,41.60900876232151,-87.65351155006951,,0.7333408108968168,
170318274001,41.609001142176226,-87.65957860409658,,0.6544275038147673,
170318274002,41.60070423304116,-87.66317464145814,,1.7716482369391258,
170318274004,41.60988291327017,-87.66942715904332,,1.7683102144351652,
170318275001,41.58841527215629,-87.64329343732474,,6.534285965871088,
170318205023,41.74451187632485,-87.80401839702046,,1.5285574895380285,
170318205024,41.736667932766075,-87.80441787605122,,1.017610226304815,
170318206033,41.75684074502326,-87.83512291335195,,1.6286501311432555,
170318206041,41.74232475961721,-87.82183790298093,,1.0637652697376596,
170318206061,41.73495178788809,-87.86856586637079,,1.7985574550588768,
170318207002,41.813639549177665,-87.78940912215648,,1.466585615493647,
170318248001,41.63412852450026,-87.68728772510987,,2.4345554979091553,
170318248002,41.627184539276826,-87.68383322008836,,1.3809959726406793,
170318248003,41.61498383821548,-87.67895960774584,,2.5587934433122026,
170318255041,41.568698179445796,-87.7054031797955,,1.777955297344816,
170318255042,41.56179386519387,-87.70318580424099,,2.9018652655325305,
170318255051,41.56386683987604,-87.74070173089612,,5.555986646340908,
170318255052,41.56798035756526,-87.72708905263259,,1.1780873413275132,
170318255054,41.56092763778603,-87.72006798700146,,1.621279329030172,
170318275002,41.59602624626266,-87.6286302194832,,4.608782963274638,
170318284012,41.56940673921819,-87.66019407881005,,2.315773097361667,
170318284013,41.564186399541896,-87.67115672774823,,1.2810007742592493,
170318284014,41.55994948441844,-87.6631334428563,,1.2603697735377426,
170318284021,41.5755488922457,-87.64576536926099,,2.3803009492482508,
170318207004,41.81854811493786,-87.79743167656234,,0.9061001260256976,
170318208001,41.805593118396594,-87.75780408460875,,0.5984293555738152,
170318209012,41.75018792211156,-87.78516710003964,,0.44177144843809885,
170318209013,41.750322967982385,-87.77846353174606,,0.3686028640162687,
170318209021,41.75618281601499,-87.75100573901422,,2.4038989318895405,
170318209022,41.75119019786275,-87.74790681588584,,0.646778866262945,
170318207003,41.814035694679156,-87.79725088233651,,0.6049602865608024,
170318209023,41.75067998443711,-87.7566863769941,,0.5067185594474544,
170318209024,41.75056883144332,-87.76509706888831,,0.5202024527061042,
170318210012,41.744020780288345,-87.7905780185182,,0.8497605138617906,
171790204002,40.63786447142962,-89.58489286130501,,1.961851226821765,
170318256001,41.59239543365911,-87.68368514201502,,4.070332118822689,
170318256002,41.59715810773864,-87.69606202113735,,1.9702812018344655,
170318256003,41.58987316389373,-87.70057197724387,,1.4621569245234243,
170318256004,41.59270010554464,-87.71358989166815,,3.6801638965802614,
170318257001,41.63801082091878,-87.53429871135666,,4.258956207269451,
170318257002,41.6369817882343,-87.55158907724602,,3.5690661719458108,
171118709032,42.32548903841824,-88.4480247490779,,0.5985587722922368,
171118713111,42.18844426192088,-88.29967174777534,,12.314095640772196,
171118714023,42.19014670925203,-88.21173781563301,,5.450176411166195,
171118702004,42.36190345784777,-88.63694080771006,,172.85519678098558,
171118702002,42.4569188329516,-88.52816990518042,,148.94709631294148,
170318284022,41.56552742573782,-87.64696501195425,,3.9338377434656615,
170318285052,41.55193187366838,-87.53130384528693,,1.4334378471737867,
170318285053,41.5459022076616,-87.53422729475234,,0.9527773477337262,
170318285054,41.54694224912726,-87.54340873633572,,1.1930886038068782,
170318210014,41.736322157508475,-87.79436417561824,,0.8851323051536484,
170318210021,41.746001465198546,-87.76601820849721,,0.7234223180618267,
170318210022,41.74672488972683,-87.7749146273435,,0.639688996952434,
170318210023,41.743068818593784,-87.77477843521,,0.6380370995811225,
170318210024,41.73817613637131,-87.77620604304734,,0.8037738852061735,
170318210013,41.743607596232316,-87.79649458802783,,0.9263707496730706,
170318210025,41.73741312202312,-87.78468256190959,,1.1789089531134374,
170318211011,41.74073567488725,-87.76514866359742,,1.031498654315687,
170318211013,41.73608102296149,-87.75668847490873,,0.7360000458704564,
170318211014,41.73586438700919,-87.76881034248149,,0.7344970843249141,
170318226013,41.70882152030104,-87.76356993332672,,0.8796571406091285,
170318226021,41.70361106086569,-87.74975928163995,,1.1620921692602117,
170318226022,41.696281118616035,-87.75218005632999,,2.6886406628701813,
170318226023,41.70407515976032,-87.76195949674853,,0.18724532514883657,
170318227012,41.71179924954464,-87.72642692887037,,0.7326141703418538,
170318227013,41.7116383292485,-87.73381833931808,,0.5361374761186061,
170318227014,41.71254133250594,-87.73825273529793,,0.3733963005223393,
170318227021,41.70579081069839,-87.7257428092629,,1.172568102868497,
170318227022,41.70537607617112,-87.73331569471294,,0.6428032014259146,
170318257003,41.637514123243854,-87.5615087267177,,1.1742477711246537,
170318258011,41.631652359818055,-87.5737076016629,,0.604024487937459,
170318258012,41.62594577921891,-87.57636206242591,,1.183327710417881,
170318258013,41.63850305309833,-87.57071194308264,,2.9381567176580585,
170318258021,41.626994042524174,-87.56818924114003,,0.6503238452332235,
170318258023,41.62636471142764,-87.55406460436741,,1.2359954517971918,
170318258031,41.61984081662346,-87.56343458543294,,0.7272116600024412,
170318286011,41.54417312368482,-87.65762136836283,,2.5247185684118887,
170318211021,41.74507938903102,-87.75669177213729,,0.9596940689719731,
170318211022,41.74626746173056,-87.74661608389277,,1.073018400597828,
170318211023,41.74100761666906,-87.74676925571396,,0.9189791815098465,
170318211024,41.73627657294088,-87.74579006082486,,0.5868829759418248,
170318212001,41.67025354037104,-87.66577051590257,,1.6258493575479578,
170318212002,41.66018901507374,-87.67650189603134,,1.1820293837703586,
170318212003,41.66937078485141,-87.6768607121825,,0.986646130116556,
170318212004,41.672237422078624,-87.67306538928011,,1.4837740979284333,
170318213001,41.66074284431803,-87.66818366859886,,0.2787589226563228,
170318227023,41.70585472260179,-87.73815286684454,,0.5166851509842761,
170318228011,41.695973056880774,-87.74088210022434,,1.335292419265979,
170318228012,41.694353772286696,-87.73331109345938,,0.7304633943707657,
170450704006,39.59902170920902,-87.6993872917344,,0.9479368260410329,
170450705004,39.540327372610356,-87.92070391354798,,157.00337051784237,
170450702002,39.68638277741842,-87.90957500707906,,321.32968162609717,
171950009003,41.83084634424076,-89.69521319715476,,25.34846307376571,
171950009001,41.80521179081754,-89.70406946436194,,1.2788897845581273,
171950010001,41.79871243515195,-89.71154012460109,,1.196449166080972,
170318228021,41.70011887248249,-87.7320809026682,,0.9942859886249467,
170318228022,41.6978221523933,-87.72456465658247,,0.7186327610685089,
170318228023,41.69322403708198,-87.72500421914438,,0.6296823282064349,
170318229001,41.72769394615873,-87.79476973749303,,1.4630123448484973,
170318230011,41.706930846493805,-87.79226247522922,,2.3131684670059465,
171118709052,42.29912125021039,-88.44236747619009,,2.1074550586061265,
171118710031,42.29736875362077,-88.65333845613502,,112.44244025243908,
170318258032,41.619313061685716,-87.55757703391093,,0.5250119763082053,
170318258033,41.61907492871278,-87.55215192356191,,0.7685173408949245,
170318259001,41.62544447534562,-87.54309351883582,,1.1814048477355008,
170318259002,41.62003144038252,-87.54304103650799,,1.1267751194661952,
170318259003,41.61729611860694,-87.539568804918,,0.5799461335321497,
170318260001,41.621630911324004,-87.52908630049599,,0.5789816822310818,
170318260002,41.61648812949679,-87.52872493706661,,0.6354822191199738,
170318260003,41.626556546393594,-87.53427121343167,,2.289018768308829,
170318261001,41.6107782703629,-87.5275244966252,,0.4771245743144789,
170318286012,41.551575813726316,-87.65889698720508,,0.7868424441059577,
170318288011,41.546893119171756,-87.6701504607201,,0.9356273862784952,
170318288012,41.53507967634225,-87.66750038062092,,3.644086995362903,
170318288013,41.53391583419612,-87.65573105110634,,1.4164062957766212,
170318288015,41.52408443538925,-87.65013987025326,,1.1993628259463511,
171759515002,41.067557663584616,-89.7870069979795,,39.318416464461784,
171950005003,41.85118245781945,-90.16645130733696,,9.25113584812524,
171950007002,41.62174598993833,-90.01381914769767,,255.5368486007039,
171950008003,41.62763159457828,-89.79555982722889,,27.607190488381377,
170318213002,41.655940678349424,-87.66964790746033,,1.4045107621127428,
170318213003,41.65247603146309,-87.66776649675154,,0.5487877965321906,
170318213004,41.651559816639214,-87.66742132454627,,1.1864156122739626,
171770012003,42.28769063338379,-89.6291314943624,,1.26196281991977,
170318214011,41.668166416749244,-87.65947079317019,,0.29763763167172175,
170318214012,41.66853674841302,-87.65410451572085,,0.3326447377999073,
170318214013,41.66487592044674,-87.65429395188885,,0.3661490618068265,
170318214014,41.66458903280914,-87.66177757307413,,0.5350815669031783,
170318214021,41.666814722659,-87.646430583959,,1.1824489766300457,
170318230012,41.70132836304449,-87.78686661744712,,0.47417916998317344,
170318230013,41.70477017297805,-87.78245601552612,,0.4617956407596496,
170318230014,41.69992712249383,-87.78192290347714,,0.46348635272160155,
170318230021,41.69684428917846,-87.7766114219202,,1.0539742713559763,
170318230022,41.69743272122943,-87.76899632846565,,0.7909198765889667,
170318230023,41.69868185559402,-87.7626389020095,,0.6463384610606441,
171118707022,42.358714912535035,-88.22994981745094,,15.720887728312892,
171118706051,42.335117028625255,-88.31107390219834,,2.4860356003605943,
171118713053,42.229187464186296,-88.2122673333238,,8.989267602719742,
171118708091,42.31479398600103,-88.26024667917123,,3.7495180238532875,
171118708092,42.24912008151197,-88.26802601417234,,8.504399813912547,
171118706041,42.368285577478204,-88.25072772711225,,6.181244197504309,
170318230024,41.69286473496805,-87.76706334330774,,1.112903427424495,
170318231011,41.69580987348349,-87.79547035491454,,0.5163380095498203,
170318231012,41.69905911824422,-87.7912381529291,,0.43160643699395745,
171118708122,42.26613748792159,-88.20695777887215,,3.7292232677516632,
171118712012,42.22096325263088,-88.34703959614966,,3.369896162035017,
171118702001,42.40354001127063,-88.5948144996075,,58.46864100736384,
171118707024,42.34391968571635,-88.21789407835361,,12.428654097309225,
171118710032,42.26596666095804,-88.63619752906943,,30.42935732210706,
171118710033,42.25662613772019,-88.58804949184781,,15.355294427648486,
170318238064,41.69383598125554,-87.80448294728741,,0.8412363006078915,
170318238052,41.686464818499985,-87.83175236951675,,0.5521769243058854,
170318238061,41.68436984316426,-87.80323734406578,,2.1860673641082125,
170370021001,41.63927824134046,-88.6390378236615,,8.214289586173402,
171579505001,38.20129365709209,-89.60162300198539,,10.109802847803728,
170318261002,41.604385630228194,-87.52754372691412,,0.5115952727675365,
170318261003,41.60452330570393,-87.53867978988008,,4.058164256501681,
170318261004,41.60986659788733,-87.53470826574032,,0.41873962414404076,
170318261005,41.612489821573114,-87.53471164455084,,0.4218053614192535,
170318261006,41.61208677007024,-87.5407832779929,,0.6274132636599944,
170318262011,41.6050211982139,-87.55412642379949,,3.3575910358920376,
170318263011,41.619064282708614,-87.60293827503273,,1.238577485905366,
170370020001,41.65669460540557,-88.64119701251684,,9.80205383043317,
171950010002,41.792828447675674,-89.71506956843032,,1.1412421075643495,
170318286013,41.55536603566216,-87.65948927143444,,0.7298127701827659,
170318286014,41.55352022999286,-87.6700083163454,,1.172907728571033,
170318286021,41.55361981272774,-87.64707174807886,,1.5526335702260547,
170318286022,41.544390214150546,-87.64335315125075,,2.645236116297782,
170318287011,41.55351759026738,-87.63849543306966,,0.6283588439136851,
170318287012,41.55359962344532,-87.63257086638207,,0.8859977487722768,
170318287013,41.55201557601402,-87.619800678117,,2.957522794242704,
170318214022,41.658869778215205,-87.65301384585851,11.0,1.2848548859823394,8.561278102304852
170318214023,41.660952218274446,-87.66031875771024,,0.7053965742312993,
170318216003,41.730027151467155,-87.68996528346405,,2.971788911341402,
170318217001,41.72596164196382,-87.70855581956911,,0.3756019393524908,
171118710041,42.23718730623955,-88.62767824645059,,16.68191792793661,
170318231014,41.68914030761726,-87.79297220024915,,0.8218237920726831,
170318231015,41.68363997709517,-87.79273210119352,,0.8094895495020012,
170318231021,41.688863375121954,-87.77470899516818,,4.098648955951656,
170318231022,41.68089841984429,-87.78579524492773,,2.503213293822099,
170318232001,41.68529195158154,-87.74785666522601,,3.2996344670870585,
170438412041,41.92801434393117,-88.09021121506264,,1.668382446796979,
170438412043,41.926831284327776,-88.09779405193481,,0.6768287144524029,
170318239031,41.67203615836418,-87.8109600068362,,3.0691557872895077,
170318239032,41.65788742690056,-87.82358895519009,,2.8480399723320553,
170318239033,41.659840050703785,-87.81065929870294,,2.126445963293901,
170318239034,41.648886522517415,-87.83128868916673,,2.161898905784138,
170318239042,41.664676112203715,-87.80155293078293,,1.2861066036855673,
170438411021,41.97631774788476,-88.10650274938763,,1.254709617251587,
170438411023,41.977485312058725,-88.11925221651931,,2.991509257202181,
170438412062,41.91211841689949,-88.13021873807784,,1.5491871549087564,
170438412061,41.92105441118496,-88.1429529622854,,1.6580119908104036,
170318262012,41.609261844715846,-87.56813723352467,,4.004178875723409,
170318262021,41.589343754609,-87.52748758190879,,0.8688755640731057,
170318262022,41.59348807320101,-87.53191959415955,,0.5330482582299494,
170318262023,41.592435214783755,-87.53617771509929,,1.1284360895648433,
170318262024,41.59391214916745,-87.54128900677274,,0.5124071549269847,
170438428002,41.902357716858056,-87.92459674832247,,1.2208660275971288,
170318287014,41.53765548359283,-87.62544501291062,,7.6628133401343925,
170438457031,41.76312165870951,-88.0220734317123,,0.934353443702426,
170318287021,41.54012211417774,-87.59512279554741,,0.8692440258447156,
170318217004,41.715959012517544,-87.7175520244546,,0.4437595562014292,
170438465232,41.75281714527509,-88.15208883574368,,1.5105897847676648,
170438400001,41.963774400268406,-87.95355740694565,,1.0178541644547217,
170438401011,41.96713762355894,-87.97530656075678,,0.9540483508487995,
170438401012,41.966742658743705,-87.9683787409038,,1.1416537285951565,
170438401013,41.966434206475036,-87.9620261411576,,1.0367187149462904,
170438401014,41.97997500602552,-87.9790123096317,,15.176452063477104,
170318217005,41.71945847047549,-87.71883817530025,,0.48208887345963186,
170318217002,41.72508768063178,-87.71847667149518,,0.5583090377032801,
170318218001,41.72085995990434,-87.6907300523562,,0.892966772315633,
170318218002,41.71769572906565,-87.69783657754641,,0.5748795255171729,
170318218003,41.72268128034253,-87.69798830647221,,0.4231183095826868,
170318218004,41.71834694884755,-87.70261695574138,,0.6986487557040638,
170318218005,41.71700709107807,-87.70804553291758,,0.8226396495564768,
170318219001,41.71666103244404,-87.68605988781026,,0.8959394972593343,
170318219002,41.71402730180742,-87.69423943204406,,0.5288583368762204,
170438401021,41.960356901216535,-87.99027763732005,,1.954610604447211,
170438401022,41.956818289514246,-87.99922864205898,,0.8945259517270828,
170438401031,41.95118488194076,-87.96425214076078,,1.9149256807098638,
170438401032,41.95954689198515,-87.97006095723249,,1.65833614540264,
170438401033,41.945837645299505,-87.97162106605059,,3.7368296788085487,
170318232002,41.672992591337135,-87.75570556026499,,10.42956354033648,
170438401042,41.944083516737095,-87.9981599356507,,0.9300436626582785,
171118710042,42.19676422516604,-88.65287503053179,,160.30574987023198,
171118711053,42.22160044400295,-88.3598001133956,,1.4741678716388251,
170318233021,41.668785430557435,-87.72901350826014,,2.2387860561410844,
170318233022,41.66084222319618,-87.73138238062997,,3.2456502761842723,
170318233023,41.65871689620109,-87.71437070143949,,4.578444417520742,
170318233031,41.68220326731859,-87.73256527247537,,0.41549407814338557,
170438402021,41.959462547287615,-88.0119632417755,,4.481447271318515,
170438402022,41.95409638590458,-88.02594930744458,,1.988691205408784,
170438466032,41.92915522780855,-87.99847661261812,,0.7915522236925312,
170438466041,41.924762833380186,-88.01918975569403,,4.680544801821423,
170318239043,41.657635238531896,-87.80037664566166,,0.9071996805561393,
170318239044,41.649939823763766,-87.80864878734762,,3.452467477682529,
170438466031,41.92778484529452,-87.99207172892422,,0.7448919348120857,
170438406001,41.908970167794216,-87.9344989402886,,1.0292363972273715,
170438406002,41.90975586595649,-87.94503587665723,,1.258362850321708,
170438406003,41.90955876499738,-87.95924852529221,,2.192553600806097,
170318240052,41.66120503854913,-88.00618155047458,,2.0907424316866785,
170438466042,41.92391995388149,-87.9998175123185,,0.5397495214233189,
170438466043,41.922058754441714,-88.00229415358221,,0.7554841204864576,
170438407041,41.93708521207197,-87.9592572343508,,2.75927855097743,
170438407062,41.91733975252542,-87.93573759116435,,1.2938537156747045,
170318262025,41.59745914978827,-87.5456600477307,,0.8367567673932966,
170318263012,41.612522071042505,-87.6024859010375,,0.8976421207795233,
170318263013,41.61432152044493,-87.61000220498626,,2.2760208118086833,
170438407031,41.936431778733485,-87.92984480008766,,3.177006741039204,
171539710004,37.10251803580164,-89.16580824475007,,32.96186143367963,
170438408011,41.9510125424131,-87.93719239290135,,1.0664740484041835,
170318263031,41.61706223344338,-87.59579495799234,,0.695064546800812,
170318263032,41.61639189635143,-87.59176294050943,,0.6157948317749857,
170318263033,41.609461406214194,-87.59361724255334,,0.6183542109466188,
170318263034,41.611174828111196,-87.58615615208801,,0.8595245991510667,
170318284023,41.559701764445016,-87.6408312604118,,0.7557963634792829,
170318285032,41.49440906474354,-87.56884326999418,,2.1447710214102327,
170318285033,41.49237798019344,-87.5656777368348,,0.4986377873478786,
170318285042,41.47701616852841,-87.5653230006372,,3.5253186820508593,
170318285043,41.480263497091244,-87.57431692459154,,1.5940952914294182,
170318285051,41.55551325772061,-87.53445289882946,,0.6333798236621386,
170318219004,41.70979883155254,-87.70331454404594,,0.4466456246180371,
170318220001,41.732438247729355,-87.72629801884857,,0.5059856238118944,
170318220002,41.73342151069984,-87.73180116452946,,0.3094841791004664,
170318220003,41.732260143016674,-87.73770044250118,,0.46141607750950636,
170318220004,41.729367412606955,-87.73473413376306,,0.5147026212037009,
170318221011,41.73148764749018,-87.74623230090269,,1.0383264193866582,
170318219003,41.70981992493009,-87.69721332048148,,0.8177618538455507,
170318221012,41.726319488689775,-87.74604800206252,,0.7549055099183508,
170438408022,41.95808155502671,-87.95424178384431,,0.9551269225775085,
171118713041,42.23071806774759,-88.2664136759782,,12.473456591466237,
171118708103,42.25132896111481,-88.23394584409498,,12.85802459307688,
171118708101,42.29541237525312,-88.25095547876202,,9.756223780017379,
171118707023,42.33442580162776,-88.2343399034882,,8.13625508272916,
171118708081,42.25716422084044,-88.30251575266786,,10.895195481835687,
171118716002,42.19976791827554,-88.24043097230971,,4.900785357073353,
171118716003,42.20986968836982,-88.24849521174029,,1.0919699925865003,
171118713051,42.22760756873048,-88.2417642653599,,3.473399738243378,
171118709033,42.3204439345988,-88.44752750408607,,1.0133185789525814,
171118706043,42.36334591932024,-88.26310183607191,,5.373713368963806,
170318233032,41.68209175017105,-87.72428399306152,,0.5197486999658114,
170438409011,41.98319085003832,-88.04060361228794,,5.5140714789481295,
171118713011,42.23777133044916,-88.33341552246577,,1.4162947733826692,
170318233033,41.67845611002567,-87.72289371637673,,0.37279427984473834,
170318233034,41.678706562615936,-87.7300839306875,,0.5045700310282366,
170318233035,41.675031421579746,-87.72831632067395,,1.7913936787585332,
170318233041,41.690499158865734,-87.69437749726325,14.0,1.4966400730420886,9.354286479543095
170318233042,41.68063566141988,-87.69555603245307,,2.3307487488268404,
170318233045,41.680616106466545,-87.71772880121073,,0.516237880179528,
170438409012,41.96411540787134,-88.0414281931015,,7.125219544020788,
170318241051,41.63760708209121,-87.84669718443612,,3.457292744752274,
170318241052,41.6407805555332,-87.82607577519764,,1.205103356491028,
170438411041,41.98659179616465,-88.0951588867106,,3.5464138935408287,
170438411042,41.980644531065586,-88.10240966501341,,0.7620734301760652,
170438411043,41.979865228375274,-88.09114574505725,,1.6047117060725304,
170438411044,41.97394617717641,-88.08654260841617,,2.3594147109133083,
170438411131,41.949396505815486,-88.0863824965429,,1.7247857567039933,
170318263041,41.620034167042085,-87.58882033193962,,0.5251693466713333,
170318263042,41.61924072798477,-87.58385902799549,,0.529994900083976,
170318263043,41.61671103048632,-87.57922987065442,,1.228523206399531,
170438411103,41.95015170490403,-88.06889136757704,,1.297689479092314,
170438411121,41.96319375778196,-88.12032666028823,,2.9295511817758433,
170438410021,41.96298092982325,-88.06005010072398,,4.372223339891862,
170438410022,41.9656335914044,-88.07490801836246,,3.011944342992316,
170730306001,41.26770468612821,-89.89866594260647,,20.354708022949946,
170730306003,41.2426852767275,-89.95682859110474,,12.31117934855992,
170318264011,41.63527189167972,-87.59087587452206,,0.8667649121394345,
170318264021,41.63051633081187,-87.58096153093494,,0.6084736068303085,
170318264023,41.627026589852804,-87.59045718217882,,1.3101374846365588,
170318264024,41.63006176870362,-87.59307561361486,,0.620937203454742,
170438411102,41.950361290730704,-88.07722241806448,,0.9558488236795751,
170438411091,41.942797701217266,-88.07526430544218,,0.9738926409225936,
170438411093,41.938550368671734,-88.07513998878858,,0.5573221169321083,
170438411092,41.938468619841125,-88.06748698353768,,0.69444032075319,
170438411101,41.94508194034306,-88.06607961889502,,0.8358268892890215,
170438411083,41.962544391366805,-88.13420708775116,,6.846876609914922,
170438411082,41.97933089817592,-88.14181868525729,,1.055896993426218,
170438412082,41.909559136776615,-88.08586028990818,,0.7296703688103138,
170318275003,41.60139594279125,-87.6507932190371,,1.1475551072808088,
170318276002,41.591668863669454,-87.66011345745618,,1.0683468850638036,
170318276003,41.59188398325144,-87.66920791846016,,2.238785234742863,
170318277001,41.582342265683096,-87.66340089513334,,1.8051480180659907,
170318277002,41.58266701077379,-87.67236830040456,,0.6427733162257797,
170318278013,41.596445907372065,-87.61158255254178,,1.3538911179724638,
170318024022,42.14658326422714,-87.89934366672932,,5.413900847322306,
170318027012,42.084366284528606,-87.89839022128761,,1.438929168658751,
170318027013,42.08411842053262,-87.92386122485986,,0.8412518330562967,
170318027014,42.0842043305082,-87.91226883559898,,1.9315091067901635,
170318221013,41.720887050067184,-87.74510339362656,,0.7871035803302772,
170318221014,41.71542584740876,-87.74488632786455,,0.763418374341288,
171118716004,42.18318899754576,-88.26349178933249,,10.50468217223772,
171118702003,42.372848136816664,-88.5148748263842,,119.08875855983375,
171118703021,42.41918642069136,-88.60014188068251,,3.4712520000500344,
170318221021,41.72390324842474,-87.72738820626634,,1.429132572585454,
170318221023,41.717343028566816,-87.73170658391278,,0.7334555869120886,
170318221024,41.718568335534655,-87.72494484240752,,0.4406641777684886,
170318222001,41.73067417030528,-87.75627596644208,,1.0437679789378442,
170318222002,41.72529520577137,-87.75500300322024,,0.662942279597812,
170318222003,41.72429454860489,-87.76614616057769,,0.8019767143763576,
170318223011,41.731580801841616,-87.76421881369771,,0.6178137202159365,
170318223012,41.72840544142365,-87.767698309888,,0.5429781288469364,
170318234002,41.6642627764472,-87.68793007377624,,0.6038167496279812,
170318234003,41.65492350405001,-87.6857117978774,,0.6587021614121841,
170318234004,41.66576147263145,-87.69868933382817,,7.544586433755367,
170318235001,41.6736144223421,-87.68302918124091,,0.5918686751046948,
170318235002,41.667233273805245,-87.68282290953704,,0.44064653061768644,
170318235004,41.65788267592853,-87.68341609166764,,0.4824042310427656,
170318241071,41.614086469182666,-87.81005929155735,,0.6852700657734735,
170318241072,41.61352484951713,-87.82100994353381,,1.2445993957044326,
170318241231,41.593975919560215,-87.79828789564203,,1.9655984222337797,
170318241234,41.594218104416,-87.80820701173546,,0.5823289737679052,
170318264025,41.62527311260682,-87.59985275481769,,0.5669864116142355,
170318265001,41.633034938553486,-87.61476525043182,,2.6015131032060292,
170318265003,41.62844584977808,-87.60872466258765,,1.4033982022204363,
170318265004,41.62607030320295,-87.62756649736266,,1.6144293575330417,
170730308001,41.25801833860793,-89.88057330838276,,9.900502513997171,
170318266001,41.641792240839415,-87.61964801069898,,0.4482850320021542,
170730308002,41.24635498899472,-89.91536318873722,,1.8136679764016164,
170730309001,41.24124323887317,-89.93467157008057,,1.40292605060698,
170730309003,41.23633136494515,-89.92269677697192,,0.8924666762774843,
170730309004,41.23628001484001,-89.93870260660101,,1.0316631948044122,
170730310001,41.23142347987202,-89.9258628581586,,1.9544258238979684,
170318278021,41.60428618461765,-87.59015591659566,,1.6177210595539988,
170318278022,41.5972311439178,-87.59068851820706,,1.6678779327364177,
170318278041,41.59114200554076,-87.58981553470146,,1.0741438131299257,
170318278042,41.58793988370938,-87.59374561498178,,0.7588052856735905,
170318278051,41.585954513789886,-87.61031965688795,,2.4516081190764405,
171118704021,42.332026754870675,-88.44778456287159,,1.5384555849024688,
170318027021,42.07499348614134,-87.91978162001688,,4.258059208803342,
170318027022,42.07430851302479,-87.89719008433936,,5.240236550495219,
170318027023,42.06984783762186,-87.91123519863694,,0.7807682528058899,
170318028012,42.082762189253586,-87.96831365944995,,0.8860053648527482,
170318028013,42.084011553920554,-87.957525777869,,0.7906516393649661,
170318028014,42.0842715287032,-87.94750471106927,,1.6555884555805949,
170318035005,42.079452458021095,-87.99797414426918,,0.9515233526827711,
170318223013,41.73220497682444,-87.77298334545061,,0.5765460970394187,
171399769004,39.48636184452959,-88.53583578052282,,151.64976867487437,
171399771001,39.65023606779198,-88.70045613776692,,34.64822146332355,
171399771003,39.58672435481524,-88.64177852213919,,178.86302948418282,
171399771002,39.60004372117378,-88.7421692879783,,166.73247114572462,
171399770003,39.73963108349133,-88.629045156365,,148.61295489684753,
171399769001,39.69991650892904,-88.5337247291567,,327.19868386776113,
171399770001,39.72666848430078,-88.75394060200937,,151.36350211741035,
171399770002,39.69663258675075,-88.68920267789711,,134.31532514978304,
171399769003,39.5650335681549,-88.53506475058045,,188.1573799676828,
170318223014,41.72797000062086,-87.77735895024273,,0.8677007905397924,
170318223021,41.722668743144496,-87.7743196781088,,0.8870658382722639,
170318223022,41.71628055927579,-87.77000351445916,,0.5568378681907373,
170318223023,41.716988061870225,-87.77632170822251,,0.6397530624012677,
170318223024,41.711694586483944,-87.77485894818969,,0.7828888904846641,
170318224001,41.73051952918245,-87.78596131854458,,1.2781160654430692,
170318224002,41.72253247290826,-87.78763595237494,,1.6712762961399403,
170318236022,41.65047589546529,-87.75260409867457,,1.2315340098861138,
170318236041,41.670694810669595,-87.79283630121608,,1.158817760859796,
170318236042,41.660624888561024,-87.79289603834071,,1.3542389735427816,
170318236043,41.65305246284017,-87.78555109580282,,3.87645823816106,
170318241235,41.59010068399234,-87.80858260369908,,0.657971275800128,
170318241131,41.607780273765236,-87.9012262438503,,4.627455372092202,
170318241161,41.63703932690993,-87.87258265326537,,9.78216171100574,
171059609002,40.82767768671336,-88.37459400579834,,495.3392563825325,
171059603002,41.052421445411284,-88.73116523268529,,558.0384386917855,
171059604003,40.85196494798754,-88.84767262434036,,548.325407881303,
170318278052,41.582247157772535,-87.59723750263706,,1.4566241839112595,
170318278053,41.58196413274344,-87.58741029202379,,1.249924776161468,
170318279012,41.582258254399555,-87.57101057977657,,3.463725434395771,
171118706032,42.35262292157449,-88.29156319826264,,1.8103850172595621,
171118706062,42.33436380703404,-88.27381973823036,,2.884046698890119,
170318279022,41.58095380192243,-87.53009174839663,,0.9515456261447064,
170318036031,42.11676480990403,-88.0710139527084,,3.0699287855393402,
170318047121,42.04371575158205,-88.13208133239351,,1.1838214007638026,
170318047122,42.02872549285987,-88.1234731788681,,0.9554793063696783,
170318224003,41.71658398495047,-87.79360530660213,,0.8044665652361912,
170318224004,41.715704061451504,-87.78935273027095,,0.5365565186404679,
170318225001,41.71527200635429,-87.75225374502524,,0.5504509422077085,
170318225002,41.7143400832864,-87.76123270419004,,0.7503830987713747,
170318225003,41.71949856213307,-87.76380045138168,,0.8271014578182578,
170318225004,41.72027854938647,-87.75524916792071,,1.139802671107772,
170318226011,41.709104655642214,-87.74527736716037,,1.1719432410416115,
170318226012,41.70892807631757,-87.75503235628814,,1.166580463853918,
170318236051,41.66832772800259,-87.78334666662884,,3.176686681792641,
170318236052,41.66562781363088,-87.77023014192424,,1.5788423625326695,
170318236053,41.666753706435166,-87.76366505693784,,1.5109392759323637,
170318237022,41.7065731298295,-87.83069204988854,,1.6138948621371034,
170318237023,41.71139800617387,-87.84170436580851,,2.1836553859099843,
170318241162,41.6217542641277,-87.85840698520138,,1.8587156812955283,
170318241164,41.60647130766006,-87.86384312950416,,3.8771124245218207,
170318241151,41.62758707571401,-87.84238036492555,,2.5544567431103857,
171194036031,38.748301319203996,-89.65067656290753,,12.720304410055702,
171194037021,38.79512213877675,-89.64393045237898,,110.65848840621862,
171194026003,38.891428452537376,-90.15195172186617,,1.461662815780557,
171194037023,38.69089502516141,-89.74816771449,,127.5257484307669,
170318241152,41.619904190336726,-87.84419915086693,,2.327611507316611,
170318243001,41.64239430284694,-87.68998355423705,,3.0061124228217846,
171118706063,42.334284032519136,-88.25997749003083,,2.933154789091831,
171118707021,42.378976594804904,-88.21267202246793,,13.417799704957064,
171118707031,42.38380258052129,-88.23141234323793,,1.7186822591008437,
170318280001,41.573883314467686,-87.5287737171998,,0.8540326147590733,
170318280002,41.57401579141622,-87.53515852182517,,0.7740359999312321,
170318280003,41.57472680494012,-87.5480837368862,,2.058346204673622,
170318280004,41.568364828080576,-87.54541528447974,,0.8724991310077277,
170318281002,41.56082801103314,-87.53043671516902,,1.0739012135796742,
170898508001,42.061499002351624,-88.26733114908558,,1.2333653606244475,
170318281003,41.567540501571266,-87.53708013639758,,0.8953935815750551,
170318281004,41.561150757594866,-87.53970364728272,,1.0747383862685487,
170318281005,41.561416442386225,-87.54613646980395,,0.4588015873887536,
170318048041,41.99992911443146,-88.13247331581339,,0.8331308527001182,
170318048043,41.995630695863845,-88.14173845921857,,0.4797430260994646,
170318048051,42.0218076811245,-88.11445891789197,,1.328101166826042,
170318048052,42.013992056171354,-88.14019122272232,,0.6707737258069068,
170318048053,42.021423362558004,-88.12408776374818,,1.3639199259432173,
170318048054,42.020041965592476,-88.13623993133676,,2.625117026267158,
170318237032,41.712043680105495,-87.8082581209552,,4.991072298083954,
170318237033,41.72528454340264,-87.81429680682594,,1.3784198640033745,
170318237041,41.72920908274865,-87.83286822976044,,1.1758418963146413,
170318237042,41.728616219782865,-87.84264435999492,,1.2820238143226361,
170318237043,41.72138173922027,-87.84199716916152,,1.045112211093459,
170318237051,41.729734983274135,-87.82349673377708,,1.0372021563187586,
171118707041,42.4119856836698,-88.21014938474079,,2.703905056162632,
171118707042,42.40445588781141,-88.20949212352552,,2.6684226954264387,
170318243002,41.636569930416904,-87.70447260692595,,1.695542328734944,
171118707043,42.39972115154429,-88.21367355932196,,2.3356549140286513,
171118707044,42.39244378411422,-88.21881083680177,,1.66336722945813,
171118708071,42.253251105915886,-88.3446174674337,,9.270591674119347,
172010039011,42.44280473393923,-89.07157739667825,,4.483578150498441,
170318248004,41.62286192032029,-87.69216387755567,,1.911089480813447,
170318249001,41.60697467663824,-87.6910662882552,,5.132092682766517,
170318250001,41.608928534874494,-87.73028062316772,,5.110893893230705,
171790211022,40.55814528014626,-89.62818826832432,,0.8346577940886216,
171790212022,40.682136628271294,-89.53669288962759,,3.290535596523374,
171790212032,40.68734726514708,-89.51521036185818,,3.8376918141675938,
171790211014,40.575112205599254,-89.61313635119899,,2.6706050134019987,
170318266002,41.63626008481274,-87.6202438137402,,0.5515971249686713,
170318282011,41.57133574667378,-87.57166823216988,,5.044323855787334,
171790216031,40.65007838980948,-89.47491330730233,,18.416904581289135,
170898502021,42.11825774662565,-88.25363197378866,,0.7426801043776465,
170318282012,41.5688540295649,-87.55787912741104,,0.8177830599432211,
170318282021,41.56100631974701,-87.57497612114923,,2.098711251466419,
170318282022,41.560862306239855,-87.56305471491652,,0.7484762164556892,
170318282023,41.56257170753768,-87.55393911948168,,0.8718032237729122,
170318282024,41.559320900515104,-87.55445244693543,,0.5846731312271192,
170318048061,42.01017861011179,-88.13053508138154,,0.4071396898308742,
170318048062,42.00793394426375,-88.1345285004943,,0.7877979797137953,
170318048063,42.00867464934898,-88.1405758069354,,0.9134777296717865,
171118708072,42.246542053875544,-88.32780757801497,,1.5103239686477665,
171118708082,42.24448512947924,-88.30195152731754,,3.4402469140993888,
171118708102,42.27255636972601,-88.24068341659799,,14.854749549969114,
170318048071,42.014874376961814,-88.11478857466145,,0.801479149208643,
170318048072,42.014939981279824,-88.12417817566129,,0.6995527098847749,
170318048073,42.00797298120394,-88.1244295693459,,1.62072240804747,
171118708112,42.28805496587043,-88.21845500653453,,4.502112226302083,
170318237052,41.7243218341951,-87.82362340662993,,0.869811685083777,
170318237053,41.7220447445164,-87.83403978341224,,0.8032227296645735,
170318237054,41.72024518047218,-87.82460711569672,,0.8026811305337175,
170318238031,41.7003710873046,-87.81762894522979,,1.646814411704804,
170318238032,41.7003926319097,-87.82850764771244,,0.9650558529371563,
170318245032,41.63954293078758,-87.75003544444245,,0.5386101711949952,
170318245034,41.63892255786636,-87.80843199480304,,6.231495376228834,
170318250002,41.59471105722019,-87.74354087357746,,3.2959377259752434,
170318250003,41.60129779855644,-87.75181736902537,,2.3137549997639,
170318252001,41.59134393696412,-87.72905474985103,,0.4538763628064877,
170318253032,41.58342564590734,-87.77968996796196,,0.8152902720324279,
170898535004,41.75646001447758,-88.28711380886978,,0.448985155693339,
170318266003,41.63164914024657,-87.62427928687625,,0.8485337283843153,
171118708123,42.2513916311134,-88.20614358498568,,4.674456254344922,
171118709031,42.32020046585251,-88.4280163639108,,7.214580638763827,
171118709041,42.31606499693335,-88.45403719344728,,0.8547691158299612,
171118708113,42.28531881750496,-88.20253183718499,,2.761943213661034,
170898527003,41.850505217577634,-88.31234109516639,,1.5915767093797306,
170898541004,41.734089844006235,-88.31652303402709,,0.5374796806892842,
170318266004,41.635991452074286,-87.6261383176662,,0.5078644533029003,
170318266005,41.641403215136336,-87.62408634963501,,0.3535832868512749,
170318267002,41.63621551625575,-87.6319908689684,,0.5934739980723708,
170318267003,41.631449593701035,-87.63553514366076,,0.46090777753545753,
170318267004,41.63435955964562,-87.63904308181088,,0.437516365628667,
170318268001,41.62675621927617,-87.67152252819277,,1.4425006400544493,
170318268002,41.634751606895605,-87.6699788148182,,2.7955680761330437,
170318284011,41.57409992177599,-87.66861304020723,,1.9156128634885028,
170318048074,42.00789911134592,-88.1148732528697,,1.1644520549894228,
170318048081,42.02189096111319,-88.10635016854778,,0.8933269818960919,
170318048082,42.022170096652715,-88.0999066367964,,0.9912321328257325,
170318048083,42.02196791041489,-88.09382129897887,,0.8918910428198185,
170318048091,42.015355975745855,-88.10243817852957,,1.2752367490272878,
170318238033,41.694477397834994,-87.83899739459403,,4.188224361310579,
170318238063,41.69353274739573,-87.79989227617598,,0.5840898355051123,
171118709042,42.30690776369406,-88.4625167584022,,5.666602939299561,
171118709043,42.321939831772724,-88.46306059281125,,3.4232042951460575,
171118709051,42.31090199226817,-88.43808255447414,,2.233023259484649,
170119650003,41.32940447145367,-89.29890048576418,,5.54448587370901,
170318245052,41.61253414048021,-87.76212851761204,,1.4471261751105167,
170318253031,41.58023235828523,-87.79113441372567,,1.161715752404654,
170318253021,41.57935380602178,-87.76165008900706,,5.752502593877369,
170318253022,41.58394600624188,-87.77086639275585,,1.7700116812685442,
170318294022,41.48147180463681,-87.67216715952362,,0.5600041452518284,
170318268003,41.64293902185958,-87.67379352276309,,1.5414114095747684,
170318269011,41.62104740252452,-87.66447952599779,,2.3476443979404658,
170318269021,41.615987044582106,-87.6679323822755,,0.6050694565266725,
170318269022,41.61384065658875,-87.66039232539235,,0.6566351859440649,
170318270001,41.62656206393338,-87.63774688244638,,0.8612783225810984,
170318270002,41.62648507871655,-87.64490347870662,,0.8168432388548938,
170318270003,41.626006658388235,-87.65209404639499,,0.9322468448072964,
170318271001,41.618016493229334,-87.63984972231162,,0.9342605196152561,
170318048092,42.009060960050334,-88.09768040413131,,1.8962521944918413,
170318202023,41.74175693347615,-87.86456096130902,,1.9775657788786916,
170318203001,41.79568785535,-87.80776320045534,,1.1496139334300568,
170318203002,41.79171941024384,-87.80709469161482,,0.6011682766549644,
170318203003,41.78856022829911,-87.80579388923128,,0.3994264162459074,
170318204003,41.77701886887577,-87.80566351100937,,0.9053390533458392,
170318246011,41.628964129348574,-87.73252747758957,,1.190216081081234,
170318246012,41.63074291430581,-87.74396333854824,,2.605113358323332,
170318246013,41.631642781111495,-87.75296195600546,,1.0537508771899402,
170318246014,41.62159028999525,-87.7519759787609,,1.2584860605126387,
170318246021,41.61378069490034,-87.74950145209058,,1.6236461294983477,
170318254001,41.566204175669334,-87.76434576163453,,6.827038529437009,
170318271002,41.61848547157598,-87.64684801265791,,1.1268149353377834,
170318271003,41.617536671573006,-87.65306669372602,,0.8250041520933166,
170318272001,41.61750015975956,-87.62599523474167,,3.1723003025485883,
170318272002,41.6128884379812,-87.62955747571247,,0.7377309266901751,
170318272003,41.60651999069423,-87.62498708710972,,2.268982780467272,
170318273001,41.609047989238796,-87.6413358968707,,1.4566190658922524,
170318204001,41.783682483342325,-87.8165262364323,,2.9116035434466445,
170318205011,41.77063625875024,-87.82711904640234,,6.331750047251195,
170318205012,41.76008617882595,-87.81464249397963,,2.850357336988405,
170318205014,41.74562865533285,-87.81399463510772,,0.9669149623968732,
170318205021,41.7643393119774,-87.80536451028985,,3.1904573291487615,
170318246022,41.61887666356606,-87.74137011093605,,1.9205813295510703,
170318246023,41.621622950648714,-87.73225274566501,,1.1939327758347646,
170318246025,41.614545598868595,-87.73236001691366,,1.0818311365243096,
170318247011,41.625335808888956,-87.72188062885249,,1.3367172407897852,
170318247012,41.63097795161522,-87.721604165479,,0.742243167796286,
170318247013,41.629833391630925,-87.71231498078727,,1.027929573863146,
170318247021,41.62897936841714,-87.70304909908124,,1.0119864181090488,
170318247023,41.61701249494587,-87.71263193962515,,1.9079167559542487,
171790204001,40.64615091340313,-89.5817823702477,,2.2471739416541836,
172010042002,42.26385794884132,-89.25763182941685,,27.57298598603968,
171790210001,40.56517410730546,-89.63492886454388,,0.6595744165487633,
171790210002,40.55710405114932,-89.63505398118502,,1.073882985635377,
171194012001,38.857009383748284,-90.10571457216409,,11.034210206602827,
171194001026,38.70747369789009,-90.13581560884745,,0.5172203643828134,
171194035322,38.680786902709,-89.85810695887665,,66.50416907344739,
171194008022,38.71347038990996,-90.10868902810547,,1.0955370243792637,
171610222001,41.5006133126346,-90.52406457245952,,0.9905969639345557,
172010005013,42.242143470251584,-89.01009385910444,,2.398054870670653,
172010005061,42.29075621112089,-89.02578470990635,,1.1961585057025075,
172010005111,42.28963631191673,-88.98989428838571,,4.726758829394792,
172010008001,42.27280748777768,-89.08414956819388,,1.0805522945120882,
172010015001,42.26172721719117,-89.03619607370413,,1.6262286744194379,
172010017003,42.249006686748416,-89.05410577441687,,0.8031370556922673,
172010020002,42.22496206385793,-89.0771421586587,,1.7807330562856254,
170630002002,41.396510117184505,-88.44143441942953,,23.902947221173694,
171670010044,39.791246081504646,-89.6971995618258,,0.7467441462957796,
171670010043,39.79256913440985,-89.70237680351488,,0.8805257508877029,
170119655003,41.296170310733835,-89.52504456677643,,38.59628167792359,
170119655002,41.33089602944232,-89.52538875992464,,222.42537598255402,
170119650001,41.42966147719552,-89.30786697208883,,284.93010124183496,
170119647002,41.53954349567741,-89.33575592936567,,177.40957763049974,
170119651003,41.344751519147685,-89.19285405521681,,29.220569783523345,
170119648001,41.548398659610804,-89.56094023709181,,78.06839176633231,
170119655004,41.224759756365565,-89.53779211690572,,461.71837989121934,
170119649002,41.434798288308826,-89.51379451368045,,140.76082099060494,
170119656004,41.2912361637907,-89.69029710323639,,184.62722695432197,
170119656001,41.36447448297461,-89.75496645722981,,273.21556923340256,
170119648003,41.48529960356887,-89.7823629744949,,431.84090519523903,
170119656003,41.27515748819026,-89.79295828870417,,157.25627079741042,
170119654003,41.35190865601035,-89.47692366739147,,20.412035665663332,
170119649001,41.4423815988637,-89.42111533073295,,191.38846394955223,
170119648004,41.44706288532501,-89.6167163119389,,217.23703647991476,
170119650002,41.353485371245064,-89.26532203754326,,66.30679228362662,
170119652004,41.327050491468356,-89.24197453491053,,12.286029522777625,
170119654002,41.367726210336286,-89.46032126668017,,1.2537409532341246,
170119647004,41.44394945648476,-89.20159472121553,,86.00431422113562,
170119650005,41.30769721437237,-89.37052070579858,,132.7224784567597,
170119647003,41.54039444729487,-89.46362475839702,,201.55074700600335,
170119651002,41.392970278855266,-89.22873239483168,,9.728820994512224,
170119650004,41.312853141298646,-89.32432422799721,,30.106971756270994,
171670014001,39.79991735742047,-89.6470776492596,,1.245697440946538,
171670016001,39.803167969981686,-89.62238678275772,,1.6057175479043115,
171670016002,39.79685603049987,-89.62229780582469,,1.0201747097957494,
171670016003,39.78997960570216,-89.61339236283307,,1.798982047061654,
171670011001,39.79780782127975,-89.67645427318988,,0.8311786400807998,
171790210003,40.56320606174207,-89.64091463689198,,0.8331614423224398,
170119651001,41.38443324518297,-89.19056684556561,,42.19003514953331,
170119653003,41.3774683128767,-89.477099652688,,3.2016411740209128,
170119654001,41.356908301645596,-89.4325520964269,,27.30413289871717,
170119655001,41.376022418235856,-89.59453234591258,,34.046886130602275,
171670011002,39.79293060740442,-89.68113951190112,,2.4873771982185,
171670012001,39.79784603603396,-89.67054535670185,,0.563112375261688,
171670012002,39.79756399883033,-89.66628063223743,,0.4244733754587525,
171670012003,39.79110414909248,-89.66811664946233,,0.9626712488431904,
171670012004,39.78546776388137,-89.6668081131157,,0.6563580662312083,
171670013001,39.803380173896734,-89.66699573956478,,0.7658757120486264,
171670013002,39.79971505885894,-89.65773013936523,,1.485416897213666,
170539618004,40.45074099082606,-88.08925254247133,,4.511422503231224,
170539620001,40.47320067877024,-88.36959553484674,,1.8112914967174951,
170539620002,40.47192973316512,-88.38916160150733,,6.66927685779916,
170539618003,40.45268670198864,-88.11455667449874,,11.741024145839866,
170119652001,41.31862586147004,-89.18085594675502,,10.276690067967564,
170119652002,41.32548508805231,-89.20213541157493,,0.8416485300969888,
170119652003,41.31912493754054,-89.213614589749,,5.996487500969387,
170119653001,41.40163812383517,-89.4556667557412,,17.69630452609244,
170119653002,41.37441111102549,-89.460384986149,,1.37940245962825,
171670010012,39.80441482997782,-89.69888835529854,,1.6192009730106065,
171670010031,39.79404163484135,-89.71103049535454,,2.048776218735031,
171670010041,39.798966358810944,-89.69444632273269,,0.9569769818490143,
171670010045,39.79170904404561,-89.6910088733697,,1.2102760344483636,
172010013001,42.262270119142876,-89.07561077184893,,0.4162183543210027,
171790210004,40.5584672763126,-89.64304452116917,,0.9587207584836932,
171790210005,40.560106363199885,-89.64756377001245,,0.7893986352536548,
171790211011,40.571023785446116,-89.624697280717,,1.2875220069154076,
170539620003,40.45401370021359,-88.3886868427922,,11.020223448655235,
170730312003,41.18779479163603,-90.37552308362018,,18.55344638855387,
171790211012,40.56260856535977,-89.61682556609331,,3.4820668471589404,
171878705004,40.90245506670369,-90.664680581023,,9.825643683799631,
171878705005,40.89745171971721,-90.63329345750644,,6.666127958012035,
171179566004,39.01754616931802,-90.1090729727901,,44.454420286806744,
171179570001,39.1390547743346,-89.75467164236333,,107.7937614560351,
170898501051,42.14443949032523,-88.33812056227953,,9.755164798277853,
171430042002,40.75304283292915,-89.57088801276589,,4.0019391654425,
170938903023,41.70733910211537,-88.34447817597416,,2.378801473874814,
171899503001,38.37092360351851,-89.36939472448118,,31.377892087599516,
171899504005,38.25842336828868,-89.6180406497096,,220.11863827528447,
171430042001,40.74930807774882,-89.5856263477294,,0.9651939622695486,
170318285031,41.50533863732064,-87.5574461307777,,13.32908199448226,
171194009031,38.669586489487926,-90.04966731351692,,8.729935058672883,
170550403003,37.98047372173343,-89.04505227739007,,7.126348844420611,
170999620004,41.52095828197186,-89.11784329732089,,14.380707098982409,
170999621004,41.35894780907433,-89.10140359303728,,4.184088094598579,
170999621005,41.34319092468486,-89.0935741172258,,0.7982269852652736,
170230602004,39.37990963446681,-87.70328184746269,,5.223010387610731,
170519506001,39.15207967494063,-88.97598811638538,,287.0813955091845,
171130057003,40.64178897381371,-88.63770923594683,,532.3492630202726,
171130059003,40.470784069232366,-88.98459483818132,,0.6156228094436547,
171130056021,40.45699328888205,-88.69584949069986,,419.1630973654729,
171130004003,40.501356707776004,-88.9909870253961,,0.4103472250169475,
171130052023,40.542228615311345,-89.20232399926641,,220.28333214838605,
171130055011,40.37023815017788,-88.75608998671403,,76.89585697423205,
171130056012,40.536578747768694,-88.61607297964287,,385.5631739346055,
171130016003,40.48080506517097,-88.99818205311753,,0.3955103281400055,
170230603001,39.343731478855986,-87.89699905119753,,11.478417925008625,
170230603004,39.31189235253393,-87.98089532465674,,7.548363059051699,
170230603005,39.29966746717683,-88.00149473496592,,8.680117284613603,
170230603006,39.29963065142165,-87.98848293503552,,0.8537727685310511,
170230603007,39.29099313277404,-87.98101572956705,,5.513892255803977,
171790201001,40.674335832612556,-89.5470250853482,,4.872488237015395,
170539620004,40.45102162825556,-88.36216577353046,,7.716600250796886,
170719735001,40.718852229478884,-90.84632029954572,,304.45181496478347,
170719735002,40.73854632180328,-91.01375457863875,,232.1271425039029,
170719733003,40.91177246655408,-90.97056541906156,,23.142039840345337,
170719735003,40.67594225800707,-90.99392649944306,,259.8137518061848,
170719734002,40.830161687252435,-91.00057751488004,,339.09295845313795,
170719733002,40.99833498373379,-90.93094702718714,,63.92608705727769,
170719733001,40.99553638823159,-90.85317242846762,,324.849595218413,
170719734001,40.86208691640864,-90.84967648940895,,241.6712199753947,
170290009002,39.47814755625317,-88.18899331509921,,1.0012128644547518,
170290012003,39.46782557769031,-88.39949956482943,,10.81033755045956,
170290006003,39.522445256894926,-88.03600154865137,,221.72303569050325,
171130003012,40.50612631023612,-89.00629269778776,,1.163765328549389,
171130003013,40.49910526464129,-89.00389125401479,,1.6469597691397153,
171130003022,40.51345574364053,-89.01622801469513,,1.1672593472008728,
170230604001,39.45958832399128,-88.00003341561903,,19.04924758676115,
171790204003,40.64696824842325,-89.60748241593167,,7.54034362528965,
171790206001,40.58172861586849,-89.64126989809687,,1.9996093213958297,
171790207001,40.59255838601058,-89.61477808326202,,4.690697596025424,
170999628002,41.342179276178946,-88.86968620151907,,2.874504065341798,
170999628003,41.34174454986604,-88.85856869159781,,1.044446590643128,
171130001051,40.55876242917347,-88.98531284881138,,66.52269668804553,
171130003011,40.50628334430987,-88.99804212859705,,0.8222592023521097,
171739593005,39.42154376075505,-88.78729662698588,,8.255454704545503,
171739594004,39.466711646865065,-88.67131166342418,,177.73019601762476,
170219585001,39.55193681606893,-89.27154661122913,,4.721917684725499,
170290009003,39.46639691371813,-88.16160071180764,,11.196981771518331,
170290010002,39.47627772326937,-88.33885355936869,,8.545223659555667,
170290010003,39.46681704583454,-88.35420153516034,,3.1197473672567644,
170290011003,39.46333691597464,-88.37628888836285,,5.424819241186326,
170290011001,39.478749364513206,-88.37286553112196,,1.3847869981247516,
170290012002,39.48054581036005,-88.38626668296531,,1.4861182171320169,
171790207002,40.594343502512984,-89.62971633770285,,6.205850579998674,
171790208001,40.58307688067077,-89.65058509502028,,5.752982105213788,
171790208002,40.5711342995384,-89.63438012220612,,1.004218615360816,
171790208003,40.57232340971507,-89.64112212874406,,0.560858736456521,
171130014032,40.48981750595197,-89.00606373216125,,1.9357448386120002,
171130011051,40.4985230741019,-88.93124455161261,,1.9759647146869208,
170230602003,39.391152746128284,-87.71542278040067,,8.193040016813068,
170898530041,41.807298561454026,-88.33847381745021,,1.6009559665795232,
170898542001,41.75068847503557,-88.31320545890088,,0.349977247294776,
170898527002,41.85119748531555,-88.30372697587961,,0.6828219319644289,
170290004001,39.49727248511615,-88.3032949213316,,47.84582357050727,
170290004002,39.49914892303393,-88.36426056348094,,3.4889359671841422,
170290005001,39.50088789381236,-88.21538631313639,,24.995469444323163,
170290005002,39.504815310758254,-88.1900251229936,,4.900077313449088,
170290005003,39.509952675348615,-88.17716401446087,,6.591609512276672,
170290005005,39.49739216164287,-88.15199268724885,,4.47779637478141,
170290005006,39.49552534647694,-88.17097462443353,,0.8996608176193688,
170290006004,39.54390848573636,-88.01672238719868,,11.164272482859715,
170898528083,41.835578969860016,-88.31753590759831,,3.1530563384909702,
170898529032,41.793563824377294,-88.27794836250101,,1.229276288352233,
170999624002,41.33349956356217,-88.70022647528955,,1.706283321683672,
170999624003,41.31858077156546,-88.59937601420211,,4.469625944631285,
170999625002,41.33619356453648,-88.71271205709066,,2.9690303023086795,
170999626002,41.36139615169637,-88.85948705771646,,6.228155745222475,
170539617003,40.4410073095049,-88.01756537431429,,234.24445934017615,
170539619001,40.57397940784094,-88.27205316319552,,108.72857540840297,
170539617002,40.455317089919326,-88.20064716326593,,254.1109887317253,
170290008002,39.475317852254335,-88.16771777313828,,0.7086639917604647,
170290008003,39.47656838440304,-88.18000353091861,,1.9700151338221745,
170290009001,39.473554737303125,-88.20905284191242,,13.409661972349184,
171670028023,39.75849632597037,-89.68303442071021,,0.34711788277618394,
171670033005,39.546158803926815,-89.6192808081095,,119.62308081298319,
171670030001,39.72822535234628,-89.61826812012846,,10.442683388246566,
171670035002,39.793605985754155,-89.90666848101692,,286.4608667902947,
171670032023,39.65922398734508,-89.76956600968953,,106.8494530073035,
171670040005,39.806048090561454,-89.36545922148538,,108.44733191371718,
171670038024,39.84635403963986,-89.50381059048097,,101.7978155930371,
171670031004,39.69084480010953,-89.63778619288053,,7.430102731512018,
171670032012,39.680492635642516,-89.69104767516093,,2.4104582108304635,
171130055022,40.33977523933123,-88.5163174787757,,212.65279955838494,
171130015001,40.48103578582699,-89.00307736941139,,0.6798230054221797,
171130059002,40.470534599869865,-88.99730238530691,,0.824175021813537,
171130013011,40.48652831507837,-88.9825300154905,,0.5441915295827978,
171130017002,40.47946614470968,-88.9830736006856,,0.5468673380916538,
171130051022,40.63339932113208,-88.97613260707567,,127.3716071750681,
171130055021,40.33424559793012,-88.67379196661123,,362.88848232607637,
171130002001,40.510692820309494,-88.99397914904776,,1.799602722148311,
171130003021,40.51347538030804,-89.00647120983069,,1.1683449040962348,
171130051024,40.62017171299643,-88.87190808425287,,164.34302272914704,
171194037024,38.718531478412366,-89.79415964840796,,36.90359489155532,
170539616002,40.815776697563955,-88.18398975881755,,671.9186624950981,
170539617001,40.56309603881448,-88.17486221962116,,262.80629815102776,
170539618001,40.46570913821198,-88.07739851869935,,8.40748683424048,
170539618002,40.46771977687336,-88.09954671383862,,2.701149407338599,
171430029003,40.75041980363165,-89.6076112755759,,3.337263324752409,
171379523004,39.55418566559084,-89.96387887755091,,79.73204882993869,
171759514002,41.15705326913063,-89.72718180191654,,115.44034758939226,
171759514005,41.08855022572962,-89.87528748985743,,11.33700258659881,
171759515001,41.08291409644338,-89.69757826461863,,208.94744818037742,
171950016002,41.771260688091544,-89.70219886737962,,1.0097954565728966,
170999627001,41.35145219989146,-88.8355304168732,,0.896948548408601,
170999627002,41.34836368233223,-88.84375237264341,,1.3333813249107913,
170999627003,41.349442774080735,-88.8510135426423,,0.6350857512254119,
170999628001,41.350250719942856,-88.86049305029803,,1.5641062449121306,
171878704001,40.921129505469615,-90.62538848513742,,7.569569006584185,
171519712001,37.523094693485604,-88.53313977586602,,617.1635618280362,
171519713001,37.330982235621285,-88.60723211064611,,285.66087441965936,
171950008002,41.64853763423669,-89.71708683251482,,297.6592864763382,
171950013001,41.80596576242566,-89.67442185867853,,1.147982509652204,
171950003003,41.80044079511715,-90.00740871988192,,56.73794571462229,
171950009004,41.813878834350575,-89.6480117261181,,36.02275060116472,
171950017001,41.765090359067955,-89.73457684907842,,23.17617070376309,
171950004001,41.891012661637156,-90.09402702518688,,150.49381885818218,
171950001004,41.7680023267272,-89.81385594627737,,97.09546846662002,
171950004004,41.78405145897995,-90.22050723230433,,11.848232428302792,
171950008001,41.654903709770934,-89.84889112011756,,271.872497482674,
171950007001,41.691573673428174,-89.91240458728353,,38.810367451461296,
171950001002,41.88767919844624,-89.80253707859333,,160.32345299938035,
171950010004,41.788327930745744,-89.73760509923018,,11.008868600762156,
171950002003,41.819354597564164,-89.95290815039428,,6.365148579998244,
171950006001,41.71976652013064,-90.15252056075438,,274.1214633101085,
171950018002,41.717689494960034,-89.66826884669246,,80.28208401001262,
171950018001,41.720886701685174,-89.725118948572,,46.72173074837465,
171950004002,41.796284014046556,-90.16266434881308,,84.86270094071953,
171950002001,41.875888246430236,-90.00965725949835,,88.39929165931088,
171950003004,41.78645100508819,-89.92325954557172,,41.9330334299729,
171950006002,41.7082245179462,-90.01477235544765,,167.9628132920157,
171950006003,41.643938318441336,-90.11846164021772,,92.21900905310959,
170219589003,39.383693628463114,-89.09297551782088,,3.188363778159515,
170219581003,39.661627084924945,-89.38088473393523,,92.65135537066699,
170219581001,39.75793050261116,-89.20325583285722,,222.83247018040203,
170219590001,39.51897826460855,-89.35697137272292,,51.933489325318085,
170219582001,39.575886712778676,-89.35645364317702,,109.64494612972953,
170219587002,39.47650823602335,-89.08608000471745,,142.72574998707844,
170219582004,39.59666429300269,-89.47667961213253,,230.15207043980107,
170219590004,39.40114945983448,-89.3460794727001,,349.5957436755703,
170219587004,39.391893929832406,-89.11234151272305,,222.88474943647012,
170219586002,39.62939984612347,-89.15902149908851,,361.08165721217307,
170219582003,39.58436298904261,-89.41717291552654,,63.8625243656525,
170219590005,39.51628285175346,-89.26962529267544,,52.5256255081603,
170010004002,39.94657869258334,-91.40818128754246,,1.1052266276883411,
170010004003,39.940698825212884,-91.41158608819993,,1.7408274556755219,
170010004004,39.95364042823493,-91.40228200075765,,1.1938919273986972,
170010005002,39.939850267189776,-91.39854838033266,,0.9841819322221768,
170898502012,42.12272430617737,-88.25318253904841,,0.6687194506611907,
170978636041,42.2888192744333,-87.97386559644377,,4.089084650152869,
170219582002,39.58841967443166,-89.4143117737428,,1.382314927006085,
170219583001,39.55543926848934,-89.28643894970014,,0.8442348863629225,
170219583002,39.569017862307966,-89.28605861320854,,11.94173776870014,
170219583004,39.557293065418435,-89.3237739869125,,8.087622899567501,
170219586003,39.554667585966456,-89.1359709641582,,208.85434363658985,
170219586001,39.644199485624185,-89.18635536862303,,6.637531596145872,
170219590002,39.47668590711395,-89.4292037056972,,285.9318002287975,
170850202003,42.49000412675843,-90.62039622210084,,9.997643715519363,
170850202004,42.48774391568609,-90.59906612747153,,13.532001624628304,
170850203002,42.42436798415438,-90.43216000989057,,3.372412811023016,
170850203003,42.423619191827775,-90.41492735390617,,5.202934878917618,
170850205001,42.350858687928884,-90.02030233825789,,211.19705445940838,
170999629002,41.342211089958425,-89.10298660164129,,0.7164116728697665,
170999629003,41.33544610103165,-89.10397954837639,,0.6852533799325202,
170999630001,41.35293704580693,-89.1162531642151,,9.274306959952026,
170999628004,41.344441897404764,-88.85067697663287,,0.5895757387651488,
170999629001,41.34116383671687,-89.09825056683333,,0.6351950350320685,
170219584001,39.54882053853944,-89.29802286982348,,0.7826729523328311,
170219584002,39.548646497193424,-89.30433541949074,,0.6088998958828039,
170219584003,39.54948244353642,-89.31653585093773,,1.9246262102514804,
170219584004,39.54247569667551,-89.31150818793371,,2.1043618411925005,
170898518012,41.99975894051552,-88.2759826287924,,11.823830671903348,
170219584005,39.54380894718843,-89.30038357068081,,0.6058447572796133,
170219585002,39.540968635183134,-89.29490035256383,,1.6268047751850374,
170219585003,39.54486016005898,-89.28458368353809,,1.72298437485419,
171978831001,41.48786146839886,-88.07215241798698,,4.0342289068752555,
170850205003,42.34494357929748,-90.01614153106726,,6.919797431580655,
171978831002,41.49036378221838,-88.05384746345062,,8.30803205930487,
171978832162,41.52511986860893,-88.205251793578,,1.604422024286906,
170311507002,41.94779545431818,-87.75943690819878,1169.0,0.2991955624739415,3907.1435095292036
170311507004,41.95141357242079,-87.76449826191688,1294.0,0.2954534146002267,4379.7090710591065
170311508004,41.94922032016532,-87.75456886173278,1124.0,0.2221615876324187,5059.380480570447
170311508005,41.95195479255248,-87.75465083760768,886.0,0.22492014638139446,3939.1758108569793
170311510024,41.939753604193214,-87.74577320997103,671.0,0.21846283769258595,3071.4606066969163
170311511001,41.944145762125075,-87.7593191807271,1665.0,0.2989610820548031,5569.286773235541
170311511002,41.94049402905688,-87.7592037117136,1440.0,0.29851657668071424,4823.852718705761
170978662003,42.260110087443245,-87.90546501289758,,26.111407945467498,
170978639022,42.24398235913105,-87.97165495742617,,1.1717473439851396,
170978639023,42.247052530799465,-87.95609432775501,,4.54086846491143,
170978639033,42.27361088785222,-87.9576407055766,,1.5062487506300046,
170978640013,42.280423575903036,-87.99359775613564,,7.4534105605769705,
170311511003,41.94043287936429,-87.76411084210395,1185.0,0.29867967046244115,3967.461187315771
170311512002,41.939882633042735,-87.7714101153296,1259.0,0.4443747383770148,2833.194354382593
170318295003,41.479215242481196,-87.63304362891691,,2.6333908003719624,
170318296001,41.47344604384183,-87.62642177812143,,1.2732544750021277,
170318296002,41.47342773861516,-87.63537329798677,,0.8746344085166816,
170318296003,41.473400228722404,-87.64198397660341,,0.7149323633974407,
170318297001,41.510781184861585,-87.58503362515823,,0.541265275473759,
170978646022,42.221679433888205,-87.8365990407955,,2.9208118501443145,
170978647001,42.18551317137831,-87.83462031183174,,1.6601856962823291,
170978647002,42.177406771445675,-87.83072147060496,,0.8742587114448613,
170978647003,42.19554589482663,-87.84054533714149,,7.961688185209198,
170978648013,42.17521538565782,-87.86100252682702,,1.8334144940486496,
170978648014,42.16916993615411,-87.85863181573174,,1.024870322519096,
171978832081,41.54496142472195,-88.15364377234411,,3.218648491831568,
171978832082,41.54127431712754,-88.14574789665394,,1.4090776656455688,
171978832061,41.52927527351384,-88.1556974672951,,2.211756485719511,
170311512003,41.94351146964248,-87.77397822556915,1357.0,0.37102836550066143,3657.402307149427
170039578001,37.0584458541758,-89.21443260259421,,70.79839988792175,
170310505002,41.95229564609725,-87.68173713209646,1404.0,0.36921331964946735,3802.679711915495
170311601001,41.96466894294431,-87.7404901871795,1657.0,0.5184871959851579,3195.835910376913
170311602001,41.962299849457345,-87.7337056923797,738.0,0.2113879929790225,3491.2105914797007
170311602003,41.957876548931665,-87.73591634891639,627.0,0.3963823944587764,1581.805874239472
170311603001,41.9581922127106,-87.72936302544316,1919.0,0.2944447026652219,6517.352775002602
170311603002,41.95486959448752,-87.73128266140156,863.0,0.23710048018651667,3639.8070527782793
170311605011,41.95914618610414,-87.71065591016735,2123.0,0.32789568167197747,6474.620187660236
170311605023,41.955092724624514,-87.71576911155168,1289.0,0.18567056476181085,6942.40361499199
170311606021,41.954860340493624,-87.70254935263584,1066.0,0.1846653414060761,5772.604604000288
170311606022,41.95592737380108,-87.70648972803814,1141.0,0.18464403782807354,6179.457584557441
170318297002,41.51256519136343,-87.58848749176735,,4.593120388732733,
170879777001,37.54432270962385,-89.00673724391231,,116.28221479474894,
170879778002,37.35835082493921,-88.98910477811394,,208.03377787670314,
170879776002,37.48461133756283,-88.84954834833871,,191.08561692899238,
170879776004,37.45694569212792,-88.76047499584148,,196.31294996886245,
170879777002,37.565961990522716,-88.95590484470466,,23.437271088073263,
170879777003,37.47679691214882,-88.96768441671513,,164.67311595857728,
170879778001,37.428551548856326,-88.91416700974644,,21.71586588088901,
170879776001,37.567773078082105,-88.89412448821771,,94.2970839894591,
170318298001,41.55184140895416,-87.68666515736786,,2.8640617853393477,
170318298002,41.547828627404854,-87.68211676416728,,1.0838940477209627,
170318298003,41.5426869405547,-87.6779178196414,,1.1511273226844339,
170978640011,42.26328735900337,-87.97995411341147,,1.8833644407210206,
170978640022,42.24830137196927,-87.98804581063219,,4.1373652851830265,
170978640024,42.24673709068182,-87.99949757541489,,1.9791859214033964,
170978641061,42.295103168395,-88.01173401915653,,5.390076325706651,
170310712002,41.9205740890411,-87.64641084118144,1002.0,0.366841913537995,2731.4218005686516
171978832112,41.480621666425485,-88.16392966679366,,29.452175246370953,
170978648021,42.17114243603911,-87.87710408356949,,12.189546839452584,
172010005064,42.28805226569452,-89.00687390185246,,3.074720207237921,
172010005065,42.2838534866185,-89.02310926371845,,0.9795541840639151,
172010005071,42.272633440803205,-89.01987051296791,,5.295975164946294,
172010005073,42.27127345076308,-89.00505154921375,,1.7509791641403467,
170311607001,41.951403634049264,-87.6979362098613,819.0,0.3895465785446157,2102.444341983093
170311607004,41.94846569818232,-87.70603602040563,1207.0,0.22296443141983785,5413.419496167268
172010005101,42.31172299800476,-88.99042469860771,,4.2736273567047895,
172010005102,42.301214579892594,-88.98885839638069,,2.749944575075854,
172010042004,42.22519478395461,-89.22715373931418,,76.9399201450828,
172010036023,42.30554768730684,-89.109663863749,,1.7997099205429357,
172010040032,42.493581018652996,-89.05084239263348,,1.3665444876176065,
170311608001,41.95117147988089,-87.70916567851606,1207.0,0.22287912831887807,5415.491388108439
170311608004,41.95076337710556,-87.71663715184233,774.0,0.23162217798198323,3341.6489161077043
170311608005,41.952083972598906,-87.71280209556221,1355.0,0.2886980273254443,4693.485482228571
170311609001,41.95062186129324,-87.7199806347005,1424.0,0.502687487876835,2832.773908923905
170311609002,41.94968747368104,-87.7245300812583,981.0,0.6872780596297241,1427.369877817023
170311612001,41.94439809019026,-87.73853719774029,1221.0,0.4546428457703114,2685.6245762126373
170311613001,41.94515248234551,-87.72930422141701,654.0,0.1546919069368221,4227.758342051474
170311613002,41.94169489766988,-87.72864841674273,1122.0,0.21933798581711555,5115.393012387402
170311702003,41.950685322481654,-87.78401547103532,1181.0,0.3690502334030567,3200.1063625129204
172010042003,42.2638360612456,-89.20347687318807,,34.12507845365943,
172010043002,42.29838726126946,-89.36748965214323,,22.23817272972808,
170318299021,41.54924852940743,-87.69843093712227,,2.0704486187000084,
170318299022,41.551778477509046,-87.70768902313235,,2.1206533713261964,
170318299023,41.536222758039806,-87.7043445011131,,5.285992194386363,
171336005013,38.319684911008686,-90.18573881696146,,12.226839045994998,
171978834022,41.33414787568383,-88.15929142547596,,19.50945425899805,
171978834012,41.29460716678614,-88.14351580724416,,2.840432197137435,
171978834014,41.30328617115976,-88.13755669599266,,1.8359026622108947,
171978810051,41.63682235142018,-87.94668551393279,,1.8213556071151735,
172010005112,42.27511379169259,-88.99002515480292,,4.73868782206847,
172010005121,42.31196347881923,-88.9726193011987,,3.8188894141459655,
172010005122,42.294367901286996,-88.97281151905179,,5.061446754963255,
172010005124,42.29600198552519,-88.95282378784185,,18.708588037744473,
172010005131,42.260555308413274,-88.98961795525344,,4.816787195326438,
172010005132,42.24596582957946,-88.9898699502847,,4.768485543611106,
170978641063,42.279519333893695,-88.0108801573053,,2.43278589397209,
170310811003,41.90285525158036,-87.62922918869789,1431.0,0.049328228657765046,29009.7584879472
170318285044,41.487243487515684,-87.56316965396546,,0.9403176874731238,
170318287022,41.53084405263639,-87.60135363544322,,11.944140776681982,
170318297003,41.49163642133375,-87.59905976052626,,27.802890465749247,
170318300043,41.520706843841765,-87.72283886782729,,4.622574775278117,
170318043082,42.02097137191597,-88.15497159411737,,1.8417796899000165,
170310207011,41.98761201960131,-87.7043823780738,822.0,0.7846111247061525,1047.6527468404813
170311703002,41.94909919175803,-87.7973463838354,949.0,0.294898887296273,3218.0521557769666
170311703004,41.94905499040633,-87.80222216904977,985.0,0.30397166916108165,3240.433566451963
170311703005,41.949022684973215,-87.80529900363162,1458.0,0.4577520255726451,3185.130635251806
170311704001,41.9507860160685,-87.8096694740782,844.0,0.31817730841405645,2652.609025473527
170311704003,41.946969542251274,-87.81507391823429,1074.0,0.38107292971248574,2818.358157348826
170311704004,41.9506475779975,-87.81525789210892,1012.0,0.3976658068583299,2544.850431056873
170311705001,41.94875544180086,-87.82315814350618,1663.0,1.166643437215337,1425.456953642509
170311706001,41.941352930414716,-87.82830734120526,952.0,0.44615745286513,2133.7758539870956
170311708001,41.941611995592275,-87.80868840081958,1215.0,0.4378181960755817,2775.1244943466245
170311710001,41.94377332612012,-87.78927087002288,1383.0,0.36493579538139037,3789.707717092104
170311710004,41.943659486331065,-87.79529299645112,1109.0,0.37129844109610455,2986.81566431073
170318299024,41.53524111886042,-87.74235771499526,,13.794576591706928,
170318300011,41.49539187139948,-87.76093610150292,,2.4871721279820367,
170318300031,41.511433185947794,-87.77690663849528,,11.555443046980347,
170318300041,41.50946843780089,-87.70867768135501,,2.438962494569386,
171978835153,41.50828328149247,-87.87128067139145,,1.9417383112577238,
171978835042,41.48656034187967,-87.83806606515331,,10.422375083741988,
171978835043,41.482341542594455,-87.8615142279151,,11.808720929371454,
172010005141,42.26179261765073,-88.9723828092129,,4.203355199492758,
172010005142,42.263230804454025,-88.95266547741619,,7.587733818199661,
172010005143,42.246574219930196,-88.95972289360306,,9.24678898123127,
172010006001,42.27594649252322,-89.05015059663802,,0.8332691413440096,
172010006002,42.270951796577,-89.03564803900879,,2.5725014878900385,
172010006003,42.270481776657775,-89.04589859476297,,0.8407561008812736,
170311711003,41.942008130688485,-87.78493351252033,1209.0,0.31262295943636437,3867.2783412316735
170311801002,41.93273378944139,-87.7936860454307,1169.0,0.3722033190546145,3140.7565170811095
170311801003,41.93264881509011,-87.79982191053999,1446.0,0.3720768347103418,3886.294079892657
170311801005,41.93414527568341,-87.80497242580685,1376.0,0.38752805488763126,3550.710671512515
170318316001,41.928180669965535,-87.79358517687808,1355.0,0.5864075204297237,2310.679779493698
170318316005,41.925419436576746,-87.79529109632095,1310.0,0.2963292549034563,4420.758255632899
170318316003,41.92897384882054,-87.80367440964199,1030.0,0.33332329479142275,3090.093060086074
170311902002,41.93602846661696,-87.75168445191792,1571.0,0.2980363859051612,5271.168469006705
170311902003,41.9342047818287,-87.7516120343295,1611.0,0.2986540596816198,5394.200908293049
170311902004,41.93237934476418,-87.75154573490464,1372.0,0.29891111513292257,4589.993247289872
170311903002,41.93590176569181,-87.76149657379736,1593.0,0.2983165940429284,5339.964426419953
170311903004,41.93225030054017,-87.76136354460196,1279.0,0.2986549271208024,4282.534402932049
170318300042,41.51020360291994,-87.72566154515533,,1.5304275324684202,
170318300051,41.520457938025125,-87.70188816651034,,5.878946420202238,
170318300052,41.51560362993614,-87.68352474952768,,6.647044470719656,
170978641072,42.25389130444423,-88.03998069628769,,17.15727971968758,
170978641081,42.259399551381705,-88.01193718357202,,2.426900762602951,
170318300061,41.49935229303553,-87.73128762728182,,9.36058463963172,
170318300062,41.50308136433467,-87.70433479453533,,1.0063712664069964,
170318301001,41.503159330138274,-87.68502178676948,,1.848382435596079,
171978835052,41.50284647739314,-87.8100244456072,,4.865170498950068,
171978835053,41.493874176841956,-87.8080817952849,,6.488801826142875,
171978835054,41.47946637066829,-87.81049429163541,,12.174243006256248,
171978836031,41.46748174984275,-87.69287854927941,,1.2445768659820846,
172010032004,42.284994458817486,-89.12266533939656,,0.7252723278824588,
172010032003,42.28410183787133,-89.11812593329336,,0.45670631416638496,
172010037053,42.18194597745206,-88.97395281810988,,75.2011827378416,
172010037081,42.22754322521247,-89.02967432954996,,10.087245480738957,
172010041003,42.4310534877661,-89.29977885662214,,364.1129936014295,
172010043001,42.31614258501874,-89.37417348652994,,11.068642226577206,
172010001011,42.36426378784312,-89.04698438838753,,2.8232772456631543,
172010001012,42.35307727311845,-89.05389677243573,,2.9489097551496584,
172010001013,42.3434625240619,-89.05502395026836,,0.856382945165324,
172010001014,42.34246299045025,-89.06176561493368,,0.8382939303527678,
172010001015,42.345000309505174,-89.0681396568835,,1.2132171753654677,
172010001031,42.33245864405222,-89.05406172277131,,3.711633051457865,
170310107022,42.00816415258749,-87.67273199515618,1082.0,0.14403521414534817,7512.051871621734
170310301021,41.99331803636208,-87.65242177725165,1020.0,0.18461682509653154,5524.956890937039
170310301013,41.99120948646918,-87.65684993136357,1151.0,0.05266831722519649,21853.74548950583
170311906011,41.93013756146031,-87.78201876563668,1168.0,0.22292634989882404,5239.39857504553
170311906012,41.926479370101596,-87.78189384124128,1199.0,0.6681232334724877,1794.5791134493948
172010007001,42.28048500078054,-89.06863232091372,,3.847267052660254,
172010007003,42.270392020984424,-89.05957869366225,,0.6143074005415349,
172010008002,42.27074203475685,-89.07551800946635,,0.9198362271003144,
170311907023,41.92496196511441,-87.76108081318635,2029.0,0.30124772923412435,6735.320479123338
170311908002,41.9274229815001,-87.74888499518198,1211.0,0.22284496797796266,5434.271237929666
170311911001,41.921479524257734,-87.74745989281853,871.0,0.22414889105305338,3885.809989547727
170311904022,41.93303476809913,-87.77116896081142,3154.0,0.591549872986289,5331.756702233462
170311911003,41.91704856642564,-87.75106494681822,947.0,0.2472847114567752,3829.593808776704
170311911004,41.92145471070111,-87.74991898973104,1499.0,0.2249727629383235,6663.028805895727
170318301002,41.50091736656567,-87.69283680166669,,1.0012654541893327,
170318302012,41.49225516825978,-87.7084940670169,,2.1401635224560858,
170318302022,41.486485818157,-87.69826096197934,,1.1392277157561217,
172010008003,42.27047466225213,-89.0698238367531,,0.4610540828866282,
172010010001,42.26468415138688,-89.09115938724257,,0.8393969947018539,
172010010002,42.2578485151746,-89.09052897560755,,0.9785816918012136,
172010010003,42.252837856963325,-89.09432188068402,,0.8680804183017476,
170318303002,41.482115869224685,-87.68483692308975,,1.4604373754641689,
171978837001,41.4651949000141,-87.62636269000512,,1.7240283815251223,
171978837002,41.465795975195476,-87.63534455527368,,1.0126623706842721,
171978837003,41.46537274437657,-87.64200449129007,,0.8902414003982293,
171978838031,41.46856272145818,-87.65084217208462,,0.1858843959612302,
171978832102,41.530640646608,-88.16301335765479,,1.0653180405654332,
172010001041,42.32997207676595,-89.03571064974109,,2.331455380872643,
172010001043,42.33783309107263,-89.0336527110841,,0.6814179906230857,
172010001051,42.359366265392794,-89.03515112251321,,2.132305308414518,
170978642041,42.268563634710326,-88.16537537841062,,5.897544135608736,
170978642042,42.25957470973043,-88.19022390734573,,5.941019614149221,
170978642043,42.25005254668132,-88.17008410224136,,12.536382326454426,
170978642061,42.24922223448677,-88.13853345917376,,6.485032670829528,
170978643031,42.230532064532085,-88.15976268847747,,7.262695041529759,
170978643032,42.227506398773166,-88.18515150593055,,13.316046676378757,
170311911005,41.921769921824676,-87.7533721853908,2085.0,0.37385756756618826,5576.990225377393
170311913013,41.92012979879602,-87.78303040161555,1748.0,0.30126374673223394,5802.224857654841
170312002002,41.926162705267686,-87.73263244663377,1751.0,0.4835509500332543,3621.1282386676767
170312002004,41.92947015559105,-87.73928922212323,1313.0,0.36362720275817584,3610.8409658041687
170312003001,41.92352721960802,-87.72977930798197,1003.0,0.18816565472081664,5330.409534556992
170312003002,41.92344740544207,-87.7372134083443,1206.0,0.26496897989455886,4551.4761783810045
170312004021,41.91803225618176,-87.7291589800453,1672.0,0.28995373927708024,5766.437101893121
170318303003,41.477871418765695,-87.67925477307676,,1.0522121667308264,
170318304003,41.472667759278536,-87.68716081743125,,2.2832006467646515,
170318304004,41.47613012851236,-87.70140419148794,,0.7561204710804406,
170311303004,41.984815109015685,-87.71442273515228,1748.0,0.22235546012594792,7861.286603935371
170311408003,41.96298671103077,-87.70218773016637,1200.0,0.28718403318779284,4178.505283458105
170311605012,41.95928017258838,-87.71553232197562,2065.0,0.2969025300865522,6955.1445028037215
170318322003,41.916214729345576,-87.67881825678461,656.0,0.12492500003983129,5251.150688739964
170312912001,41.86267480006326,-87.7116561585231,1166.0,0.2970095335292913,3925.799910005273
170318428006,41.80983000398288,-87.69951102606439,1440.0,0.1845487807804921,7802.815027603891
172010011001,42.26758613361091,-89.08462286341033,,0.979490235910285,
172010012001,42.257667039082186,-89.08406190596412,,0.5301181285614724,
171978838062,41.42163421284834,-87.5353471869684,,22.910132732396427,
171635039061,38.443322507552054,-89.98779356566843,,109.87539993958946,
171635039062,38.415765388786774,-89.87304672366349,,75.13452903506885,
172010012002,42.25641384489309,-89.0775129748626,,0.682789041638297,
172010012003,42.252726739153594,-89.07956226267221,,0.8030337600170612,
172010013002,42.26429642500415,-89.07177213972903,,0.6793470161182542,
172010013003,42.25849192976203,-89.07215838968877,,0.6319146511512553,
172010014001,42.26426620011587,-89.06245027475082,,0.9633549093865436,
172010014002,42.259002896552545,-89.06315525992494,,0.9172332269200038,
172010014004,42.25055773959257,-89.05991074775787,,0.5038097899232884,
171635039052,38.43477831709733,-89.9084076984414,,3.49955259470989,
172010001052,42.35072274588327,-89.03871078695526,,2.379357961546427,
172010001053,42.34321355389032,-89.04552488012702,,1.55957563914363,
172010001054,42.34355425826457,-89.03404473898853,,1.292413185934097,
172010002002,42.31855489232289,-89.06196242499512,,0.6695954683995172,
172010002001,42.32139156727419,-89.06469895525484,,0.971591503681269,
170310819001,41.897990120778985,-87.64148703701433,1053.0,0.24799597839996343,4246.03659621343
170310901001,42.017066518324235,-87.81023659278418,984.0,0.44387112749980806,2216.8596672249773
170310901004,42.01693848917972,-87.81748783054934,825.0,0.4352424647799754,1895.4951935056602
170310902001,42.008933362036736,-87.80946894536011,935.0,0.5056249063935442,1849.196881279142
170310902002,42.00319850968291,-87.8090930797192,1288.0,0.5217551407023301,2468.5909146314
170310902003,42.00065371730726,-87.81181022876049,1508.0,0.5255521081234373,2869.363430744366
170310902004,42.007009331658146,-87.81864178301113,1818.0,0.7145525382152795,2544.2495866584904
170310902005,42.0078667620455,-87.81435594798079,928.0,0.5049446546778117,1837.825178270529
170310903001,41.999112790279725,-87.81636465458207,1305.0,0.8622056753173583,1513.5599745613588
170312004011,41.91884610237102,-87.73893291687759,1145.0,0.31151311321338415,3675.607707774676
170312101001,41.942955017484834,-87.69883767710866,1377.0,0.9302904741454889,1480.1828442506978
170318311002,41.944509333596415,-87.72026841226162,1407.0,0.25985040688940847,5414.653826571897
170312104002,41.93446401225719,-87.73054505989224,1041.0,0.4098770959798572,2539.7857314065636
170312106011,41.938383107769894,-87.71008739454398,709.0,0.143222715837118,4950.332046533177
170312106023,41.934924143656325,-87.71494021699299,2207.0,0.28558277302478713,7728.057181545904
170312106013,41.93787182171411,-87.71530543187765,1514.0,0.2043809259687798,7407.736278830986
170312107001,41.936603194351555,-87.70140260240846,1016.0,0.22702715823022723,4475.235508915101
170318351004,41.790458469426994,-87.69257595699246,1462.0,0.25833497671907496,5659.318836991417
170316706001,41.78483592368876,-87.67162504988413,1012.0,0.29371339199773916,3445.535775936937
170316909001,41.7640229776993,-87.60735327855886,687.0,0.221455034656678,3102.2098958601546
170318016081,42.11005014316183,-87.82045001854962,,6.201671410726304,
170318101005,42.03254281496978,-87.68724312792621,,0.2817284367073537,
170318233043,41.67836825578395,-87.70923454010058,,0.4864544349136455,
171978838092,41.43238445963882,-87.65082745629712,,15.85537626785891,
171978836062,41.437860057274044,-87.67466547100486,,1.7981466699776816,
172010015002,42.25630773039466,-89.0348898559117,,0.798233036241239,
172010015003,42.254169073847784,-89.04035897008156,,0.7552646722307135,
172010015005,42.264083557262175,-89.05219335679537,,1.154408313360641,
172010015006,42.26073380674554,-89.04662685847624,,0.9873170719277263,
172010016001,42.25089550660997,-89.03426225989786,,0.6091162761511151,
172030306013,40.710378092935,-89.25087716402072,,7.514993327748084,
172030307003,40.7942537496588,-88.98872442358942,,170.4038870393902,
172010016002,42.2468395729504,-89.03439889565811,,0.7687101344196868,
172010016003,42.24311825043991,-89.03363523002163,,0.5353650064189385,
172030303001,40.796616358235845,-89.1577449579114,,308.1373662566466,
172030307001,40.70885830940571,-89.02505159279266,,103.05291135350457,
170978643033,42.20751863982492,-88.18765404797664,,5.861744633096402,
170978643051,42.22680491177846,-88.13376044463153,,13.03660067812867,
170978643061,42.20124169783272,-88.16155567635903,,15.089938278006688,
171610241023,41.410396801161646,-90.5927956262984,,23.31920846643028,
171610226001,41.505354121955165,-90.59283977079498,,4.0315546568585265,
172010003001,42.31404814039287,-89.04649253313727,,2.148596562546343,
171635029001,38.59019707239246,-90.09689187243634,,11.622926480660697,
172010003002,42.30577759534163,-89.05227783381176,,2.009988230200584,
172010003003,42.30425639352927,-89.05957279538455,,0.7807356853939929,
172010003004,42.30406915217891,-89.0643639178211,,1.9311644004217288,
172010003005,42.3134027466239,-89.0621846757597,,0.7895677712128688,
172010004011,42.28121525164697,-89.04346029688112,,0.7373883699300583,
172010004012,42.28096697899988,-89.04900793862879,,0.7442157684476881,
170311002004,41.990369918823916,-87.79392250204205,887.0,0.48127414281894193,1843.0244243013371
170311002005,41.99553904427671,-87.80178351293479,1094.0,0.5708392669348009,1916.4764293009866
170311002006,41.99962785707187,-87.80320011343802,899.0,0.451198054231594,1992.4731314079543
170311002007,41.99702889551028,-87.79702532010135,768.0,0.40047748206110206,1917.7108187142064
170311003001,41.98502430263968,-87.79656920938801,1119.0,1.176192408071706,951.3749555946637
170311003003,41.98764873051698,-87.79973958356032,710.0,0.6087418330320892,1166.3400828945053
171978839043,41.31392273054568,-87.79456761672054,,11.506229792803222,
171978839022,41.34742013067844,-87.61762590219824,,6.22134707465507,
171978839023,41.31977977351191,-87.57552101437884,,70.09738779925955,
170311003004,41.99093594527543,-87.804204386691,1093.0,0.7164914423647919,1525.489259707744
170311004001,41.99432658403757,-87.81903783624769,837.0,0.4261708462542051,1964.0010745848647
170311004002,41.98998660874685,-87.82014755945673,893.0,0.39637784309865604,2252.900901369852
170318309001,41.92868402845164,-87.68314214541729,1149.0,1.284324813638199,894.633497538014
170318309003,41.93023975774737,-87.69019308459983,668.0,0.3090703465387289,2161.320254372234
170318309002,41.92662384402942,-87.69023699420856,1060.0,0.2827297717712114,3749.1630023942644
170312204001,41.92883795180712,-87.69867087116866,1094.0,0.26149236246740554,4183.678596488128
170312205002,41.926384249478076,-87.70549789307066,743.0,0.2583807196853173,2875.6015576738932
172010016004,42.2398858985733,-89.03447796925501,,0.5734093653801227,
172010016005,42.240992002049204,-89.04321373236851,,0.7270857639478218,
172010016006,42.24737725241193,-89.04221928918187,,0.7856395630206825,
172010017001,42.2494203393846,-89.04735561423647,,0.7811813899307379,
172010017002,42.242088675303755,-89.05154257287424,,1.1137780085545825,
172010018001,42.252261400102874,-89.06788895767005,,0.6969484499522091,
171194020001,38.91799223628383,-90.1473494172569,,4.3721343241487105,
171194008011,38.72689588042412,-90.11128263068633,,1.2046112277634702,
171194009033,38.68214389429094,-90.10396199251133,,59.9071595549415,
171194010004,38.840654963015,-90.09581450085045,,7.162108993737736,
172010018002,42.243362614709696,-89.06436372728768,,2.884643853704196,
172010018003,42.243494849042435,-89.07530381933644,,1.2004342420261425,
171194038011,38.963842414468736,-89.8751060507973,,122.75161574668698,
171194036044,38.74198653852637,-89.6786537648944,,0.876787085770661,
171194017011,38.90736875769302,-90.10515854236128,,15.818601411892894,
170310801002,41.904844752816715,-87.62626073990909,1053.0,0.06889782237292087,15283.501912447438
170310812022,41.90199348478581,-87.62636974107765,820.0,0.053624397325744325,15291.547148191994
170311403012,41.96917902036562,-87.72561177032041,1560.0,0.14864034787004402,10495.131519497689
170312207012,41.926186941118,-87.71825669991546,892.0,0.13014860899991987,6853.703676545242
170312206022,41.92955322384846,-87.71355053070866,415.0,0.2656255947941896,1562.3494427242515
170312522012,41.87760098851343,-87.75213852126879,759.0,0.17049595277353732,4451.7185754441225
172010004013,42.282801355465715,-89.05470601062295,,0.8950125633326478,
172010004022,42.28974517227821,-89.03539305817833,,1.9317933338524218,
172010004021,42.28835727777358,-89.04817957864674,,1.1812106093306374,
172010004031,42.312600823147214,-89.03329151251907,,1.2819016570816997,
170978643062,42.20238297217556,-88.13097862298727,,7.230921472495331,
170978643082,42.158379977171606,-88.1335067515348,,1.5611347211307036,
171978839024,41.340367824506686,-87.64708751229134,,64.74215531691529,
171978840031,41.27806351755689,-88.23217881441249,,10.3293142788723,
171978814012,41.54977888819312,-88.09468372657936,,1.2477214408940407,
170311005002,41.97597980223752,-87.81104796855776,718.0,0.4503958241271314,1594.1533236714313
170311005003,41.97867975398618,-87.81596652682545,927.0,0.6038722996529542,1535.092768011958
170310105021,42.00348987657195,-87.66326450842627,1334.0,0.16293086918857178,8187.521533786606
170310619021,41.9406712103853,-87.64060574640571,1143.0,0.03697939719219156,30909.103089472534
170311006002,41.97695271032964,-87.79454407812703,1047.0,0.4261067041265001,2457.1310187346235
170311006003,41.977241420249065,-87.80302452875647,1136.0,0.47053206405774123,2414.2881787979404
170311007001,41.972244708959785,-87.7897592657747,851.0,0.41099748271326847,2070.572292516201
170311007003,41.972182954221466,-87.79704311592486,943.0,0.4144386054991197,2275.3671773997007
170312210002,41.91913192745005,-87.71519562693318,1482.0,0.19905781442656903,7445.073202824192
170312211003,41.92099676146991,-87.7128076711217,1277.0,0.19871593657911932,6426.258618123256
170550407005,37.99068319118646,-88.90863715099128,,3.8099985660285993,
170550412003,37.92823673600215,-88.78583548441263,,148.1427826908275,
170550408001,37.88642945896707,-88.9883974005464,,68.41315682857116,
170550409003,37.89729346329363,-88.94549965205718,,8.955157829463534,
170550411002,37.87671890296626,-88.91106103120104,,25.056572467816807,
172010018005,42.24579135889281,-89.08340522826019,,0.4227416624557802,
172010018006,42.249457521279744,-89.07946336321363,,0.7972257144202719,
172010019002,42.233471669683894,-89.06164701896807,,1.2207453382895355,
172010019003,42.22646149924447,-89.06374515933103,,1.0939340664125945,
172010019004,42.22229900452248,-89.06591353410946,,1.1703875462991864,
172010020001,42.23407127762701,-89.07588823357818,,0.9444868807894554,
172010020003,42.229673640357504,-89.08386712022642,,1.7804029413830582,
172010021001,42.23668855675298,-89.0950107950747,,8.250377644333579,
172010005022,42.258502191075664,-89.01458109573917,,1.5563932101898657,
172010036062,42.30865426265894,-89.08047394992074,,0.7893526797093333,
172010037061,42.2070101116061,-89.0648052095989,,6.205351754604702,
172010041004,42.468843125734644,-89.20317730585619,,91.80975525538398,
170810501004,38.4225077848594,-88.88573170417948,,105.41680770721295,
172010004032,42.30640297911976,-89.03640817508801,,1.3459301547606788,
172010004033,42.29744022344141,-89.04476856542624,,5.4067381002114745,
172010005011,42.250125196474734,-89.0185939041749,,1.4914141638268534,
172010005014,42.24173873750657,-89.02399791628585,,1.1182850804601483,
170311007004,41.97215246038465,-87.80066692008745,879.0,0.40590144542246964,2165.550307624849
170311101002,41.98456992226692,-87.77140961376169,1090.0,0.31143416994220274,3499.937082055854
170311101005,41.99259251014406,-87.77451940710357,1165.0,1.089915617411744,1068.890087809331
170311102001,41.97972357010756,-87.77066518297393,1602.0,0.5111070627880206,3134.372652299705
170311102002,41.980381375874735,-87.77594232055945,1226.0,0.5686477605244435,2155.991960417296
170311103001,41.98081968229063,-87.78380176498956,731.0,0.4513078643178184,1619.736897572026
170978644021,42.222690240196776,-88.02133637056627,,23.756288503948866,
170978644023,42.224234520290665,-88.04842574412238,,8.232671482610627,
170978644022,42.2046844900095,-88.04296079234942,,8.263563482826914,
170312213001,41.9232152024265,-87.69983062742962,1489.0,0.2559344068784323,5817.896929767901
170312214002,41.92058853480492,-87.6961093452593,807.0,0.1740893106700069,4635.551699838136
170312214003,41.91859613793776,-87.69321220996423,1245.0,0.2300610682023146,5411.606621356522
170312215001,41.92087297963426,-87.68871977443884,1147.0,0.2615472983357352,4385.440061122916
170312225001,41.915682572397415,-87.69958742252618,1410.0,0.2903819093948913,4855.674387354952
170312229001,41.91556437630577,-87.72007441464093,1244.0,0.3946803186501987,3151.9179984815637
170312303001,41.91178661564203,-87.71498836667408,1024.0,0.1924180622860488,5321.745723006612
170312304002,41.911789897961135,-87.72400953164325,1287.0,0.3053391066985931,4214.985803539492
170978644031,42.18998098579175,-88.03116102256861,,12.989740274211101,
170978643081,42.1652376058939,-88.12743688443278,,3.3026427359262427,
170938903011,41.71122510700226,-88.36055009984295,,8.683379956174113,
170938903022,41.698070963490636,-88.33140341098994,,1.3426604871601286,
171978823002,41.51770578033833,-88.03196609392299,,2.456528358023773,
172010022001,42.2580745229261,-89.13312403487097,,6.9021854766079915,
172010022002,42.23754149636169,-89.11822280472249,,17.285555280495306,
172010036051,42.3203419934962,-89.08301187699357,,4.200278924911831,
172010036061,42.313132719985944,-89.07914409211318,,1.435731158176385,
172010036041,42.31298209733704,-89.0919734217443,,0.8996547320072865,
172010037102,42.231662727306094,-88.98612542914553,,7.1587714359863055,
172010037112,42.20007606829765,-89.14145681517661,,28.78954413082759,
172010037113,42.21169056600917,-89.10105380068858,,3.827301127936134,
172010024002,42.27371877414134,-89.13077079421251,,1.0441871583054512,
172010005015,42.24726130382083,-89.02548039926423,,0.623907944088918,
172010005021,42.25933087838884,-89.00487209981945,,2.314812360372377,
170311104002,41.96986301835031,-87.77278303112838,1342.0,0.41681780496060594,3219.632136700193
170311105021,41.96903958153413,-87.7620481971256,1481.0,0.4670907445314579,3170.6901010971687
170311105011,41.97905028414796,-87.76673126203127,1191.0,0.24733691117156065,4815.294225025254
170311201004,42.0089826054751,-87.78291237214802,1022.0,0.6962734563276802,1467.8141048062967
170312306001,41.907617541517034,-87.72766991310412,851.0,0.18455848625549692,4611.004442363613
170312307001,41.908158884590975,-87.71916941075102,1551.0,0.29347135680205155,5285.013218670469
170312307003,41.90445432856928,-87.72387449861338,1597.0,0.2849563646193086,5604.366837475394
170312307004,41.90804722210712,-87.72406676636719,1962.0,0.29860870087385993,6570.4716381616745
170312308001,41.90583973269829,-87.71495303462734,1314.0,0.36929845609230044,3558.097734564008
170318366002,41.900975187461356,-87.71025024305212,1671.0,0.4215413164014083,3964.0242485953804
170312311001,41.89925435478175,-87.71506836054986,1236.0,0.3186061240980283,3879.3981236208415
170318421004,41.90169852724611,-87.72996787441933,1328.0,0.22468733443840028,5910.435509501677
171978801151,41.694767801689196,-88.07300812023719,,1.153300711543811,
171978823003,41.519427878598606,-88.04518783581935,,1.5629894236682271,
171978824001,41.51673141052087,-88.06652297100302,,1.0490155808520043,
171978825001,41.51509629496715,-88.08544626541097,,0.986765109314155,
172010023011,42.284508056491376,-89.1601949146317,,5.543266682316368,
172010023012,42.284547856570676,-89.13550764277521,,2.3726384337751054,
172010023013,42.27903718330501,-89.13495354449807,,1.2174139158677475,
172010023021,42.275447772365766,-89.16482079282913,,2.020307846769329,
172010037111,42.233959669009515,-89.15521400518111,,32.79780819723306,
172010036063,42.30506706301348,-89.0827645359955,,0.4981037446374304,
170978644032,42.17488145396913,-88.03528858566547,,13.471453045291513,
170978644072,42.22560850981865,-88.10523898225395,,14.114822733106335,
170579538003,40.39684632479031,-90.15213775654514,,1.2117937017060252,
170579539002,40.3011302256641,-90.40593156326709,,73.73714562117557,
170579528002,40.6994007351662,-90.0168461545449,,10.140458495589522,
170311202001,42.00342005779252,-87.76485963535906,1609.0,0.9580230406517094,1679.5003165116507
170311203004,41.98926993494176,-87.7447724413004,901.0,0.5816338081115996,1549.0846430081017
170311204001,41.9815136171683,-87.75332723265674,893.0,0.9115443736128173,979.6560933843314
170311301001,41.99537919612685,-87.72405718061607,1224.0,0.44550785687670863,2747.4262936259147
170311301002,41.988160250224354,-87.72390444636744,1974.0,1.7038539190261224,1158.5500247159016
170311303002,41.98661377718095,-87.7175350810101,859.0,0.2988992428876508,2873.8781393396766
170318318004,41.97406357897404,-87.71364781928588,1384.0,0.41551068670485786,3330.8409248763114
170311401001,41.971886224222175,-87.70527441727593,1644.0,0.30109666019219633,5460.040635955909
170318421005,41.89219591321523,-87.73279470624772,1149.0,2.0397391213049594,563.307330824202
170318288022,41.531552277905156,-87.64123999416823,,1.2708955465270066,
170318288023,41.52445609799127,-87.64279720047546,,0.5332811795269314,
170318289001,41.5209164051015,-87.63372681834095,,3.569666518500023,
170318289002,41.50898772169653,-87.63356070847333,,0.6534778222878864,
171978826012,41.514737329638905,-88.11003646798936,,0.9241184383102379,
171978826013,41.519544109158126,-88.1102175928097,,0.5953907891072656,
171978827021,41.53034398927709,-88.09634588644714,,0.6622475644949295,
171978827023,41.52664389800138,-88.09609500110912,,0.5128870248630885,
171978827022,41.52342977203668,-88.0961026721227,,0.5197955515263591,
171978827012,41.52410048707237,-88.10804764769105,,1.2384724701847578,
172010023022,42.269236293776466,-89.15917986777737,,3.424120886283344,
172010024001,42.27404256015783,-89.14305925381987,,1.7574629890019948,
172010025002,42.27856582033536,-89.11275384225804,,0.5493896339075982,
172010025003,42.27096508652964,-89.11805651866523,,2.062319405299938,
172010025004,42.27376225786627,-89.12284562483589,,0.5601669641041483,
172010037062,42.214687391652404,-89.04465148133886,,4.573847441704485,
170898519071,41.99877038869379,-88.3188711926957,,0.5361523562765098,
170978633001,42.27397255650669,-87.84106627553324,,1.6940575897321317,
170311402001,41.97196629262633,-87.7106236186977,2354.0,0.2583490157106171,9111.70492957005
170311402002,41.96933023807194,-87.71155796667321,1430.0,0.1854688176409676,7710.190953868097
170311402003,41.970416160139095,-87.71627214450359,2181.0,0.2702872858241573,8069.191983447229
170311404004,41.97165371603682,-87.73935286114505,1282.0,0.32606920936125516,3931.680646913398
170311405003,41.963483896762575,-87.73007068067616,1430.0,0.32365199107207515,4418.325978045809
170318289003,41.50787604310029,-87.63851706510144,,1.4810145341368817,
170318290001,41.511971865277275,-87.62221556300518,,3.1895586502933844,
170318290002,41.504678557618874,-87.62788778061774,,0.928865996105477,
170318291001,41.496237828300686,-87.62320227151162,,2.334450584277813,
170318291002,41.49697680286378,-87.63579718807556,,2.3295152148527447,
170318292001,41.516851518540015,-87.6490749205922,,1.4220556110313052,
171978829001,41.50912673028717,-88.10813625480732,,1.3085784402274532,
171978830001,41.503306661450225,-88.03848900991831,,7.70070695639541,
171978830002,41.50816229284323,-88.05760779608634,,5.003605443865083,
171978830003,41.50543204726455,-88.07343106348128,,2.142312940536926,
170978644081,42.20643769910823,-88.07576295758106,,10.369301517580936,
170978644082,42.20629174461567,-88.10404861547744,,3.6713162275368365,
170978644083,42.197685475249166,-88.10994486772387,,5.670694491411961,
170978644092,42.18997680400099,-88.08999445933557,,3.7413177381804266,
170978644093,42.18800425621096,-88.07712906375649,,1.311200594303312,
172010026001,42.27822794427492,-89.09618226838766,,0.5133801747784142,
172010026002,42.27286255879636,-89.10407307391513,,1.374598647228127,
172010026003,42.278609478384446,-89.10680150900465,,0.39796957099555946,
172010026004,42.27886858369562,-89.10212886506537,,0.38755771738047934,
172010027001,42.26680381469814,-89.10844475310721,,0.7538059872560327,
172010027002,42.263889257890845,-89.11031659184931,,0.422109877331587,
172010027003,42.261108571574354,-89.11079371392022,,0.6350187008734358,
172010027004,42.25570512838928,-89.11317497438756,,0.7036172384458153,
170978652001,42.206419200818345,-87.81495506947503,,0.42557309035352164,
170978652002,42.19859060156457,-87.81144176549239,,0.5154523645406929,
170978652003,42.201111005893864,-87.8155453061172,,0.6647182164612953,
170311407024,41.963103012845956,-87.71528357372159,1447.0,0.18509547310325505,7817.587192922836
170311407023,41.964727272930496,-87.71630896886187,1588.0,0.22293150901076958,7123.264033184674
170310812023,41.903588906099934,-87.62677572650645,858.0,0.047888184162234136,17916.736978234414
170317608034,41.97209688022898,-87.84016586871785,1368.0,0.30764087412686436,4446.743313555489
170318241191,41.56281336924234,-87.89795592452253,,3.2813438624267137,
170318241192,41.58809172676787,-87.9000728331141,,7.749665513795169,
170318044033,42.0517576016667,-88.22967276490284,,3.282002111795214,
170311408002,41.96284214799222,-87.69768745126377,715.0,0.23365106663693286,3060.1187073159335
170311408004,41.96295637755953,-87.70646737886644,1400.0,0.2147390327606875,6519.541333504131
170311408005,41.96678254689171,-87.70289828999012,2239.0,0.4209384831609961,5319.06701232553
170311502005,41.958835608200886,-87.75240072781996,1437.0,0.3000023693706728,4789.96216934704
170311502003,41.9542712962524,-87.75224953828943,1363.0,0.29973163693590615,4547.401181715964
170318292002,41.509632733892275,-87.64826495829037,,1.6069434930405253,
170318292003,41.50423198479115,-87.64785428389798,,0.8466470298257608,
170318292004,41.500687836605685,-87.6475899887138,,0.8337293167573727,
170318293011,41.524194669944656,-87.6648239486081,,2.3323044937599198,
170318293012,41.514509919385375,-87.6630827835324,,3.505661120859145,
170318293021,41.50929958234979,-87.66938684468639,,1.2799459735970344,
170318293022,41.503283732667605,-87.66532922463328,,1.4114387206623928,
172010028001,42.261133565813225,-89.10116310648661,,2.02905265005753,
172010028002,42.25422535898418,-89.10372975354518,,0.9196658090012095,
172010029001,42.27618835022037,-89.0900935256004,,0.5664064053549348,
172010029002,42.27089707970167,-89.09564887841242,,0.9826991074469338,
172010030001,42.28637478559618,-89.07187921861617,,0.8495756565925454,
170499501003,39.125137896638535,-88.41637446379762,,120.88319414504483,
170311503001,41.96549153454391,-87.75996759478079,1035.0,0.3755698402347396,2755.812339332417
170311503002,41.96151115682742,-87.75980660037307,1386.0,0.30779703464483377,4502.967358341519
172010030002,42.28315940004894,-89.08019059901852,,0.9661518964640828,
170311503005,41.95640772898703,-87.76464402002006,738.0,0.5243651413943434,1407.4162100813537
170311504011,41.96686248127534,-87.76995237957179,1165.0,0.30365903366505764,3836.5399044410437
170311505023,41.954791336411056,-87.78295352065572,1338.0,0.44705625860317416,2992.9119081803633
170311506001,41.95132606486663,-87.76938220656056,1159.0,0.2973023835998443,3898.3878499943753
170311506002,41.947675868198075,-87.76925683345233,943.0,0.2968389756291455,3176.8065430131824
170311506004,41.95126476161692,-87.7742668834326,892.0,0.2967804988641147,3005.5883166650224
170311507001,41.95144436464144,-87.75955425338984,1132.0,0.2997669893383408,3776.2663677498363
170318294011,41.49694544304445,-87.65976127093019,,1.959796449005415,
170978644111,42.17465024626383,-88.09565641351935,,4.881139335296837,
170978644112,42.181188447301786,-88.11261134060784,,5.446708851719941,
170318295001,41.48643635700664,-87.64681095016375,,2.875168195137037,
170318295002,41.486280917647676,-87.62833171958181,,3.7779733819140824,
170978644113,42.16288791458971,-88.10848699035104,,7.40370998882829,
170978644121,42.16744547181789,-88.08576237483045,,4.646790346898524,
170978644122,42.1635175946662,-88.0733179329089,,5.771497977501357,
170978662001,42.22026422002435,-87.91784466704641,,27.583503339963276,
170311505021,41.958598151940244,-87.78318204780943,1621.0,0.4846184490098298,3344.8994839383845
170312207013,41.926136525044114,-87.72402183721984,1544.0,0.221025323646052,6985.624880127075
170310107024,42.0120526445375,-87.67291627818267,878.0,0.11187501968339165,7848.043311945384
170312502001,41.913065740315766,-87.75197247676243,1442.0,0.5947622682955521,2424.49811776465
170312522013,41.874838530690965,-87.75203669006241,1388.0,0.34891115210481516,3978.0901000924036
172010031001,42.28571688399701,-89.09792680916493,,1.235076888963387,
172010031002,42.287185036723905,-89.08601096498653,,0.4709348407446057,
172010031003,42.28418482989367,-89.08562883946537,,0.4250577509941101,
172010031005,42.281405226909946,-89.09415679096678,,0.6261763342563974,
172010032001,42.2845602553256,-89.10781460887178,,0.9689783776794908,
172010032002,42.28470274182302,-89.11394725823043,,0.5154302107326962,
172010033002,42.29204504330108,-89.10062863646989,,0.8859111094047379,
172010005023,42.25893406752715,-89.02308834858286,,2.0198463267430915,
172010033003,42.292940515775975,-89.10766851664314,,0.8357320521168905,
172010033004,42.29547231640549,-89.11301106465474,,1.466762456212659,
172010034001,42.29788467977983,-89.0918854490887,,1.0940070216561166,
172010034002,42.29931755000994,-89.0817669751512,,1.463408044569261,
172010034003,42.29188850931939,-89.08281909536625,,0.8261999906431485,
172010034004,42.29155205344274,-89.0917046983782,,0.9974365060029972,
172010035001,42.301868259636784,-89.07069682674638,,2.6541196691857083,
170898510003,42.06231384730863,-88.28401862244102,,2.85797501511878,
170898502023,42.11062528461027,-88.24286308222113,,1.373276122287538,
170978652004,42.21040835604914,-87.81136234242379,,2.2775127079821114,
170978653001,42.20821999171863,-87.82162101646513,,2.052119860226966,
170978653002,42.20910120114442,-87.82637978903333,,0.8047873577700593,
170978654001,42.19198147511482,-87.80585974718174,,0.734767055280144,
171635016042,38.54480150117021,-90.01762097587721,,1.2331640109989985,
171635024011,38.62191275900781,-90.099900100403,,3.2534000394734197,
171635040026,38.26611566867717,-89.85824641026325,,140.46370496860737,
170318128021,41.883253854807975,-87.79925155713826,,0.17645576077858316,
170318025051,42.1160564695477,-87.92262651065212,,2.048574499311979,
170318241062,41.6090256593226,-87.83263305163263,,2.2844213342085036,
170318241222,41.594617589643,-87.81831798221556,,2.3595980176466096,
170318240041,41.684404946852496,-87.93799315825596,,34.867577936859675,
170317702022,42.02779427499427,-88.02002039358412,,18.503649868338837,
170318238013,41.698647778880854,-87.87842190156309,,66.20360796158583,
170318237034,41.728871310780384,-87.80378978160176,,1.4723215514700347,
170318206053,41.734742960088454,-87.83574758231687,,0.30767525485264663,
171635033042,38.49207956636128,-90.012935621489,,11.312955104113268,
171635013001,38.612131859972926,-90.10652716628597,,2.902953027143201,
171635017004,38.507329229120984,-89.99331724094885,,1.0000451172937737,
171310402004,41.17083980050464,-90.88080550138379,,154.5412148970006,
171310403002,41.20754931115532,-90.76552574574136,,7.190540234466375,
171310403001,41.20943473121723,-90.72482295055907,,14.699717535348347,
171310401003,41.29494993192293,-90.57901799897647,,141.8392148071296,
171310403003,41.17864841933369,-90.77199910714957,,28.257152970948166,
171310401005,41.257932702664824,-90.60885163590397,,19.69698115869598,
171310401001,41.293059165094725,-90.47296383725919,,72.90069037727334,
171310404005,41.12458318559605,-90.63805064486144,,374.1416139914959,
171194009521,38.734952678284415,-90.07437529347509,,2.6383806510803853,
171310403004,41.18482721983717,-90.72814859436622,,23.130904355095883,
171310402005,41.11197512306944,-90.83960863122715,,248.4453763642154,
171310401004,41.27516524278885,-90.722402093417,,277.04897213617755,
171310402003,41.17816554698916,-91.01397549311812,,41.4861178754296,
171310404001,41.21687570433193,-90.571530421692,,264.38884746931956,
171310404004,41.10974306152173,-90.49063515936584,,172.11506960303666,
171310402001,41.08645218587199,-90.92571955528327,,25.33236543932064,
171310404003,41.19622678531083,-90.47567977985348,,63.1636349006268,
171310401002,41.30539842355246,-90.50361311183997,,11.422902388630558,
170310307062,41.98143010644621,-87.65600797524257,1387.0,0.08760270510468379,15832.844412082455
170313404001,41.84188589225749,-87.63203563424396,1900.0,0.5234722835329801,3629.6095510093896
170314005001,41.79247279274581,-87.62344774791084,1176.0,0.3413611402501548,3445.03184849397
170314909023,41.702486897459146,-87.61607510851186,1328.0,0.47988058734164984,2767.355119232055
170315401021,41.66930681483194,-87.60665494379667,821.0,7.958702377094751,103.15752004533411
170315204003,41.70067775457041,-87.53271373876571,1036.0,0.29146883854246464,3554.410842615902
170316603023,41.7844949089967,-87.69902950664239,1379.0,0.22154042186741843,6224.59769813595
170317107002,41.74834357002494,-87.65570287711284,918.0,0.22015714763111757,4169.748790251167
170310619014,41.94081535444718,-87.64316001144981,1076.0,0.06834539011291028,15743.563658388513
170310105013,42.007638934421244,-87.66356567481758,1323.0,0.14917720434466483,8868.647229393635
170310209012,41.99252921985983,-87.68475163397578,861.0,0.29185643976987174,2950.080528217561
170310306013,41.98907371748547,-87.65257833119375,2009.0,0.2592753329240805,7748.519604015951
170310307021,41.980267876791345,-87.65447709070364,978.0,0.01892540541448018,51676.56800903795
171030007003,41.645726916788696,-89.5119155360726,,466.92881251529155,
171030003002,41.84544932607572,-89.47663648328609,,1.7066324005819862,
171030003001,41.842241068740975,-89.45258799095022,,17.978994624106868,
171030003003,41.828375059532604,-89.46856906548526,,4.283462891214927,
171030009003,41.71703817770092,-89.17775824939318,,253.9058216861791,
171030002002,41.82691642160935,-89.34161387812466,,205.37988595030666,
171030001004,41.82798077309076,-88.99572281909526,,234.8201556969046,
171030001001,41.87875547728206,-89.23120284254718,,34.73829376805493,
171030009002,41.690212050961485,-89.02759834277796,,296.86277006926554,
171030005001,41.86755769659808,-89.57652252103506,,123.15439279657603,
171030007001,41.80285834204617,-89.58290045426166,,38.21816182844392,
171030007002,41.74335468452361,-89.52773666494485,,284.95476768227985,
171030003004,41.83665136715069,-89.48288547791151,,1.3788283983771379,
171030008001,41.73490111154146,-89.33350074601984,,95.85640920639123,
171030004005,41.87671641925137,-89.47695545110173,,16.073614480027018,
171030002001,41.84433706203726,-89.29508620608884,,21.16266005045495,
171030002003,41.873273975298154,-89.4293290949796,,79.05316224603808,
171030001003,41.81712806057475,-89.13115925752804,,346.7097424675396,
171030005002,41.85527134753044,-89.4986880668721,,3.265966941356393,
171030001002,41.82219193540906,-89.2461386626685,,131.00855130200068,
170898501052,42.12795512600955,-88.32771658545444,,2.1326918520648905,
170898501012,42.14410793537202,-88.26257890803821,,1.5052208282828885,
170898501032,42.11211197749221,-88.32653660233585,,5.534770760403991,
171030009004,41.631944070813255,-89.19833853155428,,180.02345965523065,
170810505001,38.31797660962257,-88.97099282290526,,103.60327830037993,
170810507001,38.37366068098154,-88.92600643298854,,28.321065228884557,
170810502003,38.31022447360168,-88.7310348011438,,65.30025498807305,
170810508001,38.35386600814484,-88.87188969616052,,52.10823658771191,
170810501002,38.4202200917934,-89.0003352106614,,114.70374203185631,
170810503003,38.181685792137024,-89.0906076695061,,212.06257832141168,
170810503001,38.3349599585674,-89.03519340445781,,57.99192165054089,
170810504001,38.236836841264804,-88.82398119282578,,138.3328994143127,
170810504004,38.20698077763861,-88.90009808524708,,46.208169973905036,
170810503004,38.204351502244464,-89.03902776987239,,93.0680706623062,
170810511002,38.276668171954334,-88.89784074436999,,48.55930468003554,
170810508003,38.320157112068806,-88.8307647496112,,77.84704127797288,
170810506001,38.341251492658586,-88.9344145999233,,14.983950054064577,
170810501001,38.42211950377777,-89.08656084644998,,179.8948072047098,
170810507003,38.341069003899705,-88.90895161631192,,5.343294945171711,
170810504003,38.1535128169917,-88.87587438677092,,110.52491884638391,
170810507002,38.33716552573381,-88.91773936159166,,2.7617693078213157,
170810502001,38.42193683510137,-88.77390520722466,,252.53416578606678,
171030005004,41.82537814583888,-89.5753797958668,,41.94035931919758,
171030006001,41.842009155804654,-89.49169435667605,,1.5814817457992418,
171030006002,41.83692745748205,-89.50496363743102,,1.7094905348578917,
171030006003,41.827818886441825,-89.49527728698459,,5.766593655202308,
171030006004,41.83470151782963,-89.4923535011047,,1.0592283202704775,
171030008002,41.71866533134988,-89.33218191878106,,1.780797027400767,
171030008003,41.70381358459642,-89.33418108222972,,8.415509502529964,
171030009001,41.695647436935,-88.96718616194475,,49.21653207731613,
171030002004,41.791859976049025,-89.44687360079817,,149.73570859910527,
171030005003,41.845046921175665,-89.50065695843278,,3.008694456722341,
171030008004,41.645525283330535,-89.32921950161312,,267.83222433005,
171079535002,40.07015091491027,-89.53583885867783,,265.9104625174966,
171194009512,38.71488946614993,-90.09955373364507,,3.184829594147231,
170317105004,41.747488126694,-87.67442871903526,1018.0,0.6853557474659596,1485.3599809499842
170317302022,41.7271394591373,-87.65189586065478,1149.0,0.39229917381915064,2928.887126664425
170317306003,41.71053971374233,-87.64535545721051,1329.0,0.5888015871562696,2257.127067912063
170318130004,41.878167158066425,-87.7819398056728,,0.30404805787337796,
170311605021,41.95655975790868,-87.71483389728651,811.0,0.11135739255399901,7282.85730654777
170314402014,41.74786332144984,-87.61359370886944,1524.0,0.26597084172662283,5729.951411615405
170310802023,41.90565506042937,-87.62960512321555,1729.0,0.10696543996750933,16164.099362608917
170310301011,41.99124070749126,-87.65888023050115,982.0,0.10922520496893548,8990.598829997973
170316405001,41.77577037586227,-87.78607719276503,1840.0,0.5947747228553903,3093.60826762533
170316609001,41.77011689881723,-87.68583824864217,1382.0,0.296186849400143,4665.973532582277
170318025061,42.12942326704975,-87.89614855100093,,5.958895017292752,
170318219005,41.70972903281541,-87.70820176110432,,0.7320583529608785,
170318020021,42.06924407966733,-87.83175100888752,,3.297880812930921,
170318046031,42.058139125807806,-88.06339210814087,,9.903580186980639,
170338802003,38.979747576412116,-87.8941335501933,,70.1037216939912,
170338804001,39.00149874905691,-87.73725971859372,,1.7094139910246506,
170338803002,39.02035137715079,-87.73770861711462,,2.863894142176638,
170338806002,38.902522206603884,-87.84226340375037,,355.32479052189257,
170338801003,39.12310406372943,-87.87311059398024,,259.6185957329908,
170338803001,39.012702850489035,-87.73172185406135,,2.806977791300019,
170338806001,38.91542070684361,-87.62708035929796,,268.6942230990468,
170338805003,39.00995659452268,-87.66475227114957,,196.9353429762392,
170338802001,39.004709640823144,-87.81381406471581,,136.82500878367074,
170338801001,39.10368680805156,-87.65327494429398,,61.42296797649933,
170338802002,39.03601467875648,-87.9038401463472,,87.05901082470413,
170338801002,39.1022998965906,-87.7432870306395,,286.77551978123114,
170338804002,39.0021863056811,-87.75323039000362,,2.5711173462351313,
170338805001,38.99834314663491,-87.57604987381572,,87.55130259240825,
170338803003,39.015084496559226,-87.76448440432512,,8.273127437094326,
170338803004,39.00972802791213,-87.74472446077847,,1.3416149266117736,
171599782001,38.723004492667236,-88.08105253813572,,2.529520164247987,
171790221002,40.68307413023461,-89.36889460976195,,56.39934885696839,
170310632006,41.937775717136375,-87.6425766078058,1563.0,0.11775301701776615,13273.545252468395
170318046093,42.03250613562341,-88.03801345544254,,2.6824992116902315,
170978615072,42.39574625006094,-87.8958223945337,,11.264375953088368,
170978615102,42.365402714289594,-87.90210761733309,,2.6502633202703163,
170978615103,42.35337712590403,-87.908483960168,,2.8060506724914758,
171150028004,39.85079537611147,-89.08001803698353,,40.14709612289858,
171150029041,39.883923021307936,-88.95551561270483,,4.237859301374283,
171150029042,39.882820251419034,-89.00257995055449,,9.204970777169885,
171150030005,39.98911294054921,-88.816385087521,,2.9971609481445087,
170318371002,41.885750564553724,-87.69624284725298,1190.0,0.9041791345658997,1316.1108839028054
170318415002,41.859710624654056,-87.70782063958048,1465.0,0.4639677480515728,3157.5470625970243
170898503022,42.11461052903985,-88.28038761929393,,3.1427582719404095,
170898504002,42.106158645715865,-88.2711901802464,,2.2096177620975883,
170898508003,42.05359875142917,-88.26768352963721,,0.9032303805171222,
170898514002,42.038487224138095,-88.26625485734981,,0.891294310807464,
170898514001,42.01907633670928,-88.26591265184743,,0.6509001293137721,
170898528032,41.85367879678319,-88.27870447194033,,9.996734176639501,
170898528031,41.84698893468097,-88.28908793146712,,3.6793702329895273,
170898519073,42.0039831783993,-88.3245965538857,,1.7412373900721188,
170338804003,38.996154370979795,-87.73089187628558,,1.4500494009460367,
170338804004,38.991297929343666,-87.73696314651993,,2.2613126310147433,
170338805002,38.994898338870115,-87.6208914020315,,4.820678725186485,
170338806003,38.87886265394817,-87.68389962099899,,76.45792164979378,
170318258035,41.621261785670164,-87.57304123248305,,0.4542093559681767,
170318036121,42.15207314121892,-88.0123562515302,,0.3345150791565754,
170318043083,42.02916036827838,-88.1488937202479,,0.8718130457808748,
170978660001,42.46959943399208,-87.89485228770393,,14.308360054220831,
170978610071,42.436607331882136,-88.02037297789941,,9.303290108971076,
171150031001,39.845148419826025,-88.95209877566339,,2.7060579962159936,
171150031002,39.85860359029608,-88.94889887844482,,0.8108334837410393,
170978611051,42.342022089556124,-88.04443423613458,,2.7855645819965504,
170978611052,42.33288607776081,-88.04225594604172,,4.037755144755462,
170978611061,42.37253488814526,-88.02185256415653,,14.622393020120473,
170978612012,42.36812765591108,-88.07501826377263,,1.8797975014709403,
170978612021,42.3796256434722,-88.05455296850567,,9.106465217907244,
170978613012,42.375038175836565,-88.11539753011529,,3.358269753541493,
170314401013,41.7466918844085,-87.6001445312638,426.0,0.0787201451723959,5411.575386034498
170314313011,41.753410660829765,-87.55619762106068,673.0,0.25733772977536123,2615.240293708522
170317005015,41.7450271395808,-87.70042274403941,832.0,0.36258618970638584,2294.6268325159735
170310633013,41.933331833770616,-87.64328460265024,798.0,0.0480581044837351,16604.899601691053
170314301022,41.76715799079663,-87.5698027784519,740.0,0.09618177401185071,7693.765347983947
170314301023,41.76895882263812,-87.56985026775494,916.0,0.09899709900150294,9252.79638735771
170314301021,41.769551904199126,-87.56061245586415,1307.0,1.597876093078983,817.9607953715063
170314301013,41.770742452969536,-87.57397854792158,875.0,0.14861285352764395,5887.781434983606
170314301014,41.77256594919355,-87.57402996024538,1291.0,0.1476316833540379,8744.735348604218
170316603022,41.783537499603376,-87.70204945714424,1448.0,0.2211000914543286,6549.070108815877
170311403023,41.97352778064253,-87.72548257616553,1757.0,0.31160678163984107,5638.516564863348
170311406023,41.965812963839284,-87.72235032482153,1457.0,0.2643367689209792,5511.908184197998
170310101002,42.021356763700936,-87.67275173259351,2311.0,0.33239193335990747,6952.635633000439
170310103002,42.01823584141228,-87.66720831199356,2179.0,0.27017174253983667,8065.240204307109
170317702023,41.99853412763508,-87.99940386390115,,1.486614428760139,
170318051074,42.0306146050332,-87.96314049000581,,0.6653795792479927,
170318051075,42.038946709737054,-87.97554454985492,,1.209098511855123,
170317706013,42.025546617355396,-87.90002823459798,,1.0969433224128482,
170318025044,42.141470261620874,-87.94328014221398,,0.9018762798907205,
170318024043,42.1448678599531,-87.9337659820901,,1.210082142779148,
170318201017,41.77522089618581,-87.8913516274474,,1.166616831593733,
170318201016,41.77119568418281,-87.89447844093141,,0.6776206725946597,
170318206062,41.738876666400536,-87.8485415985305,,4.462530747373864,
170318206031,41.750515015644034,-87.85285036528838,,1.2706926593011383,
170318206052,41.737172698287786,-87.82647550947472,,1.540623693374911,
170311705004,41.94669437196353,-87.83220632133161,1303.0,0.5209801503412241,2501.054980974956
170311705003,41.950326780813874,-87.8323874598531,1325.0,0.5256775380170712,2520.556622978574
170311913011,41.92252754019181,-87.77951066255017,2104.0,0.39095040780326984,5381.756759948832
170311907012,41.9298864685297,-87.75891673238965,1376.0,0.24107129338755465,5707.855052604269
170311907011,41.92971240910578,-87.7637323896136,1579.0,0.2613309952113586,6042.145895181475
170312209013,41.91930860894143,-87.72379097380737,1236.0,0.23168369089707117,5334.859761661475
170312004012,41.92056320279675,-87.73650168995631,2458.0,0.4165732507292731,5900.522886903822
170312109001,41.93628027670389,-87.69332962655574,2040.0,0.7644429670797924,2668.609808515728
170312107003,41.93661462022498,-87.70510518543225,1836.0,0.44835618581977177,4094.9585576544873
170316007002,41.841334022278154,-87.66179532126894,1347.0,0.654081639017566,2059.3759550003588
170316108001,41.81271211269807,-87.63840457452302,1393.0,0.598994907328676,2325.562342779057
170315305032,41.667586746814585,-87.63571698341198,2182.0,1.1296318569686177,1931.6027487534093
170316120002,41.79676086515936,-87.6521426578952,1013.0,0.36676043554892324,2762.0209319575665
170316112002,41.80436679843463,-87.66297788130036,1669.0,0.4049386924770579,4121.611569866365
170316119001,41.79791298570137,-87.66267968232091,1374.0,0.4779554029599503,2874.7451990099853
170316118001,41.79839866726722,-87.66674714240767,1506.0,0.40574212282861777,3711.717160399741
170316121001,41.79791291712275,-87.64768081179972,1470.0,0.5876591012880141,2501.4502400764263
171194038023,38.95706398867755,-89.75977118531303,,127.5807053098198,
171194036011,38.75652178711439,-89.68725749409487,,42.647594832538864,
171194027221,38.92653964442139,-90.24005118319411,,30.489788815662894,
170139513002,38.942046514470384,-90.58523099948965,,294.3836147785744,
170139512003,39.141252332490005,-90.633405431564,,43.00782213123169,
170139512001,39.3333695224877,-90.73687721826926,,487.7847300300083,
170139513001,39.09278774010352,-90.65543111818853,,273.83756731654034,
171194006004,38.676886813863426,-90.15401013288545,,0.40947005387940477,
171194028011,38.95342797037441,-90.14918229253337,,13.807509136179803,
171194012002,38.85442142954709,-90.08160387808334,,0.6027704542115985,
171194038012,38.92956894530793,-89.83265217698688,,20.825708200315997,
171194038013,38.87755747856786,-89.89174872507903,,102.577999107261,
170978616071,42.34978293915437,-87.99333628537622,,2.060020547543057,
170978616072,42.34361118583227,-88.00091689780272,,1.170954648329241,
170978616081,42.346484884522475,-87.97317879447824,,3.982812114180919,
170318047094,42.041096742950934,-88.08984317308631,,0.9357386709683816,
170318245035,41.642464012384664,-87.74592125620845,,1.3330619419903191,
170318046073,41.99603687838243,-88.04575398874496,,1.661213299216606,
170318047123,42.034718012388474,-88.12692323399426,,2.2654335348222125,
170318051062,42.060634394006485,-87.99690804040232,,2.582705677438897,
170438413251,41.93414165091015,-88.14974886520508,,1.2399985349695266,
170438411024,41.98625606918196,-88.1153670901524,,1.1358312037003109,
170438411122,41.96151316685803,-88.10948842454225,,2.6788641447229637,
170438413222,41.94786609564645,-88.1512318737033,,1.6171605176479311,
170438413254,41.93483912826046,-88.16327148331219,,1.1461354481853425,
170438412051,41.927862798631246,-88.13529918137324,,0.8350473845072118,
170438413223,41.94592981957358,-88.15561814817428,,0.8982492360207401,
170999621003,41.35221928783573,-89.08109834811079,,14.47340445554804,
170999641004,41.16956855704797,-88.88816534536107,,153.05972059361747,
170999635004,41.30175084519807,-88.87183252584734,,58.82850811932046,
170999623005,41.34439005045735,-88.81339622532779,,9.59660102773414,
170999618002,41.593729275790615,-88.92735325397715,,5.668138518115338,
170999622004,41.34123435534424,-89.0393049164187,,38.46288980110081,
170999640001,41.28551865279547,-88.79451480115799,,157.60369431103672,
170999623004,41.39306702890053,-88.74955308779884,,141.89197531536627,
170999637004,41.245588695720244,-88.68539421751764,,347.5486736921885,
170999618003,41.58700690714782,-89.00517269308912,,274.48123184154184,
170999618001,41.56668295212124,-88.85205017657056,,160.21450972941093,
170438417041,41.8946816365709,-88.12869121338753,,3.3898600803607413,
170438413261,41.90601291763114,-88.1794601805059,,10.083007711522407,
170438415031,41.873822353440296,-88.19966010779991,,0.8910941837763966,
170438414041,41.89086946382304,-88.14811600710888,,1.663291170745811,
170438416053,41.83768121503816,-88.20665760084835,,1.4527827050462143,
170438416051,41.84890602749116,-88.21887649198455,,8.581007864549408,
170438426041,41.8540106451782,-88.13899876117874,,1.8143985754326546,
170438416033,41.83803222712191,-88.16625644178409,,23.05265745445053,
170438416072,41.82734083766289,-88.19587846926186,,0.9550173850221657,
170730302013,41.35728591700505,-90.3853584754564,,15.931881561504197,
170730302024,41.31308666962904,-90.18132754429074,,13.319663254958714,
170438415013,41.87453604224784,-88.2145005090517,,2.0819312806607857,
170978616032,42.335429749335205,-87.94855347201147,,21.75590117739774,
170438458074,41.742315237317854,-87.98340157739668,,0.8100134440686046,
170438426044,41.86099279063299,-88.14025420421702,,1.3095310909323497,
170438458051,41.73147632201966,-87.94878997379716,,2.64745155603335,
170438458032,41.71608557780637,-87.9553851359533,,4.1556407071581605,
170438424004,41.86646496941028,-88.08620683503939,,0.7730224229725599,
170438444024,41.82060102586022,-87.98693714607244,,1.6221620972796573,
170438447011,41.81361572045601,-87.97954678782743,,0.8470044916841087,
170438427102,41.853987777558324,-88.06962833994427,,2.5807408545911157,
170438447024,41.812731208258015,-87.9684114112483,,2.31904079236113,
170438447014,41.80470132598109,-87.9859208344723,,1.5016694424146293,
170438427033,41.85105835790625,-88.09735656760674,,1.1977660399695418,
170438462073,41.74390670907828,-88.14133709907308,,1.606590678973883,
170438462071,41.72924360771457,-88.13580653022295,,1.1250516340875616,
170438463152,41.777485452045795,-88.06200361251724,,1.8069682447752937,
170438463054,41.74995434598708,-88.0503648367954,,1.8071847994864056,
170438463112,41.73856057716508,-88.0537713323783,,1.4039855330471798,
170438464132,41.79273888898859,-88.1974605341514,,1.5094084999914912,
170318243003,41.64325233002421,-87.70687706013439,,2.504612485013229,
170318133022,41.864060719875845,-87.74472507505742,,0.5924400307377381,
170318241074,41.60681112750881,-87.80398679222833,,2.4577044995858692,
170318241233,41.58410865314992,-87.80333702972258,,2.4381819394252076,
170318365002,41.82798350377585,-87.59979544808652,632.0,1.4689648858394067,430.23492671089815
170318364003,41.819734631640515,-87.60474081562229,1046.0,0.427023516727034,2449.513806680193
170318355002,41.812750972954255,-87.63247953602918,912.0,0.8379023098081467,1088.4323737081227
170318356001,41.80547617367683,-87.63231580132472,553.0,0.8283021286578671,667.6307845496536
171499527005,39.60454578853617,-90.80564787077655,,1.2151774106525897,
171499524001,39.70367416296993,-90.6780591167471,,140.12755073778015,
171499526002,39.618370551495175,-91.0892349197278,,200.94493193672287,
171499528001,39.60439755950013,-90.68977172321813,,268.6429862828829,
171770008004,42.29182825575699,-89.61370156112343,,0.3607842340798068,
171770005001,42.343315630349124,-89.6608188648119,,53.34648264886406,
170318356002,41.79817494827474,-87.63208679776658,646.0,0.8240169520651396,783.9644541061976
170999626003,41.36226846687743,-88.84031858079554,,4.220874536838053,
170999620003,41.54567046738897,-89.12157834823704,,0.867107620188025,
170999629004,41.334568191270854,-89.0978578867428,,0.4050079842725577,
170999623002,41.49692181620302,-88.70420990530685,,185.1909022628415,
170999632003,41.286675905670904,-89.12672810193979,,85.77056565995375,
170999641001,41.22350734206846,-89.1036081401768,,119.51515543614967,
170999619002,41.56323351829772,-89.14645088352113,,86.51401414673136,
170999639005,41.13107310664136,-88.87406184221936,,33.71241375726057,
170999620002,41.55102473124,-89.11209768160336,,0.8381959004928409,
170999623003,41.440392950923794,-88.64858339758838,,152.506590700612,
170999622003,41.362427018647786,-88.98245964661096,,122.48498342462584,
170999625001,41.35083279634529,-88.72522326172093,,21.536250117774692,
170999619001,41.56951080934453,-89.11358166807999,,4.61012878782373,
170999633001,41.33582575882514,-89.09194158051183,,0.665456234327961,
170999637001,41.306195618545274,-88.61271302833366,,8.471834590961086,
170999640003,41.25827292468922,-88.98769708660292,,246.32473764681325,
170999634004,41.28079277619718,-89.06499929131012,,20.468705356317223,
170730311002,41.1798335678239,-90.0706632644083,,26.080274316295153,
170730301001,41.45686798290685,-90.34640138571343,,26.37496010366639,
170730301007,41.49749494106608,-90.34235757685721,,21.22161437956276,
170730302023,41.29766071158805,-90.23908509479247,,76.18585416698654,
170730302032,41.506809027819706,-90.22754326199316,,41.08671571942355,
170730304001,41.489684709860235,-89.92446038839711,,384.7834111681961,
170978619013,42.39534601038558,-87.86931130717933,,1.037319538915343,
170978619021,42.38673236232242,-87.87336415278308,,3.211167622337927,
170978616082,42.349433451831715,-87.98505271141471,,1.0091781022955144,
170978619012,42.40152581088303,-87.88022558767892,,2.6569221240310297,
170978619022,42.37958427475654,-87.87909319756746,,1.9540455062694533,
170730304003,41.41408043598246,-90.00634740882391,,12.552084819325664,
170139512002,39.2456855619845,-90.63066428845113,,124.62094098141881,
170999637002,41.319262509153866,-88.67496043721519,,7.365259902313547,
170999636002,41.335423937262114,-88.85096011448225,,2.3905548329089163,
170999626001,41.36761930822909,-88.81870826945334,,11.903736308153148,
170999624001,41.35917895775185,-88.64745071827143,,143.3471081801733,
170999620001,41.54447229803405,-89.08926907175288,,52.15074227790255,
170999621001,41.47587385017261,-89.0802212775767,,151.88329028794828,
170999621002,41.41021394520842,-89.08890396314106,,203.09758627763708,
170999622001,41.34915515826634,-88.91890241177623,,60.22917146412408,
170999618004,41.50842290615147,-88.93143928506959,,223.8587158269513,
172010024003,42.2667188001186,-89.14121390233528,,2.493229482609925,
172010001042,42.334585675847144,-89.04278772966394,,1.2288363541779743,
172010002003,42.32115667936171,-89.04412278264734,,3.984997070728095,
172010004023,42.28106506725618,-89.03485072943064,,1.695586680590321,
170310103004,42.01496559744054,-87.66855583146831,1460.0,0.23503494006377312,6211.842373750266
170310201002,42.01747684348672,-87.68664089974449,1552.0,0.3321721624553486,4672.275932239276
170310102011,42.014417471671536,-87.68194824472982,1445.0,0.19770433078052965,7308.894015094113
170310103001,42.01592999723402,-87.66500600835441,947.0,0.15754213829638933,6011.090177145984
170310104002,42.010072927383995,-87.66065476008356,833.0,0.26376415053528346,3158.124401324093
170310104001,42.006410940374266,-87.65881571261139,1465.0,0.2633203863431239,5563.564676268582
170310105032,42.001535512611156,-87.66301414009618,808.0,0.15253703062455498,5297.074400174736
170310107021,42.01022604337672,-87.67273767853032,1572.0,0.2132320392275643,7372.250463366525
170310205001,41.99902385750509,-87.68054689711889,2512.0,0.2505752057193422,10024.934401584711
170313011002,41.84551185994443,-87.69749514342382,1353.0,0.16612661253991942,8144.390470099308
170318036082,42.145787270370306,-88.0463376457911,,8.143325949093693,
170318041081,42.07603357455062,-88.05150665759525,,1.6706428833253866,
170318048033,42.00171142620262,-88.07743532067512,,3.5017379868816976,
170318070001,42.04482993220231,-87.74960421218414,,0.4270454278128496,
170318241141,41.615870090301364,-87.88263998693735,,8.89625078970266,
170310313005,41.975146484739334,-87.65305351684235,1342.0,0.10230716185406759,13117.36124509297
170313907003,41.80640734103506,-87.57931462012671,2698.0,1.6330158573127405,1652.157869697467
170318024031,42.14187022023458,-87.95312575775331,,1.021928065570058,
170318026091,42.10595466940545,-87.90460508725023,,0.6912691503446925,
170318206051,41.74028736687534,-87.83467534310947,,1.068448643633704,
170318236031,41.65016287612692,-87.69193109279855,,1.7682314951216414,
170318236032,41.650007829766736,-87.72373101939723,,2.704324656615647,
170318240031,41.66805267602837,-87.98916948448712,,2.3287916363592505,
170318236024,41.65245084495397,-87.76926188098629,,3.3166843134480994,
170312204002,41.92811379249309,-87.70098321379668,1401.0,0.3343260252339923,4190.520313276391
170312405001,41.91196832654172,-87.68362675130899,2251.0,0.42249097354397086,5327.924478759844
170312406001,41.912134176705095,-87.68971114891845,1457.0,0.29885632898433845,4875.252282431516
170312407001,41.91208780733732,-87.69459863714808,1535.0,0.2997439049146942,5121.038242418488
170312305002,41.91167128342754,-87.73637203197009,1164.0,0.6450557373587866,1804.4952282202107
170312315005,41.889938763376364,-87.7149312663658,1326.0,0.4550697505955443,2913.839028554809
170312409001,41.90471642103007,-87.7018866847284,1182.0,1.8073237101994226,654.0056954542894
170316705001,41.786578695507686,-87.67640439236835,1321.0,1.1205134508149224,1178.9238219668568
170316503021,41.77680330820912,-87.71847381479586,1972.0,0.5644869208045549,3493.437894343659
170316503022,41.773561797497216,-87.71706986795635,2372.0,0.6303487426082238,3762.9963219808506
170316609003,41.76806531178977,-87.7004424445355,1601.0,2.9574995990055357,541.3356608867635
170316611005,41.76152871667793,-87.70993224638512,1832.0,0.42311802915916524,4329.761139322315
170316709002,41.78266062949772,-87.6577443040596,775.0,0.36320169250282863,2133.8006292301743
170316702001,41.790424902418685,-87.66206265609262,1380.0,0.5878611580799755,2347.493078990359
170316708002,41.78258812538063,-87.6625936382595,916.0,0.36740615944991956,2493.1536296817535
170950005002,40.95026946114248,-90.42343901383273,,25.528099864645664,
170950005006,40.95827880590554,-90.39607629919051,,1.5183957276060398,
170316704001,41.79029978302451,-87.67176977681031,1956.0,0.5876374049280975,3328.5832106608896
170316715003,41.76747586666407,-87.66674004129591,1083.0,0.5158317458659891,2099.5218085731367
170316715002,41.76661458199123,-87.67426846336105,1405.0,0.5233696007799116,2684.5273357610113
170978617021,42.38115884677911,-87.83029858698481,,1.3382809903203894,
170978618031,42.404206415497335,-87.85866022368401,,4.197892729295879,
170978618033,42.39697081152145,-87.85027574781964,,0.7441446487128562,
170978619011,42.40637320940838,-87.87223075502379,,3.5299482217044407,
170316718001,41.76140113262052,-87.65644807743534,1422.0,0.5831841226238019,2438.337987670659
170316719001,41.76132574978708,-87.66128024619591,1378.0,0.5792704236339804,2378.8544068162323
171990207004,37.82254340871726,-88.89930877278678,,11.807982503324956,
170316809002,41.778181823650165,-87.63385273377496,765.0,0.4283208841908041,1786.044127746093
170316810004,41.777890827267946,-87.64841593363035,1236.0,0.4357163132691553,2836.7081111247835
170318051092,42.05629840764482,-87.98678178711808,,1.7347299221808354,
170318053012,42.047505582226336,-87.82112884070753,,1.0221137717637354,
170318051122,42.02757381846928,-87.92984904064859,,1.6976798407578486,
170318053023,42.05179710059465,-87.8105867484249,,1.0476156178876612,
170318062023,42.04052372743398,-87.89008624249716,,0.8858033997557891,
170438412102,41.921228147735135,-88.124627241942,,0.6584404422320638,
170438413262,41.92658238509561,-88.19002517205286,,15.495446752572507,
170438413081,41.97301339690454,-88.24231255418375,,19.724460025337756,
170438413101,41.93863697526037,-88.25415044757726,,6.559825345862187,
170438413272,41.96575622983169,-88.20124874185396,,1.550283413823413,
170438416073,41.817510531025,-88.18779554048797,,4.631960268446566,
170438417043,41.89453968781882,-88.14092413115391,,2.1523124717372792,
170438419012,41.87770589200097,-88.08619921331109,,1.389657943072023,
170438419021,41.871661365877635,-88.0863241208318,,0.9203497400834827,
170438419022,41.869969975236,-88.0980362453717,,1.3730555872209242,
170438464041,41.79002710947018,-88.15082612565494,,1.0390605086432207,
170438464131,41.80635971029165,-88.1855054346652,,8.377259976429743,
170438464123,41.781262572746286,-88.19278033603747,,2.3565082617828272,
170438465192,41.767414470664335,-88.19657906750462,,7.155303007482256,
171990212002,37.720271593660016,-88.94324578723025,,1.2816399087828099,
171990212003,37.72704087783327,-88.93984204831094,,0.9325000239067043,
171990212004,37.71914533079253,-88.93661786103787,,1.3241530684902405,
171990213001,37.72153721087618,-88.91557496612437,,4.046696771371808,
170978610081,42.42232064562004,-88.04089698888521,,3.722017800444731,
170978610082,42.42636747975755,-88.02619439769192,,1.605942572062838,
170978610083,42.41755952781467,-88.03281022328957,,1.517928578688799,
170978610101,42.41293506631772,-88.13299809160758,,4.153168708306049,
170978610102,42.40452111704979,-88.12857108304229,,1.2919375475200385,
170978610103,42.40149153308041,-88.10730115932269,,14.716855568392933,
170519508002,38.991041302108236,-89.10035818229449,,14.499736743301813,
171830012001,40.18804930376195,-87.60983872282428,,17.563957805675685,
170978610121,42.43089105206376,-88.07377431363386,,12.409481107331482,
170978610122,42.43054667175757,-88.10072082254088,,13.683725866329764,
170978610123,42.42428945395686,-88.12161568553499,,6.953492804299389,
170978610131,42.407401616428515,-88.05302712445155,,8.691805638397618,
170190106012,40.19100464283929,-88.40297930605135,,2.9591918191829283,
170190003022,40.114528767367915,-88.2305197277062,,0.18690848698469428,
170190014001,40.05980720740583,-88.2442818965307,,2.1102311424155573,
170438456012,41.78563040896142,-88.00579837104938,,1.2311184555702552,
170438412072,41.91957877143024,-88.08628303804394,,0.7255000166007036,
170438417061,41.88958661364277,-88.03974229803997,,6.5383727320265335,
170438413211,41.960425748572284,-88.16465181377414,,4.5693160282779175,
170438413083,41.96194637318095,-88.22467534216989,,14.113076013039155,
170438413073,41.925535732479545,-88.17052818535069,,1.152007681941243,
170438413182,41.968703907703535,-88.16950701676917,,3.9125989719740364,
170438416032,41.845277635458245,-88.1912966931123,,8.329550615311758,
170438421004,41.869892354376944,-88.05120359781978,,0.9097147148878305,
170438458052,41.72908212664377,-87.96223660995636,,3.705094486273812,
170438427103,41.847207414363865,-88.06989475234441,,0.8457612643869958,
170438444011,41.81970087554735,-88.01796742629081,,1.8642312031210229,
170438427092,41.8460044243559,-88.03899144953488,,1.9368541353700897,
170190004012,40.10652247142339,-88.23443979753249,,0.15383321634242098,
170190012015,40.111097547879304,-88.28607345242024,,1.1088013507489143,
170190004022,40.10624019585786,-88.23760210306033,,0.31974091069585736,
170190106041,40.18499494891533,-88.22973726528976,,259.47455196464813,
170190104004,40.32224090202187,-88.01080472005083,,398.21409749143874,
170190106011,40.21084257182397,-88.40539457730603,,20.700100796667094,
170190053001,40.127885729888014,-88.21438096544739,,4.083102086349897,
170190106032,40.20407874566631,-88.37325898130436,,14.291548176406614,
170978613031,42.375791706995,-88.10614462259377,,0.9906400437078768,
170978613032,42.372947379668965,-88.09568718799217,,0.41058928361286684,
170978613041,42.368630443020095,-88.09560712481753,,1.3513102085972313,
170978613042,42.36818975797355,-88.10601065841259,,1.0972184455444687,
170978614021,42.34612357730644,-88.1095046419149,,12.508662113798414,
170978614022,42.34637469395193,-88.08551542346972,,2.7317013550954954,
170978614031,42.361397228776376,-88.09861795357412,,2.218503551291425,
170978614032,42.355259269341005,-88.08746187371582,,1.4086085294590778,
170978614041,42.36087111649803,-88.07808588839575,,2.305561567239895,
170978615041,42.353871440654295,-87.88981357326955,,1.7996402684008321,
170978615042,42.35352619487681,-87.89833183882885,,1.5967166901060486,
170978642062,42.25576503442121,-88.12774900709567,,3.4153277448998685,
170978644091,42.194648609613765,-88.07721201061463,,0.946812573175392,
170978629011,42.33946976382905,-87.84122861639011,,0.5972405332671011,
170978608081,42.47111703127015,-88.13887400335639,,2.67417518142243,
170978615101,42.365217306261215,-87.88994956847097,,1.8452413067580271,
170978620001,42.372658514166304,-87.85090675363239,,0.7053441964757607,
170978639031,42.28007877666282,-87.95798597360779,,1.015489516763368,
170978610084,42.41192613298665,-88.02958417607442,,1.333763605443746,
170978657001,42.17343183209216,-87.79250901569252,,1.3911419161190142,
170978629012,42.3359430857338,-87.84164751675112,,0.5346935481144707,
170978609031,42.39143921678799,-88.16736918851774,,5.778341726985436,
170978603013,42.46234785522475,-87.84933315095684,,0.6268226838639198,
170978648011,42.195031564982344,-87.86833972089151,,9.756574603981615,
171790205001,40.61386770217587,-89.613059226279,,4.141274978090815,
171790211023,40.53755537490132,-89.62050499836081,,4.3602999688837185,
170438440021,41.887460589564675,-87.9444631748792,,0.9572599332189279,
170438433022,41.89379955414418,-88.01304656659026,,0.9475323787391791,
170438465093,41.76499294145625,-88.21929146369821,,3.481212254450061,
170438443043,41.85745326036759,-88.02281708230784,,0.7373934585709672,
170438443072,41.85937735908287,-87.98165798634982,,0.28176167420770726,
170438445021,41.83813822832047,-87.96472461314025,,3.132025903890841,
170438457032,41.76129251607999,-88.02805238612845,,0.8786773325112848,
170438458033,41.72149776284622,-87.9478055930694,,0.48762069840025757,
170438462014,41.73462467121739,-88.12030495164994,,1.0296607313246022,
170438463082,41.73969176973566,-88.0375905617216,,2.021257379520818,
170438465191,41.768508865285575,-88.17869718134351,,1.2157276618059385,
170438413121,41.904705161847126,-88.20513813050397,,0.2369596977335115,
170438429001,41.90303540051493,-87.94580801304822,,1.2115034604892978,
170438422003,41.874812041153135,-88.0650308355608,,1.3803899622343834,
171430021001,40.712820167833726,-89.59628391218004,,0.7611868594526472,
171430021002,40.71076872878857,-89.60011703342475,,1.1574313053779905,
171430021004,40.7127790596139,-89.61593634918191,,1.6307838744330105,
171430021005,40.71105977673496,-89.6076837767259,,1.093295107291092,
171430022001,40.72095568868115,-89.59765388587904,,0.8979370029531835,
171430026002,40.72575066478532,-89.56960466177281,,2.8612735768889914,
171430027022,40.731634558100595,-89.62607199075042,,1.4783933422221052,
170438437002,41.87898552068485,-87.98356809542317,,1.2877403058423882,
170438442012,41.863498633663916,-88.02535783537789,,1.897207908088229,
170438462062,41.751904659239486,-88.14092216822793,,1.8692354852244935,
170438433012,41.90072659978174,-88.0130011006717,,1.2962622670925859,
170438458112,41.74936293992113,-87.9495000390693,,3.046334023570054,
170438443041,41.856259523440336,-88.03002457033668,,0.7390096711781571,
171430016002,40.71042154022923,-89.5865864475317,,0.9475786674191277,
171499525002,39.71787229468778,-91.07376172272185,,125.73862128034088,
171499524004,39.69417812296299,-90.74846008790632,,76.60161102158575,
171499526005,39.42308162003766,-90.86650043919856,,29.75268174604974,
171499527001,39.61615063008931,-90.78321464688851,,20.553181318001062,
171499528003,39.44622856518808,-90.79479142071352,,153.85642743445186,
171499526003,39.53172887365521,-91.01038550126786,,268.88496921189295,
171499526001,39.612712773492404,-90.91617109023112,,385.48107030713703,
171499527003,39.6055976706723,-90.82639950632885,,22.497981887948367,
171499524003,39.70309569873003,-90.91056393380738,,243.00341623943345,
171430018002,40.698512562984014,-89.60511781377556,,0.7671354207576705,
171430018003,40.703190173955406,-89.60964399161692,,0.8534243029228941,
171430020001,40.70237431195785,-89.61522758917181,,0.34316358574134215,
170770112002,37.722737101068105,-89.21215029277738,,1.0882079913854286,
171430028002,40.7407725184925,-89.62054290327725,,2.1776379732996656,
171430028003,40.739318778343716,-89.63362313236995,,4.947750973759979,
171430029001,40.75345579013683,-89.59698545080269,,2.73633880726077,
171430029002,40.74306519266389,-89.59526047264136,,1.8261053062015793,
171118712071,42.18197546480556,-88.34513787142447,,3.8348008868406187,
171118713112,42.180793628575344,-88.28022051814335,,4.423785350160654,
171118703013,42.425752343432634,-88.61820398596382,,1.115707737130678,
171430013001,40.70135890803485,-89.57420042301158,,1.7848633114062384,
171430015001,40.70959714485909,-89.55959568918044,,6.770864212492609,
171430015002,40.71484712146333,-89.56537883575051,,0.665901711856127,
171430022003,40.71915690804937,-89.60813649183235,,0.42662554614465703,
171430022004,40.72124206567812,-89.6168944949368,,0.785122781567787,
171430022005,40.72273381819214,-89.61145865251774,,0.42916374712392324,
171430023001,40.73575029923449,-89.59347930370228,,2.3405981942284826,
171430023002,40.73296146495933,-89.60790331068168,,2.0594070553587436,
171430023003,40.72803488809229,-89.59986399720627,,1.3059889470988433,
171430024001,40.72710406650568,-89.5788560287212,,0.7341480784539024,
171430024003,40.722718659704924,-89.58856649151424,,1.0257727844312086,
171118703011,42.4695282723278,-88.64004331183106,,73.66745276463625,
171118703012,42.44160138555906,-88.6769672010778,,58.327397747720624,
171118708124,42.27441485899125,-88.2150948767781,,3.0462022249660508,
171118712091,42.19376228773236,-88.33296396086246,,0.5895266184786465,
171118711081,42.19895193875431,-88.36194386399941,,2.692629371235014,
171118711071,42.18902930661415,-88.3644790113903,,1.9800161578168474,
170770108004,37.740975545264114,-89.22522907048537,,2.874636601080914,
171499525001,39.6983868378917,-91.0250145498163,,14.322086895995511,
171499526004,39.46504520656214,-90.9300380659295,,260.3105317828055,
171499527002,39.61639039758535,-90.81093081599586,,3.8732043698549776,
171499527004,39.60394045742153,-90.81239349009546,,1.212627108547164,
171430050002,40.68436390897061,-89.62009600844036,,0.4949452718917865,
171430050001,40.689422016946864,-89.61356412522088,,1.0279356563611843,
171118703023,42.418452484127364,-88.62520909765495,,2.858719781185739,
171430024004,40.728973545506626,-89.58905345107468,,0.968268460947596,
171430025001,40.71504274442847,-89.5760987187565,,1.4280036809072303,
171430025003,40.71416349436097,-89.58927196841269,,0.5774782058030581,
171430025004,40.71781941058746,-89.59017910253759,,0.3774088319704477,
171118713113,42.170517184874655,-88.30569979715108,,1.9948610138488743,
171118712073,42.18762880939271,-88.34420301178962,,0.796478322551612,
171430022002,40.72310268961787,-89.60463267954688,,0.6345835988018138,
171430026001,40.731301977137406,-89.5581409037802,,4.913510169258596,
170898529031,41.77660970203413,-88.27244029067843,,3.915506853652932,
170898519102,42.058452058619146,-88.35486742789043,,7.087197392981332,
170898502011,42.1258840401653,-88.24613971800132,,3.6836896460800452,
170898502022,42.11151782533076,-88.25147719816486,,2.3293274917212585,
170898513011,42.04158522443319,-88.27427057870986,,0.4085038732395785,
170898511014,42.03672630169644,-88.30511715722585,,0.9611934050723959,
170898511011,42.03213569439965,-88.3083129673915,,0.6593616109768436,
170898520023,41.90322912419375,-88.28209425418848,,1.5624119489133266,
170898525004,41.89558477358619,-88.28437871812909,,1.4595372782404388,
170898521012,41.97722758836616,-88.37004990477595,,2.778396586352603,
170898548002,41.87047246293086,-88.35115314133706,,4.499031680633989,
170898527004,41.85024091320736,-88.33166413898705,,2.062374416549075,
170879778003,37.37548555985957,-88.84283565798036,,269.02940858221945,
171430039001,40.87231513099445,-89.67566373265693,,40.014188723585015,
171670025001,39.765306620157936,-89.62287877087667,,2.882979688942005,
171670027003,39.75030725167942,-89.64752049253666,,7.960679537648068,
171118708121,42.2797482805744,-88.2154281849696,,0.9190696299442698,
171118711092,42.18675908441675,-88.38833746670774,,1.1543678275545926,
171118713052,42.21595938356166,-88.24373913457015,,1.3772394942504624,
170898528084,41.844238998469294,-88.32068787347555,,1.712971465744764,
170898528051,41.819955975203065,-88.30528103077478,,3.1482674460334423,
170898528063,41.81769437502458,-88.28978210568141,,4.253892453511026,
170898530071,41.77888433974581,-88.34429488137283,,0.7924792907460132,
170898548001,41.85664975061248,-88.35816979916578,,9.709785260232666,
170898530072,41.773607601492955,-88.34504521333655,,1.0251624792860623,
170898543011,41.74805114904117,-88.29088952570424,,0.3948196529679888,
170898501061,42.148210786570814,-88.28349379458456,,2.5904046710058335,
170898519103,42.056251499478826,-88.3243478596136,,1.3851935171786944,
171118711072,42.1771181369865,-88.36012258007305,,3.6133207895797343,
171118712072,42.183073808277015,-88.33289684819569,,1.2573895189710074,
171118712082,42.199400810999464,-88.35056574958665,,1.4213151809093323,
171118712061,42.1721428141016,-88.32427704137785,,2.1652195168023747,
171118712081,42.193716571600895,-88.34444552664023,,1.9235617617247276,
171118713103,42.16111131677673,-88.30069037731221,,2.557487603705505,
171118703022,42.452223069084035,-88.59772598110173,,17.684800569401233,
170679543003,40.33189331196917,-91.14941952871301,,285.70068572243304,
170679537002,40.5915639291831,-91.01805138070397,,322.53241318980145,
170318001001,42.144811592354884,-87.7601049199964,,3.1343585473549216,
170318022002,42.0700586975666,-87.79790399001843,,1.6303856376082926,
170318180003,41.8534000858159,-87.86027250587428,,3.4368234741309127,
170318190001,41.83046522591374,-87.87689520909338,,0.8528391580276904,
170898528082,41.837195406443506,-88.33156891676175,,3.855643202886463,
170898528071,41.83900431074136,-88.36037682183365,,10.489157230387036,
170898529061,41.79273373910896,-88.2865553839475,,1.54498581353063,
170898529062,41.790732259409786,-88.2971549389622,,2.6466950944865264,
170898530061,41.77633894960039,-88.35491713582155,,1.4617441376746734,
170898530062,41.76651060470969,-88.35670730627521,,0.51511402708341,
170318174003,41.892446661471396,-87.84185740190023,,0.624809221743809,
170318208003,41.80686652618366,-87.77803140876885,,9.680626157474732,
170318215001,41.651377156958254,-87.63659423400489,,8.335256352296186,
170318227011,41.714949540822516,-87.72361073928357,,0.29395819500463544,
170318253033,41.585569127140275,-87.78449149300246,,0.7654330343343072,
170318262013,41.60367695399129,-87.57145098902149,,0.41640861540979685,
170318268004,41.63902391882875,-87.652243298451,,8.45305641126335,
170318282013,41.56814047030058,-87.55176187217012,,0.635537937565433,
170318285055,41.541711915789605,-87.56676458150355,,18.087272371072146,
170898521011,41.93896761600897,-88.3565448468411,,19.490892726160084,
170898543012,41.743833572049475,-88.30301090665583,,0.2404037392482728,
170898501063,42.11922333562616,-88.30743329960772,,5.799207861395617,
170898519081,42.01765425504428,-88.32637942691419,,4.0092367206885156,
170312420002,41.897475112367786,-87.66488349045937,1939.0,0.2222070991074663,8726.0938457337
170312422002,41.89777112848157,-87.67466646096031,1899.0,0.29552054148420603,6425.949243536735
170312424001,41.90124093776581,-87.68453739312062,1176.0,0.29631152460079113,3968.796021634253
170898528081,41.82055378267454,-88.33573360274521,,7.417575449199991,
170898501031,42.10472285549733,-88.30138462320546,,4.475746298723767,
170312425001,41.90117255694686,-87.68944479003625,1828.0,0.298494686852312,6124.0621040080705
170312425002,41.89747160996307,-87.68917544946444,1610.0,0.2611361419918677,6165.366416610914
170312426001,41.90431639789268,-87.69444932904179,1500.0,0.2247912438669529,6672.857777715774
170318022003,42.07654894684265,-87.79309434461565,,2.8922396068233884,
170318023001,42.08908859963544,-87.81752482390038,,3.2951878342814767,
170318024041,42.151083283800325,-87.9492174743271,,0.8700030412629924,
170318024021,42.14817672239021,-87.92417035688976,,2.8990031318971097,
170310202002,42.014467609998405,-87.69377052925749,1393.0,0.5358853101089494,2599.436808067743
170312426003,41.897959215170616,-87.69265058071248,1632.0,0.22396816679411433,7286.749824140131
170312430001,41.893707882583,-87.67821331416334,899.0,0.1779094516881865,5053.132317981817
170312431001,41.89458268006557,-87.6745720709016,1437.0,0.22258354253505916,6456.002917527732
170312434001,41.894829229610785,-87.65990150100099,1397.0,0.22436664745934062,6226.41562736352
170312434003,41.89108428550893,-87.66074757267582,1013.0,0.22731194552703504,4456.430996845787
170316809004,41.77853679822403,-87.64135862682518,967.0,0.47271011604446517,2045.6511658596276
170310203022,42.00752385150442,-87.6978968601061,996.0,0.2545232577149157,3913.1983809337826
170310203021,42.010765180303366,-87.69735755750136,1334.0,0.21514849923414167,6200.368604701423
170310206022,41.99951675457481,-87.69176142967713,1121.0,0.22213852291413294,5046.400711115377
170310206023,41.99945214780027,-87.69542323491481,1096.0,0.22210799955003135,4934.536361681644
170310206012,41.99912347383575,-87.70408335691796,3008.0,0.3711157550837554,8105.2877944272095
170310207023,41.992190052794484,-87.70188300659837,1745.0,0.2851996450071834,6118.520939800076
170312503002,41.91037292516094,-87.75936539879757,1019.0,0.2235009754048146,4559.264218665459
170312503004,41.91372778632316,-87.76320690244845,682.0,0.11056637017317404,6168.240839703979
170312504001,41.91466470365841,-87.77046361723639,663.0,0.6201102290278946,1069.1647532396632
170316406003,41.775916250836055,-87.77753058138735,1483.0,0.44593235020209243,3325.616541002056
170316407001,41.77654921757452,-87.74466102411421,765.0,0.29627872834419433,2582.0280931923016
170316407002,41.776511827195336,-87.74997415118604,773.0,0.34940528864994774,2212.330565993325
170316407003,41.77626485698036,-87.75478762468576,821.0,0.24157295585129349,3398.5592348565206
170316407004,41.77627235558482,-87.75922552156787,797.0,0.29515636714300414,2700.263618618978
170316408001,41.77664199619847,-87.73979078356506,884.0,0.29502267739312854,2996.379830225856
170316408002,41.77299374931647,-87.73969336894335,832.0,0.2929596930917089,2839.9811292113436
170316501001,41.78423534144415,-87.71545159325632,1356.0,0.30929810212948633,4384.1200145234525
170316810002,41.77430657451431,-87.64643566196007,821.0,0.22461329115785114,3655.1710531814747
170316810003,41.77421248340238,-87.6501075702166,606.0,0.22024254603784663,2751.511962161319
170316810001,41.775990107605566,-87.65319020395492,835.0,0.2935108824406015,2844.868963824471
170316811001,41.77062971673749,-87.64636853990984,693.0,0.2196335286903081,3155.255958106274
170316811002,41.76699204217863,-87.64628013912456,732.0,0.2201157282574889,3325.5233771560142
170316811004,41.77057558249412,-87.65000890268266,790.0,0.2205973493854694,3581.1853687306216
170316811005,41.76871230682271,-87.65299832363156,644.0,0.293659175481729,2193.0184845869685
170318392001,41.841965830893066,-87.62444351726863,338.0,0.5888791836581471,573.9717235381407
170310814023,41.89114836846386,-87.61619019843346,838.0,0.0641694408125457,13059.175666622974
170312207021,41.929808243727074,-87.7208074818663,1362.0,0.16788199041571733,8112.841625402171
170310101001,42.02216040139127,-87.66832280650142,579.0,0.12728047126630254,4549.0089268179045
170310306042,41.98623241616702,-87.65182201300894,924.0,0.37871271135546053,2439.8441676089706
170313007002,41.84532799490042,-87.71237680003786,1334.0,0.14815798855224743,9003.901936273718
170315401011,41.64953663833306,-87.59939471839633,1236.0,5.987350695638435,206.43521030100686
170317203004,41.71552873972866,-87.67827066837711,773.0,0.4394250236227027,1759.1169333672497
170317203002,41.719185459261574,-87.67837528165217,715.0,0.4437545381148458,1611.2511277911813
170317204001,41.710014933072635,-87.68421136311628,768.0,0.5992022965658916,1281.7040328475216
170317204002,41.70996871237489,-87.68915619309551,1156.0,0.5919113446438956,1952.995174801845
170312831001,41.868091425159996,-87.66405668376933,1231.0,0.19749608962455187,6233.034802563338
170318002001,42.14487431145569,-87.77797976678163,,5.1224040993139575,
170318002002,42.13399585101448,-87.76331499771094,,1.6792111793170375,
170318002003,42.126223801344466,-87.75453913445803,,0.9387531571565392,
170318002004,42.121311923602995,-87.75210514325056,,0.7445412421447036,
170318002005,42.13741898782721,-87.77563568149041,,1.4888427960792745,
170310207021,41.995705458113925,-87.7076733953838,1818.0,0.4167405782437981,4362.426158885945
170310208021,41.992275196518115,-87.69214774902383,1042.0,0.29099821939906917,3580.777924180429
170310208013,41.98495182566992,-87.69678861879062,1170.0,0.2947168110883967,3969.912661850405
170310208012,41.98861399342815,-87.69690684223065,1052.0,0.29900309066698855,3518.358280689659
170310209013,41.993685997005876,-87.68791086134769,2271.0,0.295961424125517,7673.297311330921
170310209011,41.99643607225479,-87.68555556021325,2089.0,0.296726811351489,7040.145750514827
170310302003,41.992648552861915,-87.66765894077139,1009.0,0.2956027203643746,3413.365069023236
170310303001,41.99619683616734,-87.67261622869951,1712.0,0.28347284493585373,6039.379187757486
170310303002,41.992592360023295,-87.6724539945964,1610.0,0.28567543049965355,5635.766426199373
170316501003,41.78051443789074,-87.72035788461403,1042.0,0.296809814551194,3510.6655808387195
170316502001,41.78408330930333,-87.72596711346401,1259.0,0.37004285483097976,3402.308634158222
170316502004,41.784025014602086,-87.7314661666934,1408.0,0.29643628772781894,4749.755877704128
170316502005,41.78398533280017,-87.73579254029019,860.0,0.2280900988329674,3770.439858635803
170316503012,41.77345014827389,-87.7339655828191,1842.0,0.5184306426173221,3553.0307211405834
170316503011,41.77687334582517,-87.7325797541363,1275.0,0.4425406425925651,2881.0913106886255
170316504001,41.76966459470544,-87.71515558004052,1037.0,0.2993982814633767,3463.613735294098
170316504002,41.766022790684914,-87.71520749953041,1133.0,0.28235671380479505,4012.654718680747
170316504003,41.76138233823179,-87.7157763422203,1667.0,0.6304777000703117,2644.026901846162
170316504004,41.76420000837436,-87.71955215813402,1456.0,0.39955699512323767,3644.0358140918484
170070103003,42.243982382112684,-88.85021770937966,,2.4446799115608147,
170978616041,42.3914514610677,-87.99003950476876,,1.236712544024913,
170978636032,42.2981069719987,-87.99532636909971,,4.915675985223907,
170978636031,42.300257574809606,-87.97031623496217,,4.881167716058768,
170978619023,42.37345834028379,-87.87434550359207,,1.7289680902614128,
170978619024,42.37648939375838,-87.86814072241005,,0.2167280598961229,
170978615044,42.33882778946927,-87.91114497060808,,3.2813393767272148,
170978611083,42.35064774355752,-88.06269137134225,,1.9293515881248577,
170978612013,42.382650987251054,-88.08451519524718,,1.690906389017722,
170978610111,42.39434524982247,-88.0705251746593,,2.983455774974998,
170978610142,42.392005313080446,-88.05804087475228,,2.5233086175101476,
170978611072,42.363911233411756,-88.04702015488905,,3.1406925164452892,
170316813003,41.758838384432956,-87.64303180300992,768.0,0.2224845081731374,3451.9257376893074
170316814001,41.7633547347912,-87.64618545907082,634.0,0.22008191813797767,2880.745521322299
170316814004,41.76329960338937,-87.64982265026234,769.0,0.22004594347041156,3494.724728262957
170316814002,41.76146815861191,-87.65280776067208,810.0,0.2904832769871102,2788.4565624614
170318425001,41.7769507402956,-87.62321580770244,2451.0,1.934999298276405,1266.66712602078
170316903001,41.77089872223008,-87.62821738829706,601.0,0.36616602281177324,1641.3319711778463
170978632023,42.279675436159756,-87.86282875598822,,8.913843000376435,
170978632024,42.288751927995555,-87.85247211253754,,2.8819534478014894,
170978630041,42.30720148613256,-87.8646260892602,,4.1196265568705925,
170978637021,42.29418796616991,-87.89579756446284,,10.009905478889445,
170978610092,42.400163884457754,-88.0125464400875,,4.963679679192792,
170317205001,41.703072691867575,-87.69191117662737,743.0,1.1641047537893752,638.2587113242157
170317206001,41.70461564560931,-87.67726546692958,868.0,0.520949453229827,1666.1885229334619
170317206002,41.70095031001073,-87.67714890393006,888.0,0.5246299375521616,1692.6216680337845
170317207003,41.703862250375856,-87.66449488868679,707.0,0.46672961360222714,1514.7956748305767
170317207001,41.702908941637936,-87.66995652101353,1567.0,0.7202295524571319,2175.695227520212
170317301001,41.7252303480216,-87.63539633348603,761.0,0.4485749584251772,1696.4834654873755
170317301002,41.72334596694102,-87.6402341749171,709.0,0.3637981617538072,1948.882854663243
170317301003,41.72698127197637,-87.64033055166595,954.0,0.3679175100231541,2592.97253870837
170318002006,42.12623494119374,-87.76902347866634,,3.588662266598343,
170318003001,42.115350719496476,-87.74602234424835,,1.1570317251725264,
170318003002,42.11013521991514,-87.74399175133104,,0.9046912000235195,
170318003003,42.113092739977056,-87.76011451982896,,4.196559030290421,
170318004001,42.11259492475053,-87.72445086306834,,8.658928062411402,
170310305002,41.988609925923434,-87.66746218457213,1933.0,0.3548770990994607,5446.956157230766
170310308002,41.98082288923543,-87.66417318494977,1198.0,0.25458003640108146,4705.789255653162
170310309003,41.97888829405908,-87.67135255802573,910.0,0.18512682884732368,4915.549008569082
170310310001,41.97522793535507,-87.6713462247168,959.0,0.18513374206381256,5180.038977818795
170310310002,41.97229306639968,-87.66981187869332,1097.0,0.2672194904881055,4105.239471852185
170310310003,41.97092827505632,-87.67206505153095,1600.0,0.31690775968392854,5048.787702755457
170310311002,41.97067781098563,-87.66381039468601,939.0,0.4440938599398994,2114.417884829747
170310312002,41.9714268905413,-87.6583303369982,1592.0,0.18499333619375682,8605.715388215844
170316504005,41.76913596816026,-87.72006727261159,1450.0,0.3709007273501228,3909.4018778540417
170316505001,41.76861110429589,-87.72441218645417,1210.0,0.3390456994279776,3568.8404307780834
170316505002,41.76947337356144,-87.72922741889707,1494.0,0.36877884975347863,4051.2084708727452
170316505003,41.76127588203898,-87.73274076030285,1717.0,5.130882313124773,334.64030067653704
170318350002,41.781055996719225,-87.68552228887893,933.0,0.22263286023400744,4190.756023254303
170318350004,41.781002464172296,-87.68918212825852,1196.0,0.22140538158007367,5401.856050041194
170318350005,41.784651433002125,-87.68927814302621,1013.0,0.22194460434760122,4564.201968223917
170318350003,41.78278128531058,-87.69227607616598,1561.0,0.2955050609282276,5282.481440746412
170316603021,41.78455445581965,-87.69537269770643,1239.0,0.2214850781140858,5594.056315440797
170316904002,41.76747769840609,-87.61773490728488,1036.0,0.2931349416010717,3534.208492312376
170316904003,41.76737626633603,-87.62254236658153,783.0,0.28797619436542615,2718.974746247308
170316904004,41.77101592566854,-87.62271462473558,859.0,0.29708929048822225,2891.3866218077424
170317302021,41.72767425983458,-87.64761689655073,1159.0,0.808235748466454,1433.9875490524712
170317302023,41.72293642922373,-87.6469983482955,807.0,0.3674261689887971,2196.359617555182
170317302013,41.72959227933253,-87.65745192720068,1342.0,0.3436036571750203,3905.6627366350463
170317302011,41.72701976219378,-87.65425282845847,1076.0,0.46133111829329926,2332.3811408618535
170317302014,41.729449514592055,-87.66107454170627,1372.0,0.3321158740105649,4131.088295876984
170317303001,41.7274695683634,-87.66456673336363,1166.0,0.5343016937664913,2182.2876730568314
170317304001,41.71944925300875,-87.64725293388787,804.0,0.525185930144981,1530.8864039408872
171635009001,38.61552128713549,-90.15389656685004,,1.4974358747611645,
170318004002,42.10375345549601,-87.72623363757931,,1.8033259821346224,
170318004003,42.09605677945908,-87.71867154202928,,1.28850685009908,
170318005001,42.099409863844365,-87.7296994400994,,0.8543310592429866,
170318005002,42.09775230730908,-87.73238894823231,,1.2200369891966392,
170318005003,42.09774082128602,-87.74553708394403,,2.033272211269993,
170318013003,42.07287949939573,-87.7002017492753,,0.6819528057579822,
170318013004,42.07754560617211,-87.70623036273436,,0.9826099813112775,
170318307003,41.96631722670037,-87.6572138369157,1806.0,0.14770316593122645,12227.226062580878
170318307004,41.96357606231089,-87.65719213657992,899.0,0.29539677301608347,3043.3643225718383
170310317001,41.968060557388974,-87.66348699274978,2007.0,0.23327951976485917,8603.412772895854
170310317002,41.96623690976698,-87.66327656856267,1679.0,0.22165650947430926,7574.783181337617
170310319001,41.964303635049156,-87.67029578686926,1094.0,0.2280286985908905,4797.641730012067
170310319002,41.962484639532256,-87.67007715989811,1210.0,0.23833949111890487,5076.791908548402
170318307001,41.958322498773676,-87.66034235371814,764.0,0.9835728156033228,776.7599794137896
170310321001,41.96025855414984,-87.65199436326046,1687.0,0.2339568755777036,7210.730592269772
170316604001,41.784390179407175,-87.70572311779901,1523.0,0.2938060132442581,5183.6924070503665
170316604004,41.784314310113345,-87.71052348881568,1646.0,0.28662662009449863,5742.66269984737
170316605002,41.77346063973444,-87.70543266028157,1592.0,0.29376042912380607,5419.382061594986
170316605003,41.77337878608065,-87.71030366681047,1220.0,0.29692755894721984,4108.746269041535
170316605004,41.77703037800155,-87.71039768770731,1457.0,0.2977189425493562,4893.877384904579
170316606001,41.77740967105523,-87.6854246088305,863.0,0.2214138323792371,3897.6787977810513
170316606002,41.7773410552616,-87.68908624053401,1193.0,0.22338409252195274,5340.577238653463
170316606003,41.77728827555515,-87.69273029285876,1182.0,0.22314683018779147,5296.960745556081
170316606004,41.777247433689,-87.69639073615602,1404.0,0.22151079244472952,6338.2916222933945
170316606005,41.77718375389171,-87.70065679706477,1691.0,0.29572537612027405,5718.143035896438
170316607001,41.7763228495817,-87.68101757626326,1164.0,0.4663534492412359,2495.9609538513023
170316607002,41.770946786230255,-87.68118659968144,1202.0,0.39855268413299627,3015.9124448372677
170316608001,41.77376857022059,-87.68532752190279,829.0,0.22173611251934816,3738.6783351659215
170316608002,41.77369686184807,-87.68898217240913,1034.0,0.21968729895160122,4706.689940358355
170316909004,41.76395897872968,-87.61099043177714,956.0,0.2194450799891153,4356.443079277141
170316909005,41.76207645261564,-87.6139803526388,1298.0,0.29674804754067824,4374.081011677322
170316910001,41.76383853422408,-87.6176413839081,597.0,0.2909865403569773,2051.641286458166
170316910003,41.76009791373667,-87.62237948838684,619.0,0.2926407851296713,2115.2212249762674
170316911001,41.76185039412876,-87.62645733130135,574.0,0.3925984010003033,1462.053840610412
170316911002,41.75997092623812,-87.6300644609426,800.0,0.24465855216612076,3269.8632151505903
170316911003,41.7597308069904,-87.63366769465797,686.0,0.18474373431652336,3713.2517784049396
170317304002,41.71865092824387,-87.65849998269367,1168.0,0.8033639181585606,1453.8865557682054
170317305001,41.71825576512662,-87.63521018875112,770.0,0.4117107787009166,1870.244938521173
170317305002,41.710945265369816,-87.63501476804063,777.0,0.4859187346188167,1599.0328107219916
170317305003,41.709689727969696,-87.63987035197226,1138.0,0.5509811371057726,2065.4064601517143
170317306001,41.7112181329558,-87.65612365951161,805.0,0.47019902550283854,1712.0409791133018
170317307001,41.70326198987016,-87.64454433714981,976.0,0.44041027221581286,2216.115430481453
170318014001,42.0740584319475,-87.76741738209864,,1.423080096975017,
170318014002,42.06763046770845,-87.7634133830281,,1.181665192473422,
170318015003,42.13998169802611,-87.81884540122505,,6.440100071606521,
170318016012,42.14183291306374,-87.8755592314405,,2.6727414099710565,
170318016031,42.080992390513444,-87.87866835274711,,10.239045923908417,
170310401002,41.97697009090767,-87.6800007902341,1555.0,0.26037945363994586,5972.053394621
170310401003,41.977644498873914,-87.68558979463042,1020.0,0.2806922344907234,3633.873241454815
170310402013,41.96982214820781,-87.69487927342682,1468.0,0.25724117386082074,5706.706970612159
170310404011,41.97383887885714,-87.6874305872721,871.0,0.17909479020810998,4863.346382035396
170318308001,41.96696071888347,-87.67662906819433,981.0,0.3054375815974345,3211.7855139809026
170310406003,41.96754249320386,-87.68594812060356,822.0,0.2298938663248917,3575.562989742098
170310407001,41.96672532060077,-87.6900705998451,804.0,0.15313588579315165,5250.239000713414
170310407004,41.96722860129217,-87.69809921966184,660.0,0.15990640560298583,4127.414392883309
170310408002,41.96325289885826,-87.69416580732798,788.0,0.19812693219673494,3977.248278480062
170316608003,41.77364193234385,-87.69265065962519,1206.0,0.21997684611693882,5482.395176076373
170316608005,41.77353418255061,-87.70056656207937,1691.0,0.29650372211834325,5703.132452836706
170316609002,41.76647696832776,-87.68573941279625,1249.0,0.2957486897435943,4223.180163816947
170316610001,41.7657627784734,-87.68105860469933,1027.0,0.3970290646195358,2586.71238838434
170316610002,41.76039351232216,-87.68071333058406,863.0,0.4459541841051582,1935.17637183218
170316610003,41.76017654964821,-87.6849533653312,960.0,0.32513179737662573,2952.648765042062
170316610004,41.7625241677295,-87.68704942552189,1307.0,0.33205731677795836,3936.0674617327313
170316610005,41.76058466021769,-87.69066918992314,1549.0,0.5124619850064506,3022.663232240538
170316611001,41.76267457578468,-87.695423087525,1368.0,0.296382961329744,4615.649947832248
170316611002,41.75890357045925,-87.70170572383634,896.0,1.0217149633359743,876.9569127915032
170316912003,41.752476467151574,-87.63639249309531,637.0,0.3148693766310785,2023.0611398781748
170316912001,41.75597233375254,-87.63623453408563,1449.0,0.4981237598520981,2908.9156486537286
170316914001,41.75672468985346,-87.6071744161034,657.0,0.22177796615629528,2962.42233341155
170316914002,41.753076709588086,-87.6070833849039,773.0,0.2222738183464225,3477.692540446887
170316914004,41.75665845116917,-87.6108177151318,681.0,0.21974946049071858,3098.9837175448397
170316914005,41.754782474758244,-87.61381478921147,829.0,0.29707591494956515,2790.532514696589
170316915003,41.75313017663506,-87.60342219236657,551.0,0.22161823714849355,2486.257480835419
170316915001,41.7567791228505,-87.60351384589582,603.0,0.2219614409338518,2716.688076374959
170317401001,41.70465580015805,-87.69872923122303,609.0,0.38852012090913873,1567.4863854539565
170317401002,41.70073131988306,-87.6988330132951,621.0,0.28012118340431963,2216.8976742600175
170317401004,41.691085036902095,-87.69863288045276,1124.0,0.577405206581967,1946.6398764460046
170317402001,41.707999997603544,-87.71652394788946,2414.0,1.5917547303466388,1516.5653061852686
170317402002,41.700472034233684,-87.71580847669176,1337.0,0.5934065449937701,2253.092776410204
170318016032,42.10090951067438,-87.87613459720326,,4.633150183049996,
170318016051,42.134615111664495,-87.85334640388233,,1.2254645373818127,
170318016052,42.12737231344126,-87.85358983246499,,1.148010682778994,
170318016053,42.133088593373,-87.86770244194392,,3.3290507040329764,
170318016054,42.12666353104009,-87.87029906641831,,1.390327809711617,
170310409001,41.964095480826764,-87.68384982913119,1236.0,0.287901748672204,4293.131270304548
170318308002,41.96422122166314,-87.67655417515874,547.0,0.15202462845430134,3598.1012126888927
170318308003,41.96240014052326,-87.67649702722201,863.0,0.1516815618028691,5689.551121062337
170310501001,41.95925676320948,-87.67555929080396,783.0,0.2581968282668025,3032.570172360532
170310503001,41.95910722318959,-87.69012323448192,902.0,0.2267740595252899,3977.5272440250546
170310503002,41.9555569092748,-87.69043048753625,741.0,0.18126653182137292,4087.90300423583
170310503003,41.957875557320385,-87.69319567016471,722.0,0.3062743627017867,2357.3634881839494
170318437001,41.947019194913615,-87.6920071183067,919.0,1.772206856683457,518.5624897760721
170310505005,41.94858163290018,-87.68648987273858,768.0,0.22122466767154123,3471.583924538977
170310508001,41.94500950291215,-87.68092794328604,1289.0,0.2945240637398723,4376.552406727834
170316611003,41.76259589365837,-87.7003160372414,1145.0,0.2963329323611316,3863.8972417841987
170316611004,41.76253864328503,-87.7052036153716,1301.0,0.29320168324147083,4437.218728135817
170316701001,41.79051245334765,-87.65599445593868,751.0,0.29423984385533697,2552.339581750285
170316701002,41.790475236432194,-87.65842219104309,765.0,0.29425495555680614,2599.786292646875
170316703001,41.789001255391405,-87.66627439217531,503.0,0.29398293260482866,1710.9836803898127
170316703002,41.79171646754078,-87.66756008367145,908.0,0.29349166615297956,3093.7846103156953
170317001001,41.753687462379354,-87.70787074406279,2203.0,1.0459625837567152,2106.1938870582057
170317002001,41.755919301005555,-87.71752606403818,1518.0,1.0579005127640244,1434.9175387332527
170317002004,41.75099398722227,-87.7260771689942,1636.0,0.7265778886299435,2251.6512346458676
170317002002,41.75118791664503,-87.73663645987462,1598.0,0.631668190419612,2529.809200837645
170317003011,41.747395529018064,-87.72733712641458,1770.0,0.5672836545095851,3120.1322053429503
170317403003,41.693248869173686,-87.7100812278814,823.0,0.36980789088872457,2225.4798241923972
170317403004,41.69690421423006,-87.71019851581633,811.0,0.36693267266629487,2210.214735327099
170317403005,41.696777321918404,-87.71690736840232,965.0,0.4504884846224158,2142.1191283254007
170317404003,41.68756195453814,-87.72381692004849,2175.0,3.8403669677114816,566.3521268375317
170317501001,41.695973526834045,-87.64492692086269,1059.0,0.5892035522107162,1797.3415062190104
170317501002,41.696539332494204,-87.64922034121801,853.0,0.4106033294562053,2077.4307922190883
170317501004,41.6947275543653,-87.65383534459316,1374.0,0.6410248498941286,2143.442645362234
170318016055,42.13342553962391,-87.8825761057626,,1.6293549580635895,
170318016061,42.120228247997595,-87.85367252289419,,1.1814654368757302,
170318016062,42.11116912997695,-87.85382912810914,,1.774020183399403,
170318016065,42.12182737457715,-87.87536663318683,,2.5957830192266154,
170318016071,42.09853545806355,-87.85399290616847,,2.3437635184755643,
170310510001,41.94130245292348,-87.68573169843906,1503.0,0.30139347097111346,4986.836626411367
170310512001,41.94233695724941,-87.67597932519332,691.0,0.14840918383553883,4656.046089207921
170310513001,41.93778155347875,-87.6758470718223,1203.0,0.29748469114740805,4043.905571611064
170310513002,41.934135011707625,-87.67583168768164,1480.0,0.2850322442981349,5192.3949995354415
170310514001,41.93772030670928,-87.6807253164738,1108.0,0.29479004911477824,3758.607196298521
170310605001,41.95271998817662,-87.66050083154047,1309.0,0.4130330483715641,3169.2379221490887
170318321002,41.95277620216688,-87.65566009884351,890.0,0.13071251024190486,6808.835652784187
170310610001,41.949220594289024,-87.65197028077289,1647.0,0.31264999645259567,5267.8714814881505
170310612001,41.94905994750866,-87.66164269457511,1889.0,0.3160039929886265,5977.772565892824
170316707001,41.78489776124236,-87.66677632055061,752.0,0.29333683863840554,2563.6057287948943
170316709001,41.784107079796385,-87.65585121488722,576.0,0.22407027664495155,2570.62207725434
170316712001,41.77669933692656,-87.66658225407801,553.0,0.4407314264046548,1254.7323990739578
170316713002,41.771205798315535,-87.67006382492897,687.0,0.21890229191934146,3138.3865101473566
170316713003,41.77117724073336,-87.67248078333479,651.0,0.21906987128303487,2971.6546423625646
170317003021,41.73642691270855,-87.73668719052151,1278.0,0.5192964942403919,2461.021813500613
170317502001,41.69650437148981,-87.66389334054416,761.0,0.5187834821451253,1466.8932728030009
170317502002,41.6952457506754,-87.66845013592396,878.0,0.6531624759959732,1344.2290888820332
170317502003,41.69716118030871,-87.6761133024935,757.0,0.6455127021692334,1172.7112378363984
170317502004,41.6935602168626,-87.67669224878476,831.0,0.5360105604469744,1550.342588972569
170317503001,41.69723511544783,-87.68440639352855,741.0,0.37263550784169563,1988.5383555954477
170317503002,41.69358582386624,-87.68428529198002,918.0,0.3725547549662078,2464.067329064868
170317503003,41.69535843405704,-87.68924770243407,871.0,0.4426623421937781,1967.6397040765544
170317504001,41.68867107459954,-87.68544020181334,1499.0,0.9603827735043863,1560.8359930595461
170317504002,41.68089276602075,-87.6826536657291,835.0,0.4419606996237946,1889.3082591071288
170318016082,42.113031638406916,-87.8393868441603,,2.279068935792817,
170318016083,42.10268327719229,-87.84396179138379,,0.9720862887140733,
170318016084,42.09721840050865,-87.84078085937234,,3.063863070161891,
170318017011,42.12130351142105,-87.84235452480172,,2.1759572270834964,
170310615001,41.94528179335706,-87.66154469636511,1707.0,0.29469500432914203,5792.429375875908
170310618001,41.94649014989134,-87.64711464457227,1112.0,0.1497286482630609,7426.768443446492
170310622001,41.94257624676369,-87.65542883655125,1450.0,0.2166621770875365,6692.44636738865
170310622002,41.94259304391295,-87.65783182467759,1420.0,0.2216463400224607,6406.6025175786945
170310623001,41.94162780302033,-87.66144316992191,1513.0,0.29538294512865365,5122.164380008517
170310624001,41.94155558583073,-87.66628816418708,1421.0,0.2947085533929225,4821.712785870319
170310628001,41.93750202945281,-87.66006678963076,1061.0,0.1792715694554618,5918.395221410691
170310628002,41.933700643056866,-87.66093603957101,1072.0,0.18355530826196803,5840.201572760042
170310628003,41.93708968493804,-87.66248204562459,1373.0,0.2260146101793049,6074.828520646313
170310629003,41.9371266834719,-87.65765715807886,1526.0,0.22105284932723548,6903.326533199247
170310630001,41.938132258004984,-87.65162766494416,1096.0,0.2925064159920062,3746.926358121157
170316714001,41.77599028899994,-87.6764468702674,1085.0,0.516597051228444,2100.282991201595
170316714002,41.77076611661209,-87.67592868786866,987.0,0.3751937919640806,2630.6405413405428
170316715001,41.772163259443545,-87.66645249593005,733.0,0.29431207084183697,2490.553642272843
170316716001,41.771329613122475,-87.66035193480344,1014.0,0.2198554664396182,4612.120937545522
170316716003,41.77130358359466,-87.66277816023198,610.0,0.22039574745292556,2767.7485026351983
170318349001,41.76683753995868,-87.65658921630937,720.0,0.29357868640186124,2452.494112649709
170317004022,41.73697024901579,-87.71572387135734,1248.0,0.5801211216459681,2151.2748862842127
170317004021,41.73963797532079,-87.71782630468127,1039.0,0.459484420304949,2261.2300963554762
170317004012,41.74728499163633,-87.7170381247562,1559.0,0.7291436890819227,2138.1245196855007
170317005012,41.746467866958064,-87.68046038545538,997.0,0.5560482614558251,1793.0098322575298
170317005011,41.74732387428791,-87.68583901211026,1272.0,0.554808063821081,2292.6847732519705
170317005013,41.74722475888029,-87.69192162362306,1345.0,0.548623545354258,2451.5900044565255
170317504003,41.68360351277307,-87.68693037656334,675.0,0.3841256508592713,1757.237504160569
170317505001,41.68834377731643,-87.67683542764904,1860.0,1.014385621842928,1833.6222043652062
170317505002,41.681146555278396,-87.67757554116412,718.0,0.7718236031405438,930.264372686277
170317506001,41.68867261261277,-87.64591352384485,1154.0,0.8813193331195043,1309.4005278601112
170317506002,41.68625574050737,-87.6531368708732,822.0,0.32005749317792503,2568.2885654017077
170318017012,42.13287115797247,-87.84366578495434,,1.7673992189703498,
170318017021,42.13287276540925,-87.83551721277992,,1.1262732238407624,
170318017022,42.1227330935444,-87.82040287388081,,2.9471569632526693,
170318017023,42.12308856465071,-87.83079488104012,,1.3485824321566215,
170318018003,42.10721468334132,-87.78517991626245,,4.416443485729201,
170318047013,42.053004639907854,-88.1576152454975,,19.349496848772688,
170310702001,41.93085660762299,-87.6465087436094,1785.0,0.29287098499767455,6094.833873741959
170310705003,41.93024792544445,-87.66220066522958,937.0,0.1751433029771592,5349.904815499546
170310706002,41.92688255867466,-87.66501319522276,1246.0,0.25555172460596826,4875.725264312697
170310711001,41.92219431069596,-87.65016316163208,1643.0,0.34489657764435777,4763.7468925371295
170316720001,41.762160615714976,-87.66554975711188,954.0,0.3330164772040907,2864.7231152329337
170316720002,41.76211843333712,-87.6692086140407,974.0,0.3308410994309578,2944.0114957762707
170316720004,41.760045841353,-87.6735461985557,696.0,0.7936807249125829,876.9269281128862
170318346002,41.79065215070924,-87.63409948625363,1100.0,1.4747295210945746,745.8994915783319
170317005014,41.74673976718867,-87.69752232986679,1725.0,0.5528400440712247,3120.2515420134096
170317102003,41.7551328998878,-87.65022151504047,991.0,0.22222748448003526,4459.394400826378
170317102004,41.755100527649944,-87.6526456150982,796.0,0.22267819604356354,3574.665208102705
170317102005,41.755033958733925,-87.6562789937832,1463.0,0.4434426375312792,3299.1865828346376
170317104001,41.75581611865785,-87.66539711070578,680.0,0.2234492438163334,3043.1966937374536
170317104002,41.75215241097143,-87.66530277396093,974.0,0.22026708318086283,4421.904471310595
170317104006,41.752992279171416,-87.67549287820468,897.0,0.4159964557055957,2156.268371273852
170317506003,41.68990060618005,-87.65325106136738,845.0,0.5630574207557296,1500.735038472364
170978615052,42.38939789146844,-87.93353464834149,,2.081581764705065,
170978640012,42.26461417681784,-87.9879043903447,,2.4742630678689324,
170318018004,42.13208147975519,-87.79465171712943,,2.3347210810617858,
170318019012,42.10140918927085,-87.8041992996441,,1.482938511889991,
170318019013,42.08386519466601,-87.80421791768623,,1.4218643030510207,
170318019021,42.085924665351676,-87.77804098364797,,2.976746304822627,
170318019022,42.089063791902674,-87.78572078115039,,1.7320550117290043,
170318019023,42.0841221778339,-87.7944747489002,,1.0604685717459477,
170310716001,41.916472193335025,-87.6411822853967,1783.0,0.293088195785397,6083.493042843444
170318326001,41.912335456205064,-87.65073901282595,707.0,0.2347925097710252,3011.169311531624
170318347001,41.79065059722781,-87.64627955498226,502.0,0.2945144422905727,1704.500451983671
170318347002,41.790614855176955,-87.64870928293233,765.0,0.2943469512664106,2598.973750903932
170316805001,41.79056409506695,-87.65235244007043,531.0,0.5884326767754392,902.3972001518248
170316809003,41.77410001517255,-87.63388429637108,932.0,0.39816232815359415,2340.753843594349
170317105001,41.74760730831935,-87.66458246179411,1098.0,0.22007287135774206,4989.256482300052
170317106001,41.74767707846407,-87.65972968155089,875.0,0.22011670207349365,3975.1640459698087
170317107001,41.75075950639957,-87.65657484182204,641.0,0.22009948205760146,2912.319438499388
170317107004,41.744036576220324,-87.65963419656022,1039.0,0.22049006940912602,4712.230363863254
170317108001,41.75061225352729,-87.6458603928265,660.0,0.22018505940593658,2997.478583609135
170317108003,41.74473580513317,-87.64742506389487,906.0,0.25685089419575713,3527.338313681316
170317108004,41.749658048273645,-87.64886487001355,1151.0,0.219929066431427,5233.50559649139
170317108006,41.74597204923822,-87.65179522723923,899.0,0.33018982360384547,2722.6762781114676
170317109001,41.74700967203788,-87.64154618118535,777.0,0.5773270948878633,1345.8574989467973
170317703003,42.000628749194235,-87.97325288156073,,7.63646516926111,
170317703005,42.003038852058054,-87.98432345389743,,1.156883234337615,
170317703002,42.01171822279204,-87.98201080456806,,2.255457138175837,
170317704001,42.029160635266685,-87.97725205472334,,4.848474200374805,
170318020022,42.07838056034753,-87.83251009556166,,2.5808152602566405,
170311503006,41.961450474704336,-87.76481311802614,990.0,0.303732547611253,3259.4465354009412
170311508002,41.94928007121975,-87.74965101021402,991.0,0.22338492554485556,4436.288606238149
170317110003,41.737789535526,-87.65096220604649,917.0,0.29392487769619546,3119.8447956753866
170317110001,41.74143068238232,-87.65106206785073,920.0,0.2938588125402654,3130.755181534462
170317111001,41.74045675369693,-87.65528834887013,990.0,0.3304906990710624,2995.5457227167817
170317111002,41.73738763874326,-87.65763440723812,956.0,0.33072260345648674,2890.640040954386
170317111003,41.740247675425124,-87.66066423047596,889.0,0.5141757928970085,1728.9806565788099
170317112001,41.74313659706225,-87.66602010965717,1355.0,0.3305956716321919,4098.662252019806
170317112002,41.73849567394303,-87.6649572759339,1025.0,0.3308699015795324,3097.89435396443
170317704002,42.01879037395368,-87.9826019274801,,1.356845428875278,
170317704003,42.01829753336742,-87.96719897986098,,3.2139535795756218,
170317706012,42.02918567232019,-87.90053810731624,,1.0308160458063813,
170317706023,42.01275321457988,-87.90161604627154,1.0,1.772778301066633,0.5640863267551994
170318021001,42.076905312065364,-87.81105221445237,,0.8624410702170617,
170318021002,42.071512532371614,-87.80845130454131,,0.6964357492653644,
170318021003,42.07031862614841,-87.81298358713944,,1.7918706340385766,
170312432001,41.89466742208089,-87.66968991976235,1148.0,0.2217534642912135,5176.920250916174
170312504003,41.911091691091904,-87.77341535953012,1393.0,0.22994229734609148,6058.04158729163
170314605002,41.74624644788917,-87.56858376603921,709.0,0.2937961713175898,2413.2377110986254
170318388001,41.70096056628189,-87.56139029582977,672.0,0.21852724682360908,3075.1314070342232
170318428001,41.81015608549966,-87.69059655064927,1155.0,0.1474636760197386,7832.437324059376
170316502006,41.78033719343476,-87.73564596499504,809.0,0.22385132112868109,3614.005921077168
170316707002,41.78124823638286,-87.66668681506627,739.0,0.29472311854654093,2507.438180094113
170978642071,42.27000011397303,-88.14588059306583,,4.176389250245935,
170978618034,42.40468169969373,-87.85030012439516,,1.7443904283064755,
170978618032,42.39316734484247,-87.84919562275174,,0.5984044237497033,
170978654004,42.19017297334108,-87.81969146063332,,4.8271804396019755,
170978642082,42.27377871062297,-88.13014013643527,,5.082190915922366,
170978609063,42.347248880966475,-88.15218666724401,,21.873392321036132,
170978645242,42.170626646537706,-87.92032029564263,,14.825162245075294,
170978615062,42.397893926197305,-87.92085663870817,,8.027307167464475,
170978609062,42.34843521294906,-88.12772655589411,,7.693484611514381,
170978660005,42.443120374098676,-87.89127539874814,,7.034704336971564,
170978601062,42.47220155528527,-87.87768909470319,,2.771227295362191,
170978601052,42.47939450925011,-87.85857830882608,,4.474501123989753,
170978601053,42.45307920148738,-87.8630409299104,,6.266779766790662,
170978610113,42.387839464439644,-88.08456354201914,,0.7921094543856887,
170978622003,42.371128003448874,-87.8175936030564,,11.143068962023412,
170978639021,42.24549431355583,-87.97127259477092,,0.5306567052500444,
170978641102,42.30432913057179,-88.0434000863838,,38.46322471439269,
170978608084,42.450608540451675,-88.14958852690292,,17.892807972156227,
170978608083,42.4390141696661,-88.13172107473746,,3.7581300759648277,
170978608062,42.491918990429525,-88.10316360094109,,2.098761123437125,
170978641092,42.25217299473214,-88.0888749434261,,23.48825840343761,
170978616042,42.39099388080733,-87.97722734273975,,3.399782491545384,
170978601051,42.45510500099812,-87.87720104115579,,4.627217672096514,
170978642072,42.31745443201728,-88.13876379836016,,14.771822205404169,
170978641101,42.31955939184386,-88.09686194362133,,11.040336748065087,
170978645212,42.190487802619785,-87.93461042414141,,8.0064133029894,
170978614023,42.335200608781854,-88.0947144070622,,3.2325587324914102,
170978614024,42.33572565038254,-88.07058292075104,,8.992518493454918,
170978614044,42.351105577573286,-88.07185713097711,,1.6379832477807816,
170978610114,42.39206754680141,-88.08109994496422,,1.4746978761785092,
170978645232,42.15684214353779,-87.92641906694992,,2.443194727878852,
170978642081,42.26407905320393,-88.13496396855716,,1.7138397781840782,
170978630044,42.29846878514567,-87.86869175690066,,2.0132873110675384,
170978641053,42.294343196261586,-88.02722079692326,,5.540696083669656,
170978641062,42.27214307397331,-88.01170023013547,,1.2051835530599742,
170978611064,42.352639123765364,-88.02862126167287,,2.331255513450961,
170978643053,42.221811960362054,-88.14934848161786,,1.3605489961014678,
170978630042,42.311970271141625,-87.85685104704658,,1.3077101714609987,
170978645241,42.163689611239306,-87.8973060614472,,5.4794639089737345,
170978608063,42.48221803485976,-88.10390234688877,,2.853448642635858,
170978608121,42.4745957362777,-88.07828359024661,,7.545277305608928,
170978613033,42.37650180557892,-88.09572323956621,,1.0313467125719822,
170978608132,42.49184622542827,-88.08623562163702,,2.1427537647485493,
170978608131,42.4868916993568,-88.07528295925894,,5.832664525365628,
170978608122,42.48069653119454,-88.03280019277443,,28.760718183237458,
170978608113,42.4553048899443,-88.0329547087934,,21.585591848863118,
170978616044,42.40271473148028,-87.97346894296429,,21.609225352099457,
170978609081,42.3898826933579,-88.18636470113597,,8.75195460750503,
170978609071,42.37621815538667,-88.18977254822214,,5.22286294106811,
170978641091,42.28799199211165,-88.09827120275563,,38.243933529075676,
170978641103,42.31985214023482,-88.06695307321272,,7.107530220801278,
170978609072,42.34841906419042,-88.18359750469374,,19.48012176541347,
170978642073,42.295764045768294,-88.14470051520333,,19.35069761911209,
170978601061,42.48231256643743,-87.87213302045674,,7.105361559270577,
171950011022,41.7887082027989,-89.69600992775959,,2.614580216180446,
171950011012,41.798643812402254,-89.69206318320371,,0.5091188888523558,
171950011011,41.80790328272305,-89.69412129819118,,2.6066656875662897,
171950011013,41.79763986951365,-89.70113159772295,,0.8775698909783708,
171950011021,41.79255218861571,-89.70046920932002,,0.7359513447300667,
170450703001,39.62007342721752,-87.68208411426107,,1.943836650019021,
170450703002,39.61505651866602,-87.69069131999039,,1.346523810286555,
170450703003,39.615298378999555,-87.70494077920108,,1.7610236841808815,
170010103011,39.89181859043563,-90.97165222441869,,467.93561186262366,
170010103022,39.79551033835096,-91.1338878186635,,296.4628484252205,
170010106002,39.87447412436427,-91.30408408822139,,102.66534160815185,
170010103012,39.95699141947308,-91.0871927796579,,238.08729074438352,
170010103021,39.885421479990164,-91.2056181755588,,183.22994662642384,
170010103013,39.8652159631794,-91.08459222393914,,100.05519144082461,
170010103023,39.82012906464919,-91.2368529581907,,28.741524029769575,
170190008004,40.15527704226259,-88.235188105659,,10.801983071687191,
170190109021,40.012855492676074,-88.28546455441698,,78.67856947963914,
170190014003,40.07830346249482,-88.24208681029175,,4.10743751228245,
170190008003,40.14844732170783,-88.2654853140441,,4.45322910733877,
170190109023,39.92403512574,-88.40624346039927,,159.46686486239022,
170190109022,40.010986108831965,-88.38796059052787,,213.46931610450346,
170190106034,40.16776890864425,-88.41127707181693,,33.40955306926809,
170190056022,40.085835661019686,-88.1468903820362,,30.205590294715766,
171635045021,38.633085969246096,-90.16587268018762,,21.700701781066627,
171635039083,38.549488014608,-89.8656517604762,,17.02748566894528,
171635034163,38.57886844822591,-89.99447617825379,,4.369373021525548,
171635034043,38.63351186229182,-89.95327728937058,,33.0840546842822,
171635016072,38.52463895243921,-90.02531181883366,,3.786558289743669,
171635043591,38.63118194266013,-89.7891799457251,,127.75751113642032,
171635045012,38.60985578872644,-90.15732263904508,,2.070399896880521,
171635043572,38.49331082529739,-89.80016195487232,,1.2046227929406037,
171635045022,38.65553436462188,-90.16042987928236,,2.75554925137141,
171635043573,38.48497698387659,-89.78025102333594,,5.303462042227505,
171635043571,38.517281914618295,-89.7636767860024,,101.34995851280955,
171635039032,38.46160724184888,-89.87642771244413,,80.49918796437758,
171635043561,38.5096162131867,-89.81218056202233,,5.60865586975004,
171635034152,38.58087633874671,-90.01860886211084,,9.773681187281714,
171635031012,38.489066583865444,-90.17386552841906,,78.80903508215849,
171635033225,38.55591240682992,-90.00676281798229,,3.0940972989074833,
171635043582,38.58381934600649,-89.83334221707177,,45.848735868452785,
171635040014,38.356515014411386,-89.9167370960678,,203.0082583724713,
171635043563,38.48653324900539,-89.8061416712408,,1.7213313229722313,
171635043562,38.5013662567301,-89.82030064818055,,6.05857934218051,
171635034143,38.57808112014163,-89.95478223811668,,3.621931926193724,
171635031023,38.50363263346201,-90.21448060087666,,3.8988977103693507,
171635031021,38.52935759246714,-90.230874844336,,40.39763360632912,
171635043581,38.57091755057038,-89.7493426659629,,93.6866395787374,
171635040012,38.31553927985415,-89.880304305044,,6.2769539937551935,
171635018011,38.52702028277086,-89.96452821669487,,1.3528591842396847,
171635018021,38.516650983730734,-89.97848851763736,,0.9291319404039321,
171635018023,38.51753897258528,-89.97174866850459,,0.7288619163414992,
171635018012,38.52053601787117,-89.96732660028749,,0.7721031024911783,
171635019003,38.50543713189968,-89.97700883674335,,0.738936248078534,
171635039072,38.547831286050624,-89.90015495761624,,16.83789644358814,
171635033344,38.526980659381955,-89.94432107590264,,2.311407230359114,
171635043593,38.606191645100054,-89.82685318712923,,8.047002390057965,
171635024043,38.62018116481496,-90.06385236320938,,20.205663468182717,
171635016064,38.51100476134667,-90.00416248299703,,1.6216732059615513,
171635016071,38.53298174291477,-90.02480772269024,,2.7080005776861307,
171635013003,38.60527422032096,-90.08830555576222,,3.351914159232255,
171635005002,38.62525733123108,-90.10676837691304,,0.5280790094941292,
171635022002,38.63672344900985,-90.09548883671178,,2.217493741368112,
171635043553,38.60418166624123,-89.91990919003491,,2.9321873216205665,
171635033345,38.526032584247204,-89.93405158121666,,2.371417431841023,
171635029002,38.58996566420451,-90.0779202523007,,3.9637773398862644,
171635014001,38.59757373449716,-90.06091688523942,,1.7076547702907772,
171635043523,38.586387493456535,-89.88846706768112,,4.2704884681228314,
171635033221,38.55990003305652,-89.99137879457716,,1.68594348314328,
171635039071,38.56056832967146,-89.91409047897521,,9.998682055859474,
171635016061,38.51873415540192,-90.00498585850781,,0.7615053856240919,
171635016062,38.51570451941602,-90.01400964948238,,1.2407410187993722,
171635034162,38.589199078777256,-89.98954200207476,,1.0706720384896078,
171635034132,38.589084576436164,-89.97553486233114,,2.141445794570271,
171635018022,38.525891832524636,-89.97612840662516,,1.1028423437032129,
171635016063,38.518213476428365,-89.99651270044666,,1.4121058474964432,
171635033011,38.53733697719568,-89.98946633404375,,1.7575269083193472,
171635018013,38.53000230869961,-89.9694943102554,,0.840246048053591,
171635039081,38.51650299950232,-89.88030178180657,,39.15819560916716,
171635031011,38.539768215765406,-90.15574568752,,19.304734816858378,
171635043592,38.613141037948374,-89.80641784849985,,4.368926063223249,
171635045011,38.59482516715511,-90.1469666415575,,6.283263044860125,
171635031022,38.547041848116955,-90.20181256513214,,2.0152779622202455,
171635033233,38.557170025695335,-89.97557507190362,,8.291951257214182,
171635031024,38.52632615483968,-90.20362128842885,,4.250069402117776,
171635033232,38.538931848936485,-89.97159033400409,,2.607776881095975,
171635043532,38.63701560348896,-89.89887332999133,,16.732243424018165,
171635034161,38.601106031560974,-89.99906018966645,,9.533240113324103,
171635033244,38.54775575676291,-89.94280043557285,,1.430186269219569,
171635034151,38.595440939180534,-90.0255383503249,,5.249645603555068,
171635039082,38.527700585863954,-89.84660948154338,,5.115357609529018,
170938907031,41.506293964824046,-88.26343189199847,,27.973649982205007,
170938901043,41.719484220765764,-88.26737916874488,,2.168923134232861,
170938907035,41.53854009534929,-88.58569470187939,,5.58665963810602,
170938907034,41.4999068231294,-88.53853764644828,,159.53256620126393,
170938905013,41.68095267493313,-88.51350311313082,,65.23659475772502,
170938906022,41.58852690772272,-88.54365758407238,,165.22404316504557,
170938904042,41.7145776997909,-88.40045052615501,,2.604182512573028,
170938907033,41.50300963570225,-88.42419584394617,,169.09743439689612,
170938906021,41.586219819948305,-88.42338189281065,,153.21002745362432,
170938906013,41.62536380517061,-88.47599771404681,,18.70194796869517,
170938904013,41.69205112463302,-88.467824751178,,41.778318750192376,
170938901072,41.67196285008008,-88.32308679218288,,17.927641370606462,
170938904011,41.651884260751814,-88.47271341388932,,9.288399257508882,
170938907021,41.58193981961524,-88.3159072501356,,89.31504624122736,
170938901042,41.72048867316254,-88.29268132600993,,4.776854209949298,
170938904024,41.68753607601282,-88.42919387696247,,18.474463878858206,
170938904022,41.679079528017105,-88.41102213993597,,14.919749549954869,
170938904021,41.66113310665608,-88.41094126270174,,10.239574000417788,
170938904041,41.71907595318286,-88.3883570077752,,1.7457648547098208,
170938904031,41.7084241828923,-88.40131458620444,,6.294911685041504,
170938904012,41.65774338519495,-88.44946523712278,,5.2377237529832925,
170938906011,41.63274222437193,-88.43295399528067,,10.614619841801465,
170938904033,41.687506175242355,-88.38109302937214,,3.9784247191522857,
170938904032,41.703870071910615,-88.37938463864704,,6.475080938094629,
170938901051,41.66453711850836,-88.28401342867535,,45.97469820953833,
170938904023,41.65018983026245,-88.4405243471404,,2.023654344544909,
170938907022,41.6213151129338,-88.31441191666003,,53.32184477881063,
170938906012,41.62989739043124,-88.4548737051753,,3.710888836619981,
170938901081,41.65345085277482,-88.39636364933494,,20.92373381991981,
170938901053,41.70665838958462,-88.27795691517619,,5.263812858660499,
170938901082,41.652312987404564,-88.36517753366807,,18.57884898352684,
170938901083,41.6478399305072,-88.33116152982063,,14.349922645739364,
170938907032,41.50489436373275,-88.31940324703861,,134.19908125818554,
170938905023,41.686501885030566,-88.57623349717477,,61.268290518121994,
170938905021,41.67874919715575,-88.53531678609399,,8.851954770177645,
170938901041,41.70785678954666,-88.26578594853011,,2.0073512169952834,
170938905022,41.66852253517417,-88.54660596166583,,1.9022537060792146,
170938905012,41.65894754018995,-88.52898051697535,,4.402935614650512,
170938907012,41.55323631758973,-88.26132407234742,,1.3016118309952114,
170938905011,41.64266264786775,-88.56743034858756,,22.98856660661966,
170938901071,41.6954663997479,-88.32316476248877,,3.668613053693649,
170938901032,41.69892386688267,-88.30643144328889,,4.972516598717866,
170938903013,41.693978362734455,-88.35707804565209,,3.1315821344511465,
170938901052,41.70087197257922,-88.28694967937538,,5.434176493393177,
170938901061,41.68422846520087,-88.3464596125735,,1.3799665601082685,
170938901062,41.678732495484866,-88.36128876145622,,3.1809734373907506,
170938907013,41.557927687476415,-88.27047995390416,,2.0290507781848808,
170938907011,41.559699435295784,-88.26125994615867,,1.289171102079262,
170938901063,41.66925238080771,-88.35367191097309,,1.9326181310137471,
170938901031,41.713770516194565,-88.30621207757392,,4.796735106066329,
170938907023,41.55588718164884,-88.30053241890491,,12.02956073597745,
170938904043,41.7133785698046,-88.42723084000346,,10.49923493115965,
170938903012,41.687770400577385,-88.3654160117762,,1.6824607900673345,
170938901064,41.66851522496436,-88.34534179738212,,1.7924109508232362,
171539711002,37.11325502588128,-89.22240022913405,,48.38804747787431,
170190107024,40.14004154604233,-88.06811734264097,,294.9730901780006,
170190009023,40.12618455036855,-88.32696395373681,,21.41606383552868,
170190109015,40.03079966682907,-88.24641366917768,,11.664049826441467,
170190107011,40.11282570075841,-88.04653547229249,,2.432813535169949,
170190009014,40.126080033451046,-88.26950068581401,,1.8112853349720903,
170190109012,40.01104872782158,-88.18108693822037,,159.8005693187911,
170190107023,40.13054995376532,-88.04673773379349,,19.046056106914328,
170190013023,40.06196569368891,-88.26297994045227,,6.174397334377125,
170190008002,40.14326914580969,-88.27170218321675,,1.6635315101741792,
170190059021,40.11162975967916,-88.22339785477628,,0.41189057271083984,
170190054011,40.128054550597774,-88.20416539595497,,2.5582575238560525,
170190107021,40.17101277042276,-87.97687965967755,,121.23317195119158,
170190110013,40.121652729457935,-88.25109160600972,,0.5913233416502021,
170190109013,39.9879053286704,-88.24741342521841,,4.373844637959024,
170190056011,40.10225956119621,-88.18659671746025,,1.1860039528081647,
170190109016,40.00050541205766,-88.25010952231933,,6.221461135696227,
170190107022,40.098051438587326,-87.96716553764716,,38.76931525816603,
170190107012,40.1168673767011,-88.03079163894455,,2.6512317505415344,
170190009022,40.13490266815456,-88.30524771071198,,4.431781415109435,
170190059011,40.10368062196141,-88.22003620975573,,0.597723865384387,
170190056012,40.10201144738068,-88.19789326735719,,0.5375529265492729,
170190056021,40.091277732202194,-88.18575611078796,,2.2744835985768965,
170190109014,39.9198260047005,-88.25451115253142,,49.31134760501092,
170190107013,40.11123135490742,-88.02519100027845,,3.982249649060114,
170190109011,40.0037618642078,-88.1566576553114,,2.2347494428886536,
170190109024,39.923119415889374,-88.31075687836052,,110.69111036505535,
170190109017,39.97387672672125,-88.25064560345007,,6.201656925642921,
170190056015,40.10216377559573,-88.1718737499301,,2.2139042842280063,
170190059022,40.10615456499344,-88.22446649439269,,1.2435852877917575,
170190056013,40.10198822251412,-88.20256270350227,,0.5664325808174379,
170190056014,40.1015352070999,-88.19340777291991,,0.4824881716926571,
170190053002,40.12376137493811,-88.22646579910531,,0.521728850967298,
170190009013,40.13034328110496,-88.27438640524755,,0.5476943620484545,
170190110012,40.118239911708905,-88.25400427880388,,0.491473117171675,
170190110021,40.114454732408475,-88.25230867849764,,0.6534780741927362,
170190110011,40.11823637708412,-88.24765157595854,,0.31276674910095476,
170190003013,40.110843105545044,-88.23529987930229,,0.2049519191504116,
170190110022,40.11605773080717,-88.24311615901253,,1.2026409842912147,
171090104022,40.45979056825489,-90.67439170397489,,1.1689216893464065,
171099800001,40.47142648229258,-90.68452824875502,,2.886887788327399,
171090107004,40.444586841013106,-90.64196419318088,,18.89846206731923,
171090104023,40.46293167105586,-90.6957568736792,,1.9400652109788312,
171090104011,40.46783619336585,-90.67716617500805,,0.6435777940026896,
171090104012,40.479374290935816,-90.68183950554206,,3.0284845673812404,
171090104024,40.46941329636967,-90.69531632909231,,1.9574345557942128,
171090104021,40.4639898937773,-90.6757755453801,,0.47636076488370127,
171090107003,40.45143410482463,-90.6617554730098,,1.283070020288426,
172030306012,40.71463043360834,-89.27752500693929,,2.1738783967224875,
170879776003,37.56474863232995,-88.7802206267848,,145.25853762446084,
171770006004,42.341322937301534,-89.57134783534255,,128.71106537088164,
171770006001,42.29024773024574,-89.45979183552957,,176.75120186390572,
171770001004,42.43513390083129,-89.45491218176774,,81.66547915902693,
171770009004,42.29803912478894,-89.6473189422651,,1.735225581929833,
171770006003,42.241741608357856,-89.5650340409962,,154.6978300562754,
171770003001,42.376198808621915,-89.81172417205359,,4.696172953674882,
171770001003,42.447281077942755,-89.40931001070865,,9.22062167485066,
170910102032,41.23703281778292,-87.85141141051146,,6.677880165440376,
170910102033,41.21972607399779,-87.83635334927283,,28.24363984677203,
170910107013,41.18426338844314,-87.80938227905418,,44.32786221478811,
170910102031,41.24839020480385,-87.83910419787374,,0.6528060092514743,
170910102041,41.25828927278831,-87.82840405866646,,4.117314985010337,
170910102044,41.255050640378606,-87.8042541832292,,65.42050374061937,
170910107012,41.169794964565135,-87.83025253343499,,3.1760502526072383,
170910106013,41.177476909823525,-87.88661750398529,,2.4696702144968197,
170910115001,41.12304716575458,-87.83853106189045,,1.506352428212078,
170910102043,41.257189492850245,-87.84426445029891,,2.308165910552389,
170910102042,41.25338103546058,-87.83625221570382,,0.6294487342113478,
170910106012,41.17536643909808,-87.87990157394798,,1.5260025235582801,
170910117001,41.13213190465095,-87.86990000761779,,1.5595301086436575,
171419613012,41.92795086089881,-89.29703948941105,,256.7107112330707,
171419610012,42.01663187286178,-89.04604511201697,,244.01527564554928,
171419613022,42.05790889012896,-89.23278920375364,,189.13844836667386,
171419612005,41.96078603832812,-89.08029069813405,,20.694526063262796,
171419613021,42.15752569367404,-89.20494482281728,,98.7830792835364,
171419610013,42.10352399644107,-89.06003497814865,,119.5141172614048,
171419610022,42.112390579988904,-89.14295654530761,,95.65882248605068,
171419610011,42.10152396556297,-88.98099961383286,,136.28400562921854,
170290007012,39.48718769835371,-88.1337793804362,,19.76449577627525,
170290007023,39.48804942437201,-88.17404975316374,,0.699623920301103,
170290007021,39.486252003577384,-88.18407174346258,,0.7402804652247134,
170290007022,39.48673754310686,-88.17938080969702,,0.7345236086162105,
170290007011,39.48860740890368,-88.16239424324098,,1.9474743085217505,
171990208023,37.6383414297328,-88.84191322194256,,131.22910399854445,
171990210021,37.75213369147228,-88.99120450535253,,44.42059452644669,
171990208022,37.66413168273092,-88.74785021474217,,161.14014209670367,
171990208011,37.83000719432303,-88.7975839681741,,193.53650041754491,
171990208012,37.77219749857407,-88.8542680067495,,55.00007833479733,
171990210011,37.73170464519218,-88.93391834643936,,1.2181578926338343,
171990208021,37.75117362461052,-88.77196262402224,,147.7075329626834,
171990210012,37.745058187853246,-88.93470601275192,,4.781371311902427,
171990210031,37.74297263746395,-88.94944687032941,,6.635388461038063,
171419614005,42.015389362652996,-89.30541413347659,,31.917772642213627,
171419613011,41.97815918128134,-89.22285281305744,,165.04815479664916,
171419610021,42.07058732274478,-89.11495812259952,,38.748623344361555,
171419612002,41.928418078760636,-89.0746447174655,,1.3189957522033784,
171599781003,38.742262124955026,-88.07669778497211,,2.500276708519076,
170770110011,37.744331054570026,-89.27478933316716,,14.88916518774714,
170770106023,37.76039845090666,-89.34615136834798,,1.0845188406749922,
170770117022,37.70888042997744,-89.22324481250227,,7.925889742355331,
170770117012,37.68612814228741,-89.19358922826106,,15.155776591023765,
170770106011,37.733741106086775,-89.36318712635654,,102.14666475084805,
170770110021,37.71566046826235,-89.26791048361501,,24.51195382607326,
170770106024,37.75808855898932,-89.35050277787474,,3.989952739026508,
170770106021,37.77694797023965,-89.34757324396399,,1.3558442453872452,
170770106022,37.76644335550981,-89.34810887478687,,1.259580529444998,
170770117021,37.69092063745671,-89.23256370657073,,7.345671726571784,
170770110022,37.72232926843219,-89.24174501681047,,1.8589559284575297,
170770110024,37.72143119938096,-89.23049663372115,,0.8696547638648808,
170770110023,37.72179633565096,-89.23523838654289,,0.8194790223758556,
170770117011,37.683177842676734,-89.21853991178182,,5.384857636690348,
171978812012,41.54877863986109,-88.06157152240351,,2.5275680813960357,
171978812011,41.54866261267708,-88.04079079561733,,4.646654890512143,
171978812021,41.538423975004186,-88.03178625088839,,3.629029443562375,
171978821001,41.52800734135227,-88.06890562640876,,0.8952402113402993,
171610201031,41.71612223910493,-90.27491867153965,,121.77155068240955,
171610201021,41.62381923033925,-90.25640456557205,,208.6232353565084,
171610201011,41.56932058647874,-90.2175329019623,,97.79346314439924,
171610201012,41.54675943174556,-90.31836665656125,,62.92045487287639,
171610203011,41.503062010334446,-90.4109803703481,,2.076913532360897,
171610226003,41.50833063417631,-90.57913820314045,,1.3275760717375602,
171610226002,41.51006055003987,-90.57239060804774,,0.8981345638742142,
171610201022,41.61928918101047,-90.32018625394451,,40.83090241072716,
171610203022,41.50493646709908,-90.4203624252148,,1.9575115496362534,
171610203021,41.51581505157681,-90.40844276144765,,6.128219694974488,
171610212003,41.475805348350555,-90.47190948490737,,0.9808235487068381,
171610206002,41.52418916001956,-90.44469411723722,,7.76773064552671,
171610212004,41.47460650840901,-90.4630093492798,,1.2573226448233967,
171610203012,41.49157625713291,-90.41522491640026,,3.7598893977921324,
171430034043,40.82378560325428,-89.62187767649236,,2.194647622141385,
171430034041,40.80761458798423,-89.6322121643956,,6.23362941851281,
171430036012,40.87608168627553,-89.51592502465208,,10.616493880871264,
171430034031,40.803832900656566,-89.59174898512694,,20.500754127549556,
171430031042,40.773815083609165,-89.64271398381494,,3.0179030432152207,
171430027024,40.72820658341414,-89.63971852022213,,1.8112728864157759,
171430034042,40.81658506285131,-89.63223168729307,,4.486626743077783,
171430031041,40.76325147895095,-89.6404728682991,,2.72043417015478,
171430034044,40.83477634439173,-89.62916134081665,,5.2524326941452735,
171430041014,40.763652038698744,-89.67876579656284,,3.8267780827253817,
171430034032,40.791129397620395,-89.6313072598099,,17.871301614476653,
171430051003,40.674849308608216,-89.61277518753954,,3.4419795008092127,
171430032004,40.778764794974165,-89.61585881129592,,1.7086737137390597,
171430031031,40.776345992871015,-89.62449483852309,,1.9641821757645812,
171430031032,40.770733023373126,-89.62818708745854,,1.1712978344946499,
171430031033,40.76519233241977,-89.61995983325102,,1.8480191264799348,
171430032003,40.77746146313616,-89.60723937425486,,1.4962800114698194,
171430032002,40.7652007389597,-89.60770817952472,,1.1790549243359303,
171430051002,40.65994255716674,-89.62797376521769,,6.921395334404157,
171430051001,40.67950558125768,-89.61904933176176,,0.47723157216731227,
171430003001,40.6694328310966,-89.62808066319786,,0.8221164086914248,
171430009002,40.695744552479674,-89.60081677204788,,0.8826653111892302,
171430013002,40.701470608441966,-89.5807148480287,,0.8077648811312909,
171430012002,40.69179179779446,-89.58784938661434,,2.300337881219736,
170850201023,42.48759327075194,-90.09486386533264,,134.39752854560106,
170850201012,42.47446238243922,-90.33652355567705,,194.44502060087714,
170850201011,42.461662611348764,-90.20350135025019,,112.34745721542053,
170850203004,42.405996147729425,-90.38534936027537,,45.63116783348181,
170850204013,42.402330239968464,-90.27601519957909,,108.3665793412055,
170850201021,42.49848414772783,-89.97279369268425,,14.768891556781831,
170850201013,42.42852921262894,-90.13428303987216,,60.19179420974093,
170850201022,42.43657908882515,-90.01340810170903,,249.49468395551958,
171719707001,39.5821859179556,-90.51806909013048,,242.40951875138384,
172010038102,42.33433583796121,-88.97180568774634,,3.7608617363812913,
172010038103,42.322756132657105,-88.97018936363017,,7.396700905210454,
172010038111,42.35170826456106,-88.9733509057459,,40.97336055738002,
172010039013,42.446742233320094,-89.11993336310954,,116.58464627125453,
172010040043,42.48379123641603,-89.00734545941914,,10.391020546792582,
172010040044,42.47704402074715,-89.03982851494854,,4.9037204413077005,
172010040041,42.4839750407734,-89.047524727964,,3.492785337472789,
172010005162,42.30502087113756,-89.02039437197517,,2.5622265719058857,
172010005161,42.29984131057885,-89.01110566687173,,2.6941051860951455,
172010039034,42.43914636934718,-88.95987888956434,,14.647515007938962,
172010038062,42.37916029418235,-88.98309844375777,,8.330126059706652,
172010038014,42.36443592023472,-89.06869527490431,,21.75193191719096,
172010038104,42.33624150273378,-88.99172374183078,,3.595662065040166,
172010040051,42.449042221322664,-89.01695075427541,,11.224297232855703,
172010040052,42.463776535154565,-89.01735275080283,,10.805711511184372,
172010043004,42.337142229900024,-89.33209598194996,,140.67997984700537,
172010038063,42.401573026872505,-88.99101699900335,,7.245072610457416,
172010005151,42.312623249491686,-89.02511926934146,,1.4969412476429194,
172010039033,42.44894312868708,-88.97528796305396,,10.204311747462937,
172010040042,42.48545880358491,-89.02670497104741,,5.476407155855772,
172010005152,42.31508613368271,-89.01106329476156,,2.4912491048291963,
172010038101,42.32916366266201,-88.99069241046124,,1.8604373358327089,
172010005163,42.30791579555819,-89.00534623215219,,1.631268534083588,
171118701051,42.45360578229658,-88.20808841342661,,23.185962537711905,
171118715012,42.15935229515712,-88.46347442488715,,3.629649376608244,
171118715011,42.1759353942577,-88.53727895590082,,89.00590527199766,
171118708094,42.30885403587007,-88.27220387560706,,9.619392444713982,
171118711152,42.15782545510865,-88.40474266057207,,2.3342612570884773,
171118704042,42.34613539689517,-88.3746778309185,,25.554465498140573,
171118711132,42.22053806225065,-88.40995857623675,,16.015337039956574,
171118711123,42.211919200370296,-88.38100769390074,,8.10567387789799,
171118701042,42.44241338887987,-88.30195402109862,,60.19426462324687,
171118710044,42.22993148468977,-88.58234276149652,,19.835479411135694,
171118711054,42.21079382137924,-88.35951492056215,,2.02146732044975,
171118704032,42.3691554009732,-88.38217823787443,,13.04075856192497,
171118715022,42.31206122174997,-88.53276318298539,,59.86970862876697,
171118715023,42.26998409141422,-88.52210569027218,,99.4573872352343,
171118711113,42.16558778606697,-88.38794070805581,,3.758984741039688,
171118713131,42.21523777592728,-88.29533958375114,,15.565901246733313,
171118704031,42.39230240002761,-88.42050406568434,,82.14490432479602,
171118701041,42.47918060431059,-88.30710830926208,,28.109199010791166,
171118709071,42.306098478127055,-88.3879514948096,,38.73740705044449,
171118710043,42.22867137835446,-88.60548379550676,,5.15915741101421,
171118715021,42.22964810244816,-88.53852893812476,,39.729182884126324,
171118715024,42.20615944562508,-88.46538829992846,,91.56800834437966,
171118701062,42.45968994047463,-88.22994023774646,,17.15159996092726,
171118708141,42.31112867865739,-88.33191523738326,,27.412832970855412,
171118701052,42.430285188936566,-88.24730722918667,,28.35339047380249,
171118705012,42.37753992476028,-88.32420468248003,,28.236572054213724,
171118701032,42.480143451139966,-88.44037520049163,,31.349578313166347,
171118701031,42.4496357140991,-88.39692487808004,,150.40005319178493,
171118713123,42.19977306579929,-88.27558933707091,,6.601325688905481,
171118715013,42.1616040362687,-88.44240365737829,,6.165943631622085,
171118705025,42.40244126710932,-88.35106241256524,,3.7213936441552913,
171118705023,42.393565677950676,-88.34402746745728,,2.226523331021933,
171118707034,42.40492728715765,-88.23512884804673,,8.908309257711089,
171118708093,42.27349825340441,-88.27389352661801,,16.348936862213318,
171118707032,42.40098086738311,-88.28354385079378,,37.69026657632712,
171118704023,42.33268441921489,-88.42899817151716,,4.382169049574367,
171118712064,42.168253767704215,-88.342558080563,,5.669085265626539,
171118709072,42.30435530040853,-88.40691704714962,,7.949218325608808,
171118708142,42.2790174123618,-88.33839294375076,,14.001497748668303,
171118709063,42.26732031689741,-88.41888460486979,,23.12203812095155,
171118711121,42.2250728415996,-88.38172742071099,,7.271208192973189,
171118711151,42.160587318808815,-88.4213893913584,,3.9326862668495037,
171118711141,42.17158766240857,-88.419799079556,,1.9180615768488882,
171118711051,42.23402091613278,-88.36141511755665,,2.8914642661122683,
171118711093,42.18739598814325,-88.3982462718362,,1.5537602568641382,
171118705011,42.34273597605584,-88.33451079027829,,20.04839312028539,
171118706054,42.34361161095187,-88.2986402442161,,5.710741111826095,
171118708132,42.30673355612071,-88.28878106182977,,10.85095134092746,
171118708133,42.27427125545457,-88.30770576990864,,11.415195127819128,
171118705021,42.36536795302179,-88.35055095030536,,2.939076489071397,
171118711073,42.16117037061506,-88.361781744788,,3.521779064657248,
171118711143,42.169407216261874,-88.40759276844412,,1.9733214463432873,
171118711142,42.170604773031755,-88.3980794500541,,3.959069173338199,
171118711131,42.2013350399716,-88.39031680674694,,1.5724955875001996,
171118701061,42.483150720358786,-88.2304574976704,,8.081229319442985,
171118711111,42.17928496964707,-88.38851416040028,,1.1711588986344452,
171118701043,42.47618456886822,-88.2579985861058,,19.70985492707042,
171118705024,42.40721510997235,-88.34131711867077,,1.9708662720391303,
171118704041,42.35132529282675,-88.43095700660214,,42.42696520565442,
171118709062,42.268925235824014,-88.45283731328942,,36.855842074534124,
171118711083,42.19730394971207,-88.37865725674777,,2.571867597452977,
171118709061,42.26316695705064,-88.37848121598248,,38.37289568795696,
171118713122,42.20922832956869,-88.26162103448887,,1.5027342514969342,
171118712063,42.15793875696045,-88.34012025876827,,3.5361108278497317,
171118704022,42.33733173694324,-88.44010809122628,,0.9396661076003849,
171118711122,42.235756092730185,-88.38533875297692,,4.031829806242059,
171118709053,42.306114787744605,-88.44403672617781,,2.169614402353924,
171118705022,42.38092317137525,-88.34963037276073,,2.403475704687415,
171118711091,42.19465604855088,-88.39286323358087,,2.195982951166005,
171118711101,42.17906386187681,-88.41446858308453,,2.7717488600309244,
171118711052,42.238064781217,-88.37062553944837,,0.5905663453288491,
171118711082,42.194401987920536,-88.37360421760312,,1.380155976872859,
171118708131,42.30423565753162,-88.305291415707,,11.418363485173415,
171118706053,42.33403793027564,-88.28537321560728,,1.9973562650268628,
171118706052,42.33296938705554,-88.29721997542441,,2.0843355946376247,
171118713121,42.21423552868375,-88.26710833896297,,3.0861667250178293,
171118712093,42.20043045971134,-88.32342722848885,,8.63628742118096,
171118711102,42.19255827190319,-88.41355606979752,,6.06843879548156,
171118708073,42.256173869189986,-88.32727690191858,,3.099423560197142,
171118713054,42.234895017578594,-88.22938881527921,,5.224702341697616,
171118711112,42.171477874226724,-88.37518873576077,,8.544268496229034,
171118713102,42.15790588723475,-88.28662262057058,,2.0715028166857605,
171118712092,42.20065971233757,-88.33987094423232,,1.2336305089025676,
170070106033,42.36957375161523,-88.81783832471211,,24.331869479965047,
170070106034,42.37870569064678,-88.90218619419427,,98.64740267943482,
170070105021,42.30622617313543,-88.84938766612082,,33.613349651557826,
170070105023,42.29668082255236,-88.76206506295729,,125.21970644826197,
170070105022,42.274283416416054,-88.86910850129233,,50.74193856701573,
170070101021,42.26793584984261,-88.87075798723568,,5.326908964486386,
170070101011,42.2706349119143,-88.83814359805903,,7.283888681310009,
170070105012,42.29160957934412,-88.90768022138793,,22.868600122891177,
170070106042,42.36062817938752,-88.86244605448952,,6.583844605751139,
170070106032,42.335194483534764,-88.88434123502049,,17.345953569279054,
170070106043,42.35101923550221,-88.87576603637275,,5.204059384549588,
170070101023,42.25794515601955,-88.85006580863346,,1.3068100914893088,
170070105011,42.31498094348553,-88.90992818508543,,22.476222714175996,
170070106041,42.34635426755992,-88.85775763998157,,1.9690580389850425,
170070106031,42.36313486428046,-88.8357309999251,,7.889172663032139,
170070101012,42.2664462511432,-88.8559941358918,,1.7951776232737977,
170070101022,42.261232750390235,-88.85338394193639,,1.411910918400375,
171150029012,39.929198835756395,-88.99999035695258,,66.18517593430187,
171150029062,39.884778805858666,-88.92690538695034,,4.452721371847214,
171150029051,39.90043436626305,-88.93241062153292,,8.093435990834074,
171150023002,39.83166435369118,-88.80638582890725,,107.75061456883394,
171150029044,39.88614020114749,-88.97844359837444,,1.4781524123538223,
171150029063,39.88826184150352,-88.94155012248547,,1.1461523242060458,
171150029022,39.8953962973917,-88.95223405135978,,1.185084014515904,
171150029043,39.88225538101593,-88.97152966735682,,2.9569588251902448,
171150029061,39.88098340309897,-88.9413433348672,,1.271213130602906,
171150020011,39.872783501469904,-88.96843052856525,,1.0109951511319926,
171150020012,39.87262839446153,-88.95675778911294,,1.714468336197073,
171150020022,39.8659754073226,-88.95708828413404,,1.2165746480737518,
171150029024,39.90508511748031,-88.96756195914877,,1.1820897118082236,
171150020023,39.86192333989739,-88.95813852993497,,0.5473690923348911,
171150020024,39.85946516897413,-88.95876085528344,,0.3605798658320215,
171150020021,39.85661181234744,-88.95799610420832,,0.6733309761309114,
171150005021,39.84429518547661,-88.9624603554989,,0.6254750650295247,
171150005023,39.83908682880807,-88.96907739067655,,0.37871857206913945,
171150005022,39.841622906474775,-88.9692638146851,,0.3464783346172729,
171150005024,39.84132102281729,-88.96152043412468,,0.2933735418045371,
171150005011,39.83493607358722,-88.9589975507187,,1.1366990280938167,
171150031003,39.85218154998071,-88.94875185525657,,0.6197530140630527,
171150024012,39.8409084222796,-88.8897937555193,,5.333277449285042,
170759509001,40.530477943979086,-87.63832823394618,,315.5650671681883,
171978805081,41.63184200487033,-88.1143462207941,,4.766977515201741,
171978801094,41.721878751584896,-88.06025251832031,,1.9375033702970423,
171978803161,41.687512190970075,-88.17597804263626,,4.155224812224905,
171978803162,41.70387486827747,-88.15861583787412,,3.952308318463955,
171978803143,41.64273255510068,-88.24619669122515,,2.4836433997764047,
171978832191,41.53975063734247,-88.20870775297973,,2.389776573417889,
171978804221,41.601625343365704,-88.20831143727004,,3.6113667114042243,
171978804311,41.572870294970016,-88.24241957432862,,1.411656419591986,
171978841013,41.61291409099616,-88.09223008170464,,36.65317200150567,
171978804313,41.56758931341303,-88.24957936489301,,1.294951647164798,
171978803151,41.68737515321509,-88.15544884429812,,3.55481981411304,
171978801252,41.678889846889554,-88.13772432241947,,2.0070823560779893,
171978810092,41.59076293753793,-88.01654097381932,,4.578032311335291,
171978803262,41.705422453219484,-88.24189016747066,,2.1143744461207006,
171978832122,41.49660536469755,-88.20751971472625,,6.619398817203838,
171978801251,41.671404458074946,-88.14041265622797,,1.3805986430008335,
171978818002,41.53992621418169,-88.08804452072087,,0.5887192327381383,
171978841012,41.599192296271546,-88.1366070111006,,1.90034357120508,
171978804262,41.612769673226154,-88.14896594544656,,1.136690460942572,
171978835145,41.53782378341314,-87.82529703667777,,2.242115824385499,
171978805102,41.61437559060322,-88.12738939227728,,1.3589692241841198,
171978804261,41.620044063342114,-88.14925048578972,,1.19859688530882,
171978803192,41.67059812550315,-88.21342144856432,,2.9210583797682044,
171978835144,41.53916823926816,-87.7990231264576,,1.9992243506435063,
171978838061,41.45501935716596,-87.55649014671386,,22.013970846155008,
171978804251,41.61990754329718,-88.15883021107123,,1.1581379598643051,
171950005002,41.86550475671671,-90.15960712348623,,1.4277583927673463,
171950012003,41.79173772220961,-89.68569459045098,,0.7572714371410396,
171978811123,41.49094300222511,-87.97171456972791,,6.1686884361074785,
171978805101,41.620474329315435,-88.12954809275125,,0.953097249820451,
171978835194,41.550404492978785,-87.87919389052264,,4.144512274545933,
171978832192,41.53131591052433,-88.23669963436856,,13.283211076242278,
171978803241,41.71971480307276,-88.2496541008557,,1.644393587044497,
171978804293,41.569559567088326,-88.2114378394505,,2.9748428104651246,
171978804301,41.56650705334258,-88.23025223782183,,2.2909779560754022,
171978804302,41.555683119897836,-88.2337220187109,,1.7273609773507865,
171978832142,41.53085464240514,-88.19170353381818,,4.154623330950589,
171978824002,41.52016042115512,-88.05833768087014,,3.5726164012632786,
171978803231,41.705865946575095,-88.22043226920134,,3.540853464630097,
171978832172,41.547083561178034,-88.20473353498015,,1.075983662735286,
171978835193,41.54150196823028,-87.8858463522361,,1.6919902199564443,
171978832171,41.54679241514705,-88.21408862547955,,1.15767771544796,
171978803222,41.69862051391192,-88.21151379515572,,1.4494247988950923,
171978804271,41.576927523835835,-88.16019570566762,,6.8453437727303585,
171978804292,41.560775775373834,-88.2213661488384,,1.9448903112563916,
171978835164,41.49113509286669,-87.89759066507497,,4.6127649913940685,
171978801241,41.673120676029505,-88.11680524041263,,8.455344079146064,
171978820002,41.52449270163085,-88.08031387013443,,2.622515254158965,
171978811083,41.54351001778726,-87.98728635326586,,14.580536239919825,
171978835093,41.40271828815724,-87.9592554450661,,77.08424946560358,
171978803252,41.702182064004226,-88.25407726252365,,2.0414080079859476,
171978803232,41.717300381545044,-88.22079094932042,,7.5563718719779045,
171978803202,41.644296025217336,-88.20811453383998,,2.3343442106525125,
171978803251,41.71024920670908,-88.25765872559481,,1.3003100076443264,
171978803223,41.692620071685475,-88.22789991876955,,4.4972154315071435,
171978803193,41.67740734685181,-88.22025876881642,,2.8263905271896994,
171978803211,41.658751265287,-88.22314523787855,,4.639444796069756,
171978803181,41.66637509986197,-88.18816346212954,,12.54206249964655,
171978801231,41.70912472617917,-88.1010548582436,,2.4563503950164742,
171978801093,41.71513162629753,-88.06528482231661,,0.7677532614431571,
171978833042,41.33698602392363,-87.95909842937041,,166.52367418287943,
171978803182,41.676884923889176,-88.1990512455574,,1.468820513460292,
171978804242,41.61794059562591,-88.24420772779064,,18.65194258186362,
171978804241,41.614925014220155,-88.22886695429733,,3.481462413970263,
171978804231,41.6234150857995,-88.21279326608042,,8.56076521872044,
171978803172,41.64415285910788,-88.1860198074157,,8.104797373193918,
171978801253,41.66216342137224,-88.13487603565945,,7.410810103137661,
171978810102,41.58978067196119,-87.99113217083563,,8.125418364533546,
171978810073,41.583761148916004,-87.9464435813335,,18.174376282689554,
171978832182,41.54663160953063,-88.23098943104611,,2.9042366146190153,
171978804214,41.58817925679815,-88.20951610199134,,3.361188575543883,
171978803171,41.66006747558213,-88.15989505003715,,19.76298267937574,
171978804281,41.58967643105777,-88.15106117320127,,1.6099237315283514,
171978832181,41.54559403925202,-88.24949261797005,,1.781387356531511,
171978804211,41.58326751261264,-88.19470913469941,,4.035857674280777,
171978804212,41.58869320942315,-88.18730523600289,,1.3877314590173664,
171978804263,41.60203235779059,-88.14854149689133,,2.3106433501875974,
171978810094,41.572572076209376,-88.02050092997304,,1.2503942889659057,
171978804283,41.5913459354367,-88.15893903876199,,1.0232331940876045,
171978801232,41.70581250664857,-88.12900426765681,,4.743187473310075,
171978801221,41.68564802668005,-88.13489838636399,,2.134429114053741,
171978801222,41.69543001092787,-88.12913234961755,,3.0231753458278323,
171978841032,41.579889328692076,-88.08959600663871,,16.97573629830307,
171978810093,41.577631192866114,-88.0144050093497,,3.3305791183636515,
171978801242,41.681575890557994,-88.09937514699192,,7.483364245086396,
171978805111,41.61974101211551,-88.13919555747236,,1.5152089715233839,
171978832173,41.5474972788269,-88.19560170162782,,0.9044569480681829,
171978803144,41.64641086934155,-88.23605749159255,,2.3119203741674723,
171978804252,41.605329981125,-88.15837066210158,,3.5030129840638824,
171978804322,41.557395676642535,-88.24434185294135,,2.75820498541562,
171978805082,41.63017899636965,-88.09741406264713,,2.765213477212544,
171978809014,41.57964274347965,-88.13050985240616,,6.656296018193203,
171978822001,41.53611457967022,-88.0456723471914,,3.535543596671177,
171978805092,41.63630511718138,-88.0962023723951,,0.7571091033059467,
171978805093,41.63758541309338,-88.0862770076722,,0.931024693820522,
171978805091,41.63115073880756,-88.08555009969658,,1.4886256659049861,
171978804282,41.58455644714341,-88.14780736486952,,1.3336040262716975,
171978804291,41.554252340278005,-88.22441426702264,,1.043311518746456,
171978832123,41.499534684475215,-88.2243618545495,,3.452851314186605,
171978804312,41.57467632806629,-88.25142238324483,,1.3502214673563309,
171978803243,41.71981137839997,-88.24020475280638,,1.5556087251773432,
171978804321,41.55733619915994,-88.25288309703751,,1.3383923660244548,
171978803201,41.645084513023626,-88.2192628440772,,2.8762906047985966,
171978801223,41.69222244961697,-88.1420764463079,,1.846970958499289,
171978803152,41.696465353501054,-88.15542544082534,,1.860049555920578,
171978835143,41.534771046302055,-87.81756542980611,,2.4634149111198136,
171978805112,41.612674420330755,-88.1380059914077,,1.1824980566698027,
171978809013,41.58841449343467,-88.13601765965987,,2.264543261095711,
171978838082,41.419497431227306,-87.56674876083378,,19.525922168703254,
171978835163,41.49215219580827,-87.87757382453584,,4.799544440079216,
171978803242,41.720348636386156,-88.25774100065175,,0.949160679918332,
171978804222,41.60176409126036,-88.22634323437035,,5.6549043401992645,
171978803261,41.71229035247983,-88.245356593199,,1.5004626360807443,
171978803221,41.68779665497062,-88.21469789031526,,4.667105398094426,
171978803191,41.669906883435814,-88.22901297480682,,1.3638480641622386,
171978803212,41.65881507739086,-88.20863251594466,,2.3327330770758135,
170999617014,41.59977606652786,-88.66994143053961,,19.12075395835388,
170999617013,41.60945372244048,-88.6255449563717,,34.898088279727446,
170999638002,41.12851737928579,-88.82852497166986,,0.5485925017738552,
171379519005,39.736794120971524,-90.28429178682008,,9.92696414655021,
171379519001,39.742751441924355,-90.26737320605541,,2.9545112234711186,
171379519003,39.72623687746548,-90.26134171934353,,2.294317423251139,
170539616001,40.75546918877976,-88.18250700863567,,8.983437194396727,
171179570002,39.08324076633519,-89.78128847301457,,28.098082076664795,
170630001034,41.39397670596901,-88.34374528727838,,71.10815766618117,
170630001023,41.44056028251527,-88.32228733449836,,61.06921856834942,
170630001033,41.424227066763265,-88.26096997103157,,3.4039771233862792,
170630001022,41.43765970173006,-88.26739370608405,,8.931902172048948,
170190008001,40.141963894593104,-88.24848132183713,,4.371953264645027,
170190106042,40.10528155878077,-88.40619628528006,,182.8080551788777,
170619738001,39.2254093992114,-90.5051442566921,,369.3286732908496,
170619736002,39.252102339179224,-90.27661117928662,,271.2547573682893,
170312909001,41.86431249731049,-87.72756067703091,1075.0,0.2972103032567086,3616.9674746150818
171419612003,41.922238378743955,-89.07378529889242,,0.9195806815250636,
171419612004,41.95600606187182,-89.07026709838412,,2.7057417165262914,
171419614001,42.02169498880449,-89.33754499965065,,2.109407506950398,
171419614002,42.011448463751584,-89.34359669578384,,3.301209678321223,
171419614003,42.013117416006786,-89.33104673218821,,1.3283081010026137,
170312909002,41.86066077193064,-87.72745183558378,1003.0,0.2971368907968071,3375.5485470361455
170312909003,41.86057231290089,-87.73356674736443,1170.0,0.4462661274641415,2621.753989370417
170312909004,41.86343350205324,-87.73568759009895,1282.0,0.7573376580681377,1692.7720236046396
170318387002,41.8607151539201,-87.72257925304359,1089.0,0.2955412139687641,3684.7652663262625
170313102001,41.85605464899893,-87.64328365260464,674.0,0.34949910388961924,1928.474186339735
170313102002,41.856700493712935,-87.64562272721604,662.0,0.22879141068100228,2893.465266154632
170314005002,41.78905387976374,-87.62280612239093,1082.0,0.24580055095337158,4401.942940336434
170314804006,41.73062982030899,-87.57871013327794,819.0,0.4115256909896798,1990.1552149280974
170314804007,41.73246577605192,-87.57881216154405,881.0,0.417764211911069,2108.8450730852496
170313201012,41.882910045481694,-87.61743773845053,,0.3777495319755625,
170313201011,41.88637887238943,-87.61889514409005,,0.21906179747017313,
170310102014,42.01728368065815,-87.67906866499166,,0.21990638176460003,
170310608004,41.95303011466954,-87.64690800566244,,0.08168202269412372,
170318087023,42.05708895317826,-87.66964683774508,,2.084409704180062,
170310609006,41.94919302693701,-87.64505578680141,,0.07636833347549332,
170310102013,42.01773949745117,-87.6826021130361,1133.0,0.22643477971221554,5003.648297491985
170310609004,41.949024322879445,-87.64725156645729,3503.0,0.029525305298664112,118643.98909902196
170318299041,41.55060331759554,-87.78107990240042,,6.520296362321993,
170318023002,42.091226324129785,-87.8277912049307,,6.162316220404811,
170318043162,42.0258636549887,-88.21042270374032,,2.5142105760484217,
170318042043,42.09587618295205,-88.21116788504308,,55.06702334230035,
170318241134,41.640490738959805,-87.90224799577335,,2.3117129441919406,
170318045141,41.998830881417895,-88.23119842243156,,5.453638056219496,
170313301031,41.8579798806001,-87.62558724044237,,0.2687382887020987,
170313806003,41.82013074085235,-87.62393307382185,,0.5826374972253877,
170313301023,41.86217506851745,-87.62490699284643,,0.27120504724152084,
170313301011,41.85913999705224,-87.6122353939152,,4.768058808795717,
170313806002,41.81840190264392,-87.61902054811063,,0.2921035147955298,
170314608002,41.736459899031196,-87.55210826678024,,0.2090958492333274,
170312801003,41.8861830525571,-87.64618930829847,,0.2687381135933075,
170318060051,42.04521248559776,-87.85017526532371,,0.5739509186623417,
170318060064,42.04919142687935,-87.84768568908781,,0.33940740102048506,
170318042032,42.099496868570576,-88.15768564669465,,13.185589350827726,
170318025055,42.12726266967276,-87.90237510086759,,0.7409863069337828,
170318060061,42.05290193562397,-87.84860275752216,,0.3198730917827929,
170318036142,42.136627526670324,-88.01375198856914,,0.8384645158071595,
170318036161,42.131138715152446,-88.055882361406,,3.7381076474932446,
170318094022,42.0477258291252,-87.67847668828281,,0.15958840785583475,
170318285083,41.53897370420179,-87.55301950469884,,1.26714535520013,
170318285072,41.5359581108917,-87.53719982702115,,6.173786515300649,
170318300012,41.4953950992425,-87.78063915265008,,2.3101034671169747,
170318300044,41.516963068306794,-87.74142088627549,,6.4873122303709545,
170318245054,41.60463400741481,-87.76210159258669,,0.7381259467961455,
170318245051,41.606261652788845,-87.77668853952669,,2.1295643703743905,
170318241262,41.569133591674515,-87.82723878052795,,3.458786087955617,
170318245081,41.61706117018544,-87.78932672282143,,5.15620429397311,
170318245091,41.62131434140416,-87.75877315660252,,0.5136966438542145,
170318025056,42.10746410796746,-87.8928714296356,,0.5148325419868123,
170314805001,41.729002016639654,-87.56334993536798,1110.0,0.4434930654722229,2502.8576237558377
171194019054,38.75969587882514,-90.09360551533611,,4.130426454844768,
171194028041,38.9663111487867,-89.99985250904716,,90.27263202699076,
171194019052,38.774777221655114,-90.06281477097839,,44.45846025128196,
171194028054,38.9108529482208,-90.01362825837447,,12.633578434541501,
171194028051,38.93942612011161,-89.97450305017713,,50.1972702251671,
171194028053,38.90887298082724,-89.96332501772845,,26.41688649507485,
171194028052,38.94121729141813,-89.93030091091858,,4.32778439363367,
171194031013,38.76554207442785,-90.00660362660825,,12.472063631695645,
171194034032,38.66703753289315,-90.02552616150994,,5.739166362359736,
171194019053,38.81734150377642,-90.04998364990827,,9.88391249738552,
170318241272,41.577470012387494,-87.84367719012944,,2.955737574678557,
170318241261,41.565113704147535,-87.8368361206118,,2.3902545907401644,
170318241271,41.564815428063234,-87.84708858662255,,2.534870880247243,
170318285081,41.51691882795585,-87.54799611893318,,7.362869870943854,
170318285082,41.518072421158905,-87.53373268854885,,3.153179529265681,
170318245093,41.61922084089011,-87.7725242618027,,4.144452063646475,
170318245092,41.61336337121001,-87.77834448650981,,0.5684761501695426,
170318245082,41.613411421860675,-87.79986105725598,,1.3223674397980112,
170318241252,41.588161172144034,-87.83594705108558,,1.9095573701827906,
170318241241,41.59310529724882,-87.8484524615545,,1.7915783118608473,
170318241251,41.582919301376506,-87.84079951756274,,1.4757589797141264,
170318241292,41.59371492759266,-87.87191374021671,,9.34203425081343,
170318241282,41.57557605498496,-87.86649871264379,,10.51826024926686,
170290002002,39.52650254743648,-88.42047393982082,,144.91102983308775,
170290002003,39.43816116942288,-88.4282460946334,,75.85255473318533,
170290003002,39.49663479056116,-88.387050031559,,4.870338314085726,
170290003003,39.487638647697494,-88.38835855516294,,0.6104968842933155,
170290003004,39.49486163862008,-88.40523959701119,,6.050296883252179,
170290003005,39.48134607120333,-88.40766585587262,,2.8516038462139854,
170312608002,41.87527599191244,-87.72300695741258,1273.0,0.3004244037843142,4237.338857844365
170312609001,41.87086793166949,-87.7217891419996,914.0,0.23092731628818117,3957.955319843547
170312609002,41.871236373121896,-87.72412252360257,566.0,0.18091293910312936,3128.5766667985636
170312610002,41.87089694637127,-87.72844498278542,1298.0,0.41443917784957984,3131.943284742031
171419614004,42.00500113284579,-89.33139380876052,,1.845864265551251,
171194011011,38.8688113701702,-90.10333251414072,,1.1022523938372448,
171978803033,41.71485570185399,-88.1706568442132,,1.0108677415749523,
171194028042,38.96931343753504,-90.053618196454,,44.12749108604184,
171194027215,38.9422059779525,-90.2018338039629,,3.8976406841325115,
171194027211,38.92951706987568,-90.19835512571521,,2.8187753032238714,
171194011023,38.86313239766199,-90.07808668296303,,0.6212802657483032,
171194011012,38.86643772057349,-90.10022091225123,,1.0306861435772077,
171194011013,38.86596688617412,-90.0946607741887,,1.0123696791004182,
171194013001,38.88203606926124,-90.09857438840865,,1.032907551142657,
171194011021,38.8722828158761,-90.08845348080523,,1.4615299394651355,
171194011022,38.86408082146643,-90.0873659843645,,1.1992737155704634,
171194013002,38.881043516092475,-90.10619254359024,,0.6251246113697075,
171194019051,38.8206759415349,-90.07432172485522,,12.993698564285857,
171194029001,38.81394422719797,-89.97180650595439,,4.664616392573901,
171194034042,38.66300940132088,-90.00930363629048,,2.4696280341393275,
171194034031,38.67526518150757,-90.00461683328857,,4.029410663579282,
171194031212,38.77347660302634,-89.97262873277123,,8.826512703765545,
171194030014,38.798026423089944,-89.96886751235509,,2.5146948090604417,
171194030012,38.789685807926936,-89.95591103554443,,2.7869902977155787,
171194031221,38.77154767355473,-89.93619078694701,,5.345674178686522,
171194035316,38.739707717233784,-89.88595107687118,,2.2478745338374693,
171194034041,38.66126958913748,-89.99312835554831,,1.495009218791888,
171194035315,38.73355184087139,-89.88882269054565,,0.9494055416171774,
171419615002,41.987270786350145,-89.58731382026816,,2.9198403663074575,
171419615003,41.97967383588546,-89.58432135037386,,2.345249431085205,
171419615004,41.983069990090776,-89.57336739565756,,2.675363443961466,
171419616001,41.91414758441163,-89.05490762601941,,1.8473616586839043,
171419617001,42.096473661405156,-89.2802768418646,,53.00761212767196,
171978803041,41.71392548103451,-88.16119046535789,,1.3449172599247365,
171978803141,41.67227038161013,-88.2474521698984,,22.96243054943366,
171978832121,41.48074902661384,-88.2293209131437,,29.849166062376582,
171978833051,41.44809703905216,-88.21477480027474,,9.604528318222291,
170312912002,41.86264779934977,-87.71409365625608,1074.0,0.29685400638547127,3617.9400543625748
170318431001,41.86278624634906,-87.70067227187158,1230.0,1.1928265247890208,1031.1641923099876
